{
    "reconstructed_featural": {
        "eval_loss": 1.2128193378448486,
        "eval_model_preparation_time": 0.0306,
        "eval_precision": 0.2682926829268293,
        "eval_recall": 0.5092592592592593,
        "eval_f1": 0.3514376996805112,
        "eval_accuracy": 0.7208092485549132,
        "eval_runtime": 0.5193,
        "eval_samples_per_second": 192.556,
        "eval_steps_per_second": 25.032
    }
}
