{
    "reconstructed_featural": {
        "eval_loss": 0.3451104462146759,
        "eval_model_preparation_time": 0.0273,
        "eval_precision": 0.6666666666666666,
        "eval_recall": 0.7935440484196369,
        "eval_f1": 0.724593183911575,
        "eval_accuracy": 0.9041141897565071,
        "eval_runtime": 2.8927,
        "eval_samples_per_second": 345.698,
        "eval_steps_per_second": 43.212
    }
}