{
    "reconstructed_featural": {
        "eval_loss": 0.5550464391708374,
        "eval_model_preparation_time": 0.0268,
        "eval_precision": 0.5419847328244275,
        "eval_recall": 0.6698113207547169,
        "eval_f1": 0.59915611814346,
        "eval_accuracy": 0.8369266954135633,
        "eval_runtime": 0.3442,
        "eval_samples_per_second": 290.487,
        "eval_steps_per_second": 37.763
    }
}