{
    "reconstructed_featural": {
        "eval_loss": 1.2208572626113892,
        "eval_model_preparation_time": 0.0276,
        "eval_precision": 0.3221476510067114,
        "eval_recall": 0.43243243243243246,
        "eval_f1": 0.3692307692307692,
        "eval_accuracy": 0.6751849361129791,
        "eval_runtime": 0.3198,
        "eval_samples_per_second": 312.74,
        "eval_steps_per_second": 40.656
    }
}
