{
    "reconstructed_featural": {
        "eval_loss": 1.2202649116516113,
        "eval_model_preparation_time": 0.029,
        "eval_precision": 0.32432432432432434,
        "eval_recall": 0.43243243243243246,
        "eval_f1": 0.3706563706563707,
        "eval_accuracy": 0.6765299260255548,
        "eval_runtime": 0.3342,
        "eval_samples_per_second": 299.227,
        "eval_steps_per_second": 38.9
    }
}