{
    "reconstructed_featural": {
        "eval_loss": 0.5172009468078613,
        "eval_model_preparation_time": 0.0336,
        "eval_precision": 0.6816,
        "eval_recall": 0.7752502274795269,
        "eval_f1": 0.7254150702426564,
        "eval_accuracy": 0.8567338398854751,
        "eval_runtime": 3.2143,
        "eval_samples_per_second": 311.106,
        "eval_steps_per_second": 38.888
    },
    "reconstructed_syntactic": {
        "eval_loss": 0.5123505592346191,
        "eval_model_preparation_time": 0.0329,
        "eval_precision": 0.6801909307875895,
        "eval_recall": 0.7779799818016379,
        "eval_f1": 0.7258064516129034,
        "eval_accuracy": 0.8594868406563154,
        "eval_runtime": 3.322,
        "eval_samples_per_second": 301.024,
        "eval_steps_per_second": 37.628
    },
    "reconstructed_morphological": {
        "eval_loss": 0.5123505592346191,
        "eval_model_preparation_time": 0.0332,
        "eval_precision": 0.6801909307875895,
        "eval_recall": 0.7779799818016379,
        "eval_f1": 0.7258064516129034,
        "eval_accuracy": 0.8594868406563154,
        "eval_runtime": 3.378,
        "eval_samples_per_second": 296.036,
        "eval_steps_per_second": 37.005
    }
}