{
    "reconstructed_featural": {
        "eval_loss": 3.5214333534240723,
        "eval_model_preparation_time": 0.0282,
        "eval_accuracy": 0.4895470383275261,
        "eval_precision_macro": 0.10809714688876383,
        "eval_recall_macro": 0.12900364535315637,
        "eval_f1_macro": 0.10850713876682795,
        "eval_precision_micro": 0.4895470383275261,
        "eval_recall_micro": 0.4895470383275261,
        "eval_f1_micro": 0.4895470383275261,
        "eval_runtime": 0.4091,
        "eval_samples_per_second": 185.764,
        "eval_steps_per_second": 24.443
    },
    "baseline_en": {
        "eval_loss": 3.8500266075134277,
        "eval_model_preparation_time": 0.0267,
        "eval_accuracy": 0.5174216027874564,
        "eval_precision_macro": 0.1663881927039822,
        "eval_recall_macro": 0.13797449666326894,
        "eval_f1_macro": 0.11769346122287298,
        "eval_precision_micro": 0.5174216027874564,
        "eval_recall_micro": 0.5174216027874564,
        "eval_f1_micro": 0.5174216027874564,
        "eval_runtime": 0.4083,
        "eval_samples_per_second": 186.122,
        "eval_steps_per_second": 24.49
    },
    "baseline_task_adapter": {
        "eval_loss": 3.349979877471924,
        "eval_model_preparation_time": 0.0267,
        "eval_accuracy": 0.4686411149825784,
        "eval_precision_macro": 0.11793348355384936,
        "eval_recall_macro": 0.12732925920748775,
        "eval_f1_macro": 0.10732151942443678,
        "eval_precision_micro": 0.4686411149825784,
        "eval_recall_micro": 0.4686411149825784,
        "eval_f1_micro": 0.4686411149825784,
        "eval_runtime": 0.3722,
        "eval_samples_per_second": 204.21,
        "eval_steps_per_second": 26.87
    },
    "baseline_avg_adapter": {
        "eval_loss": 3.5018036365509033,
        "eval_model_preparation_time": 0.0301,
        "eval_accuracy": 0.4930313588850174,
        "eval_precision_macro": 0.09438997821350763,
        "eval_recall_macro": 0.13425584903013085,
        "eval_f1_macro": 0.1076010305215503,
        "eval_precision_micro": 0.4930313588850174,
        "eval_recall_micro": 0.4930313588850174,
        "eval_f1_micro": 0.4930313588850174,
        "eval_runtime": 0.4103,
        "eval_samples_per_second": 185.24,
        "eval_steps_per_second": 24.374
    },
    "baseline_closest_featural": {
        "eval_loss": 3.5224545001983643,
        "eval_model_preparation_time": 0.0289,
        "eval_accuracy": 0.49477351916376305,
        "eval_precision_macro": 0.13776568531139177,
        "eval_recall_macro": 0.12954222887456854,
        "eval_f1_macro": 0.11247091058917018,
        "eval_precision_micro": 0.49477351916376305,
        "eval_recall_micro": 0.49477351916376305,
        "eval_f1_micro": 0.49477351916376305,
        "eval_runtime": 0.409,
        "eval_samples_per_second": 185.824,
        "eval_steps_per_second": 24.451
    },
    "no_train_gain": {
        "eval_loss": 3.3804709911346436,
        "eval_model_preparation_time": 0.0279,
        "eval_accuracy": 0.4808362369337979,
        "eval_precision_macro": 0.10510214486410897,
        "eval_recall_macro": 0.12622434496987858,
        "eval_f1_macro": 0.10698009912307567,
        "eval_precision_micro": 0.4808362369337979,
        "eval_recall_micro": 0.4808362369337979,
        "eval_f1_micro": 0.4808362369337979,
        "eval_runtime": 0.4093,
        "eval_samples_per_second": 185.679,
        "eval_steps_per_second": 24.431
    }
}