{
    "reconstructed_syntactic": {
        "eval_loss": 3.514657974243164,
        "eval_model_preparation_time": 0.0276,
        "eval_accuracy": 0.4895470383275261,
        "eval_precision_macro": 0.10801870304831965,
        "eval_recall_macro": 0.12900364535315637,
        "eval_f1_macro": 0.10843843563624012,
        "eval_precision_micro": 0.4895470383275261,
        "eval_recall_micro": 0.4895470383275261,
        "eval_f1_micro": 0.4895470383275261,
        "eval_runtime": 0.4035,
        "eval_samples_per_second": 188.343,
        "eval_steps_per_second": 24.782
    },
    "reconstructed_morphological": {
        "eval_loss": 3.5295250415802,
        "eval_model_preparation_time": 0.0285,
        "eval_accuracy": 0.4895470383275261,
        "eval_precision_macro": 0.10805606778484605,
        "eval_recall_macro": 0.12900364535315637,
        "eval_f1_macro": 0.10844443856098689,
        "eval_precision_micro": 0.4895470383275261,
        "eval_recall_micro": 0.4895470383275261,
        "eval_f1_micro": 0.4895470383275261,
        "eval_runtime": 0.4041,
        "eval_samples_per_second": 188.089,
        "eval_steps_per_second": 24.748
    }
}
