{
    "reconstructed_featural": {
        "eval_loss": 5.454232692718506,
        "eval_model_preparation_time": 0.0278,
        "eval_accuracy": 0.20987654320987653,
        "eval_precision_macro": 0.05078078078078078,
        "eval_recall_macro": 0.059961685823754794,
        "eval_f1_macro": 0.05321036451471233,
        "eval_precision_micro": 0.20987654320987653,
        "eval_recall_micro": 0.20987654320987653,
        "eval_f1_micro": 0.20987654320987653,
        "eval_runtime": 0.093,
        "eval_samples_per_second": 257.971,
        "eval_steps_per_second": 32.246
    },
    "reconstructed_syntactic": {
        "eval_loss": 5.156619548797607,
        "eval_model_preparation_time": 0.0286,
        "eval_accuracy": 0.18518518518518517,
        "eval_precision_macro": 0.06784313725490196,
        "eval_recall_macro": 0.06647509578544061,
        "eval_f1_macro": 0.06445197740112994,
        "eval_precision_micro": 0.18518518518518517,
        "eval_recall_micro": 0.18518518518518517,
        "eval_f1_micro": 0.18518518518518517,
        "eval_runtime": 0.0942,
        "eval_samples_per_second": 254.761,
        "eval_steps_per_second": 31.845
    },
    "reconstructed_morphological": {
        "eval_loss": 4.842385292053223,
        "eval_model_preparation_time": 0.028,
        "eval_accuracy": 0.18518518518518517,
        "eval_precision_macro": 0.06802867383512545,
        "eval_recall_macro": 0.06647509578544061,
        "eval_f1_macro": 0.06492753623188406,
        "eval_precision_micro": 0.18518518518518517,
        "eval_recall_micro": 0.18518518518518517,
        "eval_f1_micro": 0.18518518518518517,
        "eval_runtime": 0.0942,
        "eval_samples_per_second": 254.773,
        "eval_steps_per_second": 31.847
    }
}