{
    "reconstructed_featural": {
        "eval_loss": 0.963598906993866,
        "eval_model_preparation_time": 0.0284,
        "eval_precision": 0.32306183906436026,
        "eval_recall": 0.4097166711075584,
        "eval_f1": 0.3612655650403321,
        "eval_accuracy": 0.7121248931479732,
        "eval_runtime": 25.3896,
        "eval_samples_per_second": 393.862,
        "eval_steps_per_second": 49.233
    },
    "baseline_en": {
        "eval_loss": 2.4853944778442383,
        "eval_model_preparation_time": 0.0276,
        "eval_precision": 0.31362935985432133,
        "eval_recall": 0.19886313171684875,
        "eval_f1": 0.2433960213066638,
        "eval_accuracy": 0.5512034912493814,
        "eval_runtime": 25.444,
        "eval_samples_per_second": 393.02,
        "eval_steps_per_second": 49.127
    },
    "baseline_task_adapter": {
        "eval_loss": 1.1972216367721558,
        "eval_model_preparation_time": 0.0273,
        "eval_precision": 0.29985549132947975,
        "eval_recall": 0.3317346123101519,
        "eval_f1": 0.31499051233396586,
        "eval_accuracy": 0.663535339901921,
        "eval_runtime": 21.7298,
        "eval_samples_per_second": 460.198,
        "eval_steps_per_second": 57.525
    },
    "baseline_avg_adapter": {
        "eval_loss": 1.8866435289382935,
        "eval_model_preparation_time": 0.029,
        "eval_precision": 0.3057774089824707,
        "eval_recall": 0.2618349764632738,
        "eval_f1": 0.28210526315789475,
        "eval_accuracy": 0.5824537724389256,
        "eval_runtime": 26.5476,
        "eval_samples_per_second": 376.682,
        "eval_steps_per_second": 47.085
    },
    "baseline_closest_featural": {
        "eval_loss": 1.030918002128601,
        "eval_model_preparation_time": 0.0277,
        "eval_precision": 0.3201720907639997,
        "eval_recall": 0.4098054889421796,
        "eval_f1": 0.3594857810673938,
        "eval_accuracy": 0.7116839879425924,
        "eval_runtime": 26.0293,
        "eval_samples_per_second": 384.183,
        "eval_steps_per_second": 48.023
    },
    "no_train_gain": {
        "eval_loss": 1.1967014074325562,
        "eval_model_preparation_time": 0.0289,
        "eval_precision": 0.30778682230072185,
        "eval_recall": 0.3559818811617373,
        "eval_f1": 0.3301346732012685,
        "eval_accuracy": 0.6679173977594817,
        "eval_runtime": 25.9582,
        "eval_samples_per_second": 385.235,
        "eval_steps_per_second": 48.154
    }
}