{
    "reconstructed_syntactic": {
        "eval_loss": 0.9631783366203308,
        "eval_model_preparation_time": 0.0277,
        "eval_precision": 0.32240246119423854,
        "eval_recall": 0.409539035438316,
        "eval_f1": 0.36078400688548956,
        "eval_accuracy": 0.7122058757367166,
        "eval_runtime": 24.7373,
        "eval_samples_per_second": 404.248,
        "eval_steps_per_second": 50.531
    },
    "reconstructed_morphological": {
        "eval_loss": 0.9636613130569458,
        "eval_model_preparation_time": 0.028,
        "eval_precision": 0.3240137341461706,
        "eval_recall": 0.4106936672883915,
        "eval_f1": 0.36224050137093616,
        "eval_accuracy": 0.7119359337742386,
        "eval_runtime": 24.782,
        "eval_samples_per_second": 403.519,
        "eval_steps_per_second": 50.44
    }
}
