{
    "reconstructed_featural": {
        "eval_loss": 1.2919665575027466,
        "eval_model_preparation_time": 0.0288,
        "eval_accuracy": 0.7985639246301383,
        "eval_precision_macro": 0.5388750786963675,
        "eval_recall_macro": 0.5929904673873195,
        "eval_f1_macro": 0.5482824895942744,
        "eval_precision_micro": 0.7985639246301383,
        "eval_recall_micro": 0.7985639246301383,
        "eval_f1_micro": 0.7985639246301383,
        "eval_runtime": 3.235,
        "eval_samples_per_second": 309.115,
        "eval_steps_per_second": 38.639
    },
    "reconstructed_syntactic": {
        "eval_loss": 1.2918713092803955,
        "eval_model_preparation_time": 0.0278,
        "eval_accuracy": 0.7986603055274445,
        "eval_precision_macro": 0.5389470137882938,
        "eval_recall_macro": 0.5930560724657175,
        "eval_f1_macro": 0.54835377411137,
        "eval_precision_micro": 0.7986603055274445,
        "eval_recall_micro": 0.7986603055274445,
        "eval_f1_micro": 0.7986603055274445,
        "eval_runtime": 3.1557,
        "eval_samples_per_second": 316.886,
        "eval_steps_per_second": 39.611
    },
    "reconstructed_morphological": {
        "eval_loss": 1.318532109260559,
        "eval_model_preparation_time": 0.0296,
        "eval_accuracy": 0.793359356175606,
        "eval_precision_macro": 0.5355246622753453,
        "eval_recall_macro": 0.5875807111317148,
        "eval_f1_macro": 0.54294479785828,
        "eval_precision_micro": 0.793359356175606,
        "eval_recall_micro": 0.793359356175606,
        "eval_f1_micro": 0.793359356175606,
        "eval_runtime": 3.1172,
        "eval_samples_per_second": 320.802,
        "eval_steps_per_second": 40.1
    }
}