{
    "reconstructed_featural": {
        "exact_match": 51.76470588235294,
        "f1": 67.77598680507359
    },
    "reconstructed_morphological": {
        "exact_match": 51.42857142857143,
        "f1": 67.52520288718506
    },
    "reconstructed_syntactic": {
        "exact_match": 51.84873949579832,
        "f1": 67.88873190311281
    }
}
