{
    "reconstructed_featural": {
        "exact_match": 51.09243697478992,
        "f1": 67.44572420070661
    },
    "baseline_en": {
        "exact_match": 47.226890756302524,
        "f1": 64.63741447356786
    },
    "baseline_task_adapter": {
        "exact_match": 50.42016806722689,
        "f1": 66.71746287806357
    },
    "baseline_avg_adapter": {
        "exact_match": 44.705882352941174,
        "f1": 63.39047765596652
    },
    "baseline_closest_featural": {
        "exact_match": 49.66386554621849,
        "f1": 66.75475424658006
    },
    "no_train_gain": {
        "exact_match": 49.49579831932773,
        "f1": 66.57506488111534
    }
}