{
    "reconstructed_featural": {
        "eval_loss": 0.8316593766212463,
        "eval_model_preparation_time": 0.0282,
        "eval_precision": 0.40384615384615385,
        "eval_recall": 0.5478260869565217,
        "eval_f1": 0.46494464944649444,
        "eval_accuracy": 0.7724458204334366,
        "eval_runtime": 0.2987,
        "eval_samples_per_second": 334.78,
        "eval_steps_per_second": 43.521
    }
}