{
    "reconstructed_featural": {
        "eval_loss": 1.2631744146347046,
        "eval_model_preparation_time": 0.0271,
        "eval_precision": 0.40625,
        "eval_recall": 0.46846846846846846,
        "eval_f1": 0.4351464435146444,
        "eval_accuracy": 0.6585365853658537,
        "eval_runtime": 0.2924,
        "eval_samples_per_second": 342.015,
        "eval_steps_per_second": 44.462
    }
}
