{
    "reconstructed_featural": {
        "eval_loss": 1.5828421115875244,
        "eval_model_preparation_time": 0.0287,
        "eval_precision": 0.3252032520325203,
        "eval_recall": 0.38095238095238093,
        "eval_f1": 0.3508771929824561,
        "eval_accuracy": 0.5298701298701298,
        "eval_runtime": 0.2995,
        "eval_samples_per_second": 333.861,
        "eval_steps_per_second": 43.402
    },
    "baseline_en": {
        "eval_loss": 2.235752582550049,
        "eval_model_preparation_time": 0.0273,
        "eval_precision": 0.38392857142857145,
        "eval_recall": 0.4095238095238095,
        "eval_f1": 0.39631336405529954,
        "eval_accuracy": 0.525974025974026,
        "eval_runtime": 0.3073,
        "eval_samples_per_second": 325.381,
        "eval_steps_per_second": 42.3
    },
    "baseline_task_adapter": {
        "eval_loss": 1.2460054159164429,
        "eval_model_preparation_time": 0.028,
        "eval_precision": 0.13194444444444445,
        "eval_recall": 0.18095238095238095,
        "eval_f1": 0.15261044176706828,
        "eval_accuracy": 0.5272727272727272,
        "eval_runtime": 0.2576,
        "eval_samples_per_second": 388.195,
        "eval_steps_per_second": 50.465
    },
    "baseline_avg_adapter": {
        "eval_loss": 1.623563289642334,
        "eval_model_preparation_time": 0.0296,
        "eval_precision": 0.1282051282051282,
        "eval_recall": 0.14285714285714285,
        "eval_f1": 0.13513513513513511,
        "eval_accuracy": 0.4844155844155844,
        "eval_runtime": 0.3251,
        "eval_samples_per_second": 307.558,
        "eval_steps_per_second": 39.982
    },
    "baseline_closest_featural": {
        "eval_loss": 0.9469250440597534,
        "eval_model_preparation_time": 0.0276,
        "eval_precision": 0.35772357723577236,
        "eval_recall": 0.41904761904761906,
        "eval_f1": 0.3859649122807018,
        "eval_accuracy": 0.5662337662337662,
        "eval_runtime": 0.3213,
        "eval_samples_per_second": 311.236,
        "eval_steps_per_second": 40.461
    },
    "no_train_gain": {
        "eval_loss": 1.7095897197723389,
        "eval_model_preparation_time": 0.0292,
        "eval_precision": 0.328125,
        "eval_recall": 0.4,
        "eval_f1": 0.3605150214592275,
        "eval_accuracy": 0.5077922077922078,
        "eval_runtime": 0.3553,
        "eval_samples_per_second": 281.436,
        "eval_steps_per_second": 36.587
    }
}
