{
    "reconstructed_featural": {
        "eval_loss": 1.6900794506072998,
        "eval_model_preparation_time": 0.0265,
        "eval_precision": 0.3360655737704918,
        "eval_recall": 0.3904761904761905,
        "eval_f1": 0.36123348017621143,
        "eval_accuracy": 0.5272727272727272,
        "eval_runtime": 0.2883,
        "eval_samples_per_second": 346.872,
        "eval_steps_per_second": 45.093
    }
}