{
    "reconstructed_featural": {
        "eval_loss": 1.6970804929733276,
        "eval_model_preparation_time": 0.0291,
        "eval_precision": 0.3333333333333333,
        "eval_recall": 0.3904761904761905,
        "eval_f1": 0.3596491228070175,
        "eval_accuracy": 0.5272727272727272,
        "eval_runtime": 0.3049,
        "eval_samples_per_second": 327.988,
        "eval_steps_per_second": 42.638
    },
    "reconstructed_syntactic": {
        "eval_loss": 1.7010551691055298,
        "eval_model_preparation_time": 0.0288,
        "eval_precision": 0.33064516129032256,
        "eval_recall": 0.3904761904761905,
        "eval_f1": 0.35807860262008734,
        "eval_accuracy": 0.522077922077922,
        "eval_runtime": 0.2985,
        "eval_samples_per_second": 334.991,
        "eval_steps_per_second": 43.549
    },
    "reconstructed_morphological": {
        "eval_loss": 1.7018758058547974,
        "eval_model_preparation_time": 0.0291,
        "eval_precision": 0.3333333333333333,
        "eval_recall": 0.3904761904761905,
        "eval_f1": 0.3596491228070175,
        "eval_accuracy": 0.5272727272727272,
        "eval_runtime": 0.2984,
        "eval_samples_per_second": 335.118,
        "eval_steps_per_second": 43.565
    }
}