{
    "reconstructed_featural": {
        "eval_loss": 1.630568027496338,
        "eval_model_preparation_time": 0.0299,
        "eval_precision": 0.3333333333333333,
        "eval_recall": 0.38095238095238093,
        "eval_f1": 0.35555555555555557,
        "eval_accuracy": 0.5272727272727272,
        "eval_runtime": 0.2886,
        "eval_samples_per_second": 346.536,
        "eval_steps_per_second": 45.05
    }
}
