{
    "reconstructed_syntactic": {
        "eval_loss": 0.9197534918785095,
        "eval_model_preparation_time": 0.0282,
        "eval_precision": 0.1902439024390244,
        "eval_recall": 0.325,
        "eval_f1": 0.24000000000000002,
        "eval_accuracy": 0.7031114952463267,
        "eval_runtime": 0.3435,
        "eval_samples_per_second": 291.123,
        "eval_steps_per_second": 37.846
    },
    "reconstructed_morphological": {
        "eval_loss": 0.9246479272842407,
        "eval_model_preparation_time": 0.0287,
        "eval_precision": 0.19306930693069307,
        "eval_recall": 0.325,
        "eval_f1": 0.24223602484472048,
        "eval_accuracy": 0.7009507346585998,
        "eval_runtime": 0.349,
        "eval_samples_per_second": 286.563,
        "eval_steps_per_second": 37.253
    }
}
