{
    "reconstructed_featural": {
        "eval_loss": 0.9223421216011047,
        "eval_model_preparation_time": 0.0289,
        "eval_precision": 0.1875,
        "eval_recall": 0.325,
        "eval_f1": 0.23780487804878053,
        "eval_accuracy": 0.7031114952463267,
        "eval_runtime": 0.3835,
        "eval_samples_per_second": 260.733,
        "eval_steps_per_second": 33.895
    },
    "baseline_en": {
        "eval_loss": 1.2476471662521362,
        "eval_model_preparation_time": 0.028,
        "eval_precision": 0.2545454545454545,
        "eval_recall": 0.23333333333333334,
        "eval_f1": 0.2434782608695652,
        "eval_accuracy": 0.72990492653414,
        "eval_runtime": 0.3843,
        "eval_samples_per_second": 260.239,
        "eval_steps_per_second": 33.831
    },
    "baseline_task_adapter": {
        "eval_loss": 0.7746936082839966,
        "eval_model_preparation_time": 0.028,
        "eval_precision": 0.18229166666666666,
        "eval_recall": 0.2916666666666667,
        "eval_f1": 0.22435897435897434,
        "eval_accuracy": 0.7709593777009507,
        "eval_runtime": 0.3393,
        "eval_samples_per_second": 294.737,
        "eval_steps_per_second": 38.316
    },
    "baseline_avg_adapter": {
        "eval_loss": 1.1301485300064087,
        "eval_model_preparation_time": 0.0288,
        "eval_precision": 0.2033898305084746,
        "eval_recall": 0.2,
        "eval_f1": 0.20168067226890757,
        "eval_accuracy": 0.7268798617113224,
        "eval_runtime": 0.367,
        "eval_samples_per_second": 272.461,
        "eval_steps_per_second": 35.42
    },
    "baseline_closest_featural": {
        "eval_loss": 0.9597001671791077,
        "eval_model_preparation_time": 0.028,
        "eval_precision": 0.15483870967741936,
        "eval_recall": 0.2,
        "eval_f1": 0.17454545454545456,
        "eval_accuracy": 0.7273120138288678,
        "eval_runtime": 0.4025,
        "eval_samples_per_second": 248.447,
        "eval_steps_per_second": 32.298
    },
    "no_train_gain": {
        "eval_loss": 1.090552806854248,
        "eval_model_preparation_time": 0.0287,
        "eval_precision": 0.20786516853932585,
        "eval_recall": 0.30833333333333335,
        "eval_f1": 0.24832214765100674,
        "eval_accuracy": 0.6974935177182369,
        "eval_runtime": 0.3712,
        "eval_samples_per_second": 269.362,
        "eval_steps_per_second": 35.017
    }
}
