{
    "reconstructed_featural": {
        "eval_loss": 0.9315853118896484,
        "eval_model_preparation_time": 0.0274,
        "eval_precision": 0.20100502512562815,
        "eval_recall": 0.3333333333333333,
        "eval_f1": 0.2507836990595611,
        "eval_accuracy": 0.7009507346585998,
        "eval_runtime": 0.3658,
        "eval_samples_per_second": 273.347,
        "eval_steps_per_second": 35.535
    }
}
