{
    "reconstructed_featural": {
        "eval_loss": 0.7291260361671448,
        "eval_model_preparation_time": 0.0286,
        "eval_precision": 0.4732824427480916,
        "eval_recall": 0.6078431372549019,
        "eval_f1": 0.5321888412017167,
        "eval_accuracy": 0.7260579064587973,
        "eval_runtime": 0.3049,
        "eval_samples_per_second": 327.958,
        "eval_steps_per_second": 42.635
    },
    "reconstructed_syntactic": {
        "eval_loss": 0.749317467212677,
        "eval_model_preparation_time": 0.0287,
        "eval_precision": 0.46616541353383456,
        "eval_recall": 0.6078431372549019,
        "eval_f1": 0.5276595744680851,
        "eval_accuracy": 0.7238307349665924,
        "eval_runtime": 0.3072,
        "eval_samples_per_second": 325.495,
        "eval_steps_per_second": 42.314
    },
    "reconstructed_morphological": {
        "eval_loss": 0.7143678069114685,
        "eval_model_preparation_time": 0.0286,
        "eval_precision": 0.46923076923076923,
        "eval_recall": 0.5980392156862745,
        "eval_f1": 0.5258620689655172,
        "eval_accuracy": 0.7160356347438753,
        "eval_runtime": 0.3054,
        "eval_samples_per_second": 327.43,
        "eval_steps_per_second": 42.566
    }
}