{
    "reconstructed_featural": {
        "eval_loss": 0.7118530869483948,
        "eval_model_preparation_time": 0.0269,
        "eval_precision": 0.46923076923076923,
        "eval_recall": 0.5980392156862745,
        "eval_f1": 0.5258620689655172,
        "eval_accuracy": 0.7238307349665924,
        "eval_runtime": 0.2878,
        "eval_samples_per_second": 347.443,
        "eval_steps_per_second": 45.168
    }
}