{
    "reconstructed_syntactic": {
        "eval_loss": 0.40339550375938416,
        "eval_model_preparation_time": 0.035,
        "eval_precision": 0.6432197244379986,
        "eval_recall": 0.7288414133114215,
        "eval_f1": 0.6833590138674884,
        "eval_accuracy": 0.889956391387299,
        "eval_runtime": 3.4133,
        "eval_samples_per_second": 292.972,
        "eval_steps_per_second": 36.621
    },
    "reconstructed_morphological": {
        "eval_loss": 0.40309154987335205,
        "eval_model_preparation_time": 0.0324,
        "eval_precision": 0.6431686046511628,
        "eval_recall": 0.7271980279375514,
        "eval_f1": 0.6826070188970306,
        "eval_accuracy": 0.889751976015263,
        "eval_runtime": 4.6312,
        "eval_samples_per_second": 215.926,
        "eval_steps_per_second": 26.991
    }
}
