{
    "reconstructed_featural": {
        "eval_loss": 0.38322913646698,
        "eval_model_preparation_time": 0.0286,
        "eval_precision": 0.6959459459459459,
        "eval_recall": 0.761709120788825,
        "eval_f1": 0.7273440564927423,
        "eval_accuracy": 0.8961569910057237,
        "eval_runtime": 2.7398,
        "eval_samples_per_second": 364.996,
        "eval_steps_per_second": 45.624
    },
    "reconstructed_syntactic": {
        "eval_loss": 0.3836573362350464,
        "eval_model_preparation_time": 0.0283,
        "eval_precision": 0.6883408071748879,
        "eval_recall": 0.7567789646672145,
        "eval_f1": 0.7209393346379649,
        "eval_accuracy": 0.8954074679749251,
        "eval_runtime": 2.7977,
        "eval_samples_per_second": 357.43,
        "eval_steps_per_second": 44.679
    },
    "reconstructed_morphological": {
        "eval_loss": 0.3867315351963043,
        "eval_model_preparation_time": 0.0285,
        "eval_precision": 0.6827637444279346,
        "eval_recall": 0.7551355792933443,
        "eval_f1": 0.7171283651970347,
        "eval_accuracy": 0.896225129463069,
        "eval_runtime": 2.7726,
        "eval_samples_per_second": 360.672,
        "eval_steps_per_second": 45.084
    }
}
