{
    "reconstructed_featural": {
        "eval_loss": 1.0273618698120117,
        "eval_model_preparation_time": 0.0275,
        "eval_accuracy": 0.8854479124442642,
        "eval_precision_macro": 0.7193537189285455,
        "eval_recall_macro": 0.6817536343997508,
        "eval_f1_macro": 0.6701481721507173,
        "eval_precision_micro": 0.8854479124442642,
        "eval_recall_micro": 0.8854479124442642,
        "eval_f1_micro": 0.8854479124442642,
        "eval_runtime": 4.5735,
        "eval_samples_per_second": 194.38,
        "eval_steps_per_second": 24.489
    }
}