{
    "reconstructed_featural": {
        "eval_loss": 1.0272314548492432,
        "eval_model_preparation_time": 0.0278,
        "eval_accuracy": 0.885528982569923,
        "eval_precision_macro": 0.7216586325904426,
        "eval_recall_macro": 0.681953492688534,
        "eval_f1_macro": 0.6711117242920349,
        "eval_precision_micro": 0.885528982569923,
        "eval_recall_micro": 0.885528982569923,
        "eval_f1_micro": 0.885528982569923,
        "eval_runtime": 2.3697,
        "eval_samples_per_second": 375.154,
        "eval_steps_per_second": 47.263
    },
    "reconstructed_syntactic": {
        "eval_loss": 1.0295711755752563,
        "eval_model_preparation_time": 0.0287,
        "eval_accuracy": 0.8854479124442642,
        "eval_precision_macro": 0.7208914154750112,
        "eval_recall_macro": 0.6818474430524909,
        "eval_f1_macro": 0.6704863132988842,
        "eval_precision_micro": 0.8854479124442642,
        "eval_recall_micro": 0.8854479124442642,
        "eval_f1_micro": 0.8854479124442642,
        "eval_runtime": 2.3509,
        "eval_samples_per_second": 378.145,
        "eval_steps_per_second": 47.64
    },
    "reconstructed_morphological": {
        "eval_loss": 1.0271035432815552,
        "eval_model_preparation_time": 0.031,
        "eval_accuracy": 0.8852857721929469,
        "eval_precision_macro": 0.7221248611182066,
        "eval_recall_macro": 0.6814263179960903,
        "eval_f1_macro": 0.6709688733083375,
        "eval_precision_micro": 0.8852857721929469,
        "eval_recall_micro": 0.8852857721929469,
        "eval_f1_micro": 0.8852857721929469,
        "eval_runtime": 2.4507,
        "eval_samples_per_second": 362.756,
        "eval_steps_per_second": 45.702
    }
}
