{
    "reconstructed_featural": {
        "eval_loss": 1.0276001691818237,
        "eval_model_preparation_time": 0.028,
        "eval_accuracy": 0.8854479124442642,
        "eval_precision_macro": 0.720243694854584,
        "eval_recall_macro": 0.6815395613090853,
        "eval_f1_macro": 0.6702943639828255,
        "eval_precision_micro": 0.8854479124442642,
        "eval_recall_micro": 0.8854479124442642,
        "eval_f1_micro": 0.8854479124442642,
        "eval_runtime": 4.6667,
        "eval_samples_per_second": 190.5,
        "eval_steps_per_second": 24.0
    },
    "baseline_en": {
        "eval_loss": 0.9853348731994629,
        "eval_model_preparation_time": 0.0271,
        "eval_accuracy": 0.8800972841507905,
        "eval_precision_macro": 0.6953508623245851,
        "eval_recall_macro": 0.6743066102135976,
        "eval_f1_macro": 0.6625970744786673,
        "eval_precision_micro": 0.8800972841507905,
        "eval_recall_micro": 0.8800972841507905,
        "eval_f1_micro": 0.8800972841507905,
        "eval_runtime": 4.6804,
        "eval_samples_per_second": 189.943,
        "eval_steps_per_second": 23.93
    },
    "baseline_task_adapter": {
        "eval_loss": 0.9933359622955322,
        "eval_model_preparation_time": 0.0273,
        "eval_accuracy": 0.8814754762869882,
        "eval_precision_macro": 0.7080751142073173,
        "eval_recall_macro": 0.6762455028353807,
        "eval_f1_macro": 0.6653066191982951,
        "eval_precision_micro": 0.8814754762869882,
        "eval_recall_micro": 0.8814754762869882,
        "eval_f1_micro": 0.8814754762869882,
        "eval_runtime": 4.2488,
        "eval_samples_per_second": 209.234,
        "eval_steps_per_second": 26.36
    },
    "baseline_avg_adapter": {
        "eval_loss": 0.9030437469482422,
        "eval_model_preparation_time": 0.0291,
        "eval_accuracy": 0.8758005674908796,
        "eval_precision_macro": 0.7094266688467998,
        "eval_recall_macro": 0.6721390634404043,
        "eval_f1_macro": 0.6612854723666944,
        "eval_precision_micro": 0.8758005674908796,
        "eval_recall_micro": 0.8758005674908796,
        "eval_f1_micro": 0.8758005674908796,
        "eval_runtime": 4.686,
        "eval_samples_per_second": 189.715,
        "eval_steps_per_second": 23.901
    },
    "baseline_closest_featural": {
        "eval_loss": 1.0167248249053955,
        "eval_model_preparation_time": 0.0278,
        "eval_accuracy": 0.8749087961086339,
        "eval_precision_macro": 0.7098709063791336,
        "eval_recall_macro": 0.6739440512679498,
        "eval_f1_macro": 0.6663521234081551,
        "eval_precision_micro": 0.8749087961086339,
        "eval_recall_micro": 0.8749087961086339,
        "eval_f1_micro": 0.8749087961086339,
        "eval_runtime": 4.6846,
        "eval_samples_per_second": 189.772,
        "eval_steps_per_second": 23.908
    },
    "no_train_gain": {
        "eval_loss": 1.0507230758666992,
        "eval_model_preparation_time": 0.0282,
        "eval_accuracy": 0.882853668423186,
        "eval_precision_macro": 0.7159147522155952,
        "eval_recall_macro": 0.6836928199020428,
        "eval_f1_macro": 0.6702780646888176,
        "eval_precision_micro": 0.882853668423186,
        "eval_recall_micro": 0.882853668423186,
        "eval_f1_micro": 0.882853668423186,
        "eval_runtime": 4.6931,
        "eval_samples_per_second": 189.427,
        "eval_steps_per_second": 23.865
    }
}
