{
    "reconstructed_featural": {
        "eval_loss": 5.213078022003174,
        "eval_model_preparation_time": 0.0292,
        "eval_accuracy": 0.2894488417689347,
        "eval_precision_macro": 0.16598195181257577,
        "eval_recall_macro": 0.17785164433963582,
        "eval_f1_macro": 0.1410975735657237,
        "eval_precision_micro": 0.2894488417689347,
        "eval_recall_micro": 0.2894488417689347,
        "eval_f1_micro": 0.2894488417689347,
        "eval_runtime": 5.2296,
        "eval_samples_per_second": 196.19,
        "eval_steps_per_second": 24.667
    }
}