{
    "reconstructed_featural": {
        "eval_loss": 1.0743999481201172,
        "eval_model_preparation_time": 0.0286,
        "eval_precision": 0.5420336269015212,
        "eval_recall": 0.6216712580348944,
        "eval_f1": 0.5791274593669803,
        "eval_accuracy": 0.7162751042061387,
        "eval_runtime": 2.6825,
        "eval_samples_per_second": 372.792,
        "eval_steps_per_second": 46.599
    },
    "baseline_en": {
        "eval_loss": 2.385998487472534,
        "eval_model_preparation_time": 0.0273,
        "eval_precision": 0.38368580060422963,
        "eval_recall": 0.349862258953168,
        "eval_f1": 0.3659942363112392,
        "eval_accuracy": 0.4835164835164835,
        "eval_runtime": 2.687,
        "eval_samples_per_second": 372.158,
        "eval_steps_per_second": 46.52
    },
    "baseline_task_adapter": {
        "eval_loss": 1.2030574083328247,
        "eval_model_preparation_time": 0.0294,
        "eval_precision": 0.43707093821510296,
        "eval_recall": 0.5261707988980716,
        "eval_f1": 0.47750000000000004,
        "eval_accuracy": 0.6621826449412657,
        "eval_runtime": 2.3232,
        "eval_samples_per_second": 430.443,
        "eval_steps_per_second": 53.805
    },
    "baseline_avg_adapter": {
        "eval_loss": 1.9149223566055298,
        "eval_model_preparation_time": 0.0292,
        "eval_precision": 0.33738074588031225,
        "eval_recall": 0.35720844811753905,
        "eval_f1": 0.3470115967885817,
        "eval_accuracy": 0.5153467222432739,
        "eval_runtime": 2.6809,
        "eval_samples_per_second": 373.015,
        "eval_steps_per_second": 46.627
    },
    "baseline_closest_featural": {
        "eval_loss": 4.366527557373047,
        "eval_model_preparation_time": 0.0275,
        "eval_precision": 0.2064516129032258,
        "eval_recall": 0.0881542699724518,
        "eval_f1": 0.12355212355212357,
        "eval_accuracy": 0.24441076165214096,
        "eval_runtime": 2.6738,
        "eval_samples_per_second": 373.998,
        "eval_steps_per_second": 46.75
    },
    "no_train_gain": {
        "eval_loss": 1.3478319644927979,
        "eval_model_preparation_time": 0.0285,
        "eval_precision": 0.5132139812446718,
        "eval_recall": 0.5528007346189164,
        "eval_f1": 0.5322723253757737,
        "eval_accuracy": 0.6586775293671845,
        "eval_runtime": 2.692,
        "eval_samples_per_second": 371.468,
        "eval_steps_per_second": 46.433
    }
}