{
    "reconstructed_featural": {
        "eval_loss": 1.0704658031463623,
        "eval_model_preparation_time": 0.0279,
        "eval_precision": 0.5618345618345618,
        "eval_recall": 0.6299357208448118,
        "eval_f1": 0.5939393939393939,
        "eval_accuracy": 0.7205380826070481,
        "eval_runtime": 3.4663,
        "eval_samples_per_second": 288.495,
        "eval_steps_per_second": 36.062
    },
    "reconstructed_syntactic": {
        "eval_loss": 1.069803237915039,
        "eval_model_preparation_time": 0.0286,
        "eval_precision": 0.5663934426229508,
        "eval_recall": 0.6345270890725436,
        "eval_f1": 0.5985275010827199,
        "eval_accuracy": 0.7243273967411898,
        "eval_runtime": 2.7656,
        "eval_samples_per_second": 361.582,
        "eval_steps_per_second": 45.198
    },
    "reconstructed_morphological": {
        "eval_loss": 1.076979160308838,
        "eval_model_preparation_time": 0.0285,
        "eval_precision": 0.561115668580804,
        "eval_recall": 0.628099173553719,
        "eval_f1": 0.5927209705372617,
        "eval_accuracy": 0.7194960212201591,
        "eval_runtime": 2.7325,
        "eval_samples_per_second": 365.961,
        "eval_steps_per_second": 45.745
    }
}