{
    "reconstructed_featural": {
        "eval_loss": 1.074329137802124,
        "eval_model_preparation_time": 0.0279,
        "eval_precision": 0.5575510204081633,
        "eval_recall": 0.6271808999081726,
        "eval_f1": 0.5903197925669836,
        "eval_accuracy": 0.7177908298597954,
        "eval_runtime": 2.6775,
        "eval_samples_per_second": 373.482,
        "eval_steps_per_second": 46.685
    }
}
