{
    "reconstructed_featural": {
        "eval_loss": 6.141780853271484,
        "eval_model_preparation_time": 0.0288,
        "eval_precision": 0.0,
        "eval_recall": 0.0,
        "eval_f1": 0.0,
        "eval_accuracy": 0.2082514734774067,
        "eval_runtime": 0.3092,
        "eval_samples_per_second": 323.449,
        "eval_steps_per_second": 42.048
    },
    "baseline_en": {
        "eval_loss": 5.598168849945068,
        "eval_model_preparation_time": 0.0272,
        "eval_precision": 0.0,
        "eval_recall": 0.0,
        "eval_f1": 0.0,
        "eval_accuracy": 0.25343811394891946,
        "eval_runtime": 0.3068,
        "eval_samples_per_second": 325.918,
        "eval_steps_per_second": 42.369
    },
    "baseline_task_adapter": {
        "eval_loss": 5.3605194091796875,
        "eval_model_preparation_time": 0.0282,
        "eval_precision": 0.0,
        "eval_recall": 0.0,
        "eval_f1": 0.0,
        "eval_accuracy": 0.20235756385068762,
        "eval_runtime": 0.2535,
        "eval_samples_per_second": 394.41,
        "eval_steps_per_second": 51.273
    },
    "baseline_avg_adapter": {
        "eval_loss": 5.226603984832764,
        "eval_model_preparation_time": 0.0292,
        "eval_precision": 0.0,
        "eval_recall": 0.0,
        "eval_f1": 0.0,
        "eval_accuracy": 0.22396856581532418,
        "eval_runtime": 0.319,
        "eval_samples_per_second": 313.502,
        "eval_steps_per_second": 40.755
    },
    "baseline_closest_featural": {
        "eval_loss": 3.6083877086639404,
        "eval_model_preparation_time": 0.0275,
        "eval_precision": 0.05970149253731343,
        "eval_recall": 0.04,
        "eval_f1": 0.04790419161676647,
        "eval_accuracy": 0.2966601178781925,
        "eval_runtime": 0.3368,
        "eval_samples_per_second": 296.914,
        "eval_steps_per_second": 38.599
    },
    "no_train_gain": {
        "eval_loss": 5.456065654754639,
        "eval_model_preparation_time": 0.0292,
        "eval_precision": 0.13157894736842105,
        "eval_recall": 0.05,
        "eval_f1": 0.07246376811594202,
        "eval_accuracy": 0.25343811394891946,
        "eval_runtime": 0.3255,
        "eval_samples_per_second": 307.253,
        "eval_steps_per_second": 39.943
    }
}