{
    "reconstructed_featural": {
        "eval_loss": 0.7015997171401978,
        "eval_model_preparation_time": 0.0288,
        "eval_precision": 0.4641555285540705,
        "eval_recall": 0.617124394184168,
        "eval_f1": 0.5298196948682385,
        "eval_accuracy": 0.806125220698085,
        "eval_runtime": 3.2593,
        "eval_samples_per_second": 306.818,
        "eval_steps_per_second": 38.352
    },
    "baseline_en": {
        "eval_loss": 1.0998481512069702,
        "eval_model_preparation_time": 0.0274,
        "eval_precision": 0.4461440407903123,
        "eval_recall": 0.5654281098546042,
        "eval_f1": 0.4987531172069826,
        "eval_accuracy": 0.7236180904522613,
        "eval_runtime": 3.2608,
        "eval_samples_per_second": 306.674,
        "eval_steps_per_second": 38.334
    },
    "baseline_task_adapter": {
        "eval_loss": 0.6857898235321045,
        "eval_model_preparation_time": 0.0282,
        "eval_precision": 0.4059347181008902,
        "eval_recall": 0.5525040387722132,
        "eval_f1": 0.4680123161135819,
        "eval_accuracy": 0.7929512426999864,
        "eval_runtime": 2.8549,
        "eval_samples_per_second": 350.276,
        "eval_steps_per_second": 43.784
    },
    "baseline_avg_adapter": {
        "eval_loss": 0.7969914674758911,
        "eval_model_preparation_time": 0.0292,
        "eval_precision": 0.37724137931034485,
        "eval_recall": 0.4418416801292407,
        "eval_f1": 0.4069940476190476,
        "eval_accuracy": 0.7672823577346191,
        "eval_runtime": 3.1266,
        "eval_samples_per_second": 319.836,
        "eval_steps_per_second": 39.979
    },
    "baseline_closest_featural": {
        "eval_loss": 1.4324427843093872,
        "eval_model_preparation_time": 0.0279,
        "eval_precision": 0.3783783783783784,
        "eval_recall": 0.47495961227786754,
        "eval_f1": 0.42120343839541546,
        "eval_accuracy": 0.5857666711938069,
        "eval_runtime": 3.0618,
        "eval_samples_per_second": 326.603,
        "eval_steps_per_second": 40.825
    },
    "no_train_gain": {
        "eval_loss": 1.0379995107650757,
        "eval_model_preparation_time": 0.0286,
        "eval_precision": 0.4634304207119741,
        "eval_recall": 0.5783521809369951,
        "eval_f1": 0.5145526410348544,
        "eval_accuracy": 0.7349585766671194,
        "eval_runtime": 3.0452,
        "eval_samples_per_second": 328.391,
        "eval_steps_per_second": 41.049
    }
}