{
    "reconstructed_featural": {
        "eval_loss": 0.7089024186134338,
        "eval_model_preparation_time": 0.0274,
        "eval_precision": 0.4681625227410552,
        "eval_recall": 0.6235864297253635,
        "eval_f1": 0.5348112227225494,
        "eval_accuracy": 0.8028656797501018,
        "eval_runtime": 2.8728,
        "eval_samples_per_second": 348.089,
        "eval_steps_per_second": 43.511
    }
}
