{
    "reconstructed_syntactic": {
        "eval_loss": 3.0091171264648438,
        "eval_model_preparation_time": 0.0276,
        "eval_accuracy": 0.6096830305373019,
        "eval_precision_macro": 0.4250348975640635,
        "eval_recall_macro": 0.4844710606767176,
        "eval_f1_macro": 0.4100528682994029,
        "eval_precision_micro": 0.6096830305373019,
        "eval_recall_micro": 0.6096830305373019,
        "eval_f1_micro": 0.6096830305373019,
        "eval_runtime": 4.5716,
        "eval_samples_per_second": 194.241,
        "eval_steps_per_second": 24.28
    },
    "reconstructed_morphological": {
        "eval_loss": 3.017241954803467,
        "eval_model_preparation_time": 0.0283,
        "eval_accuracy": 0.6089099342868187,
        "eval_precision_macro": 0.4244099075056833,
        "eval_recall_macro": 0.48386265718479393,
        "eval_f1_macro": 0.40934332265872775,
        "eval_precision_micro": 0.6089099342868187,
        "eval_recall_micro": 0.6089099342868187,
        "eval_f1_micro": 0.6089099342868187,
        "eval_runtime": 4.5632,
        "eval_samples_per_second": 194.6,
        "eval_steps_per_second": 24.325
    }
}
