{
    "reconstructed_featural": {
        "eval_loss": 3.0775673389434814,
        "eval_model_preparation_time": 0.0293,
        "eval_accuracy": 0.602918438345574,
        "eval_precision_macro": 0.4222416407934013,
        "eval_recall_macro": 0.4794278175686315,
        "eval_f1_macro": 0.4064915131347736,
        "eval_precision_micro": 0.602918438345574,
        "eval_recall_micro": 0.602918438345574,
        "eval_f1_micro": 0.602918438345574,
        "eval_runtime": 4.5134,
        "eval_samples_per_second": 196.747,
        "eval_steps_per_second": 24.593
    }
}