{
    "reconstructed_featural": {
        "eval_loss": 3.041722297668457,
        "eval_model_preparation_time": 0.0278,
        "eval_accuracy": 0.6074603788171627,
        "eval_precision_macro": 0.42426027532498023,
        "eval_recall_macro": 0.48274393968471574,
        "eval_f1_macro": 0.40873630735913147,
        "eval_precision_micro": 0.6074603788171627,
        "eval_recall_micro": 0.6074603788171627,
        "eval_f1_micro": 0.6074603788171627,
        "eval_runtime": 4.5474,
        "eval_samples_per_second": 195.277,
        "eval_steps_per_second": 24.41
    }
}
