{
    "reconstructed_featural": {
        "eval_loss": 3.103607654571533,
        "eval_model_preparation_time": 0.0277,
        "eval_accuracy": 0.5976034016235021,
        "eval_precision_macro": 0.41891885115037614,
        "eval_recall_macro": 0.4796130996614253,
        "eval_f1_macro": 0.405477908802944,
        "eval_precision_micro": 0.5976034016235021,
        "eval_recall_micro": 0.5976034016235021,
        "eval_f1_micro": 0.5976034016235021,
        "eval_runtime": 2.7369,
        "eval_samples_per_second": 324.458,
        "eval_steps_per_second": 40.557
    },
    "reconstructed_syntactic": {
        "eval_loss": 3.079552412033081,
        "eval_model_preparation_time": 0.0289,
        "eval_accuracy": 0.6054310011596443,
        "eval_precision_macro": 0.4264352478344744,
        "eval_recall_macro": 0.48411120075543934,
        "eval_f1_macro": 0.41264969511796185,
        "eval_precision_micro": 0.6054310011596443,
        "eval_recall_micro": 0.6054310011596443,
        "eval_f1_micro": 0.6054310011596443,
        "eval_runtime": 3.4197,
        "eval_samples_per_second": 259.674,
        "eval_steps_per_second": 32.459
    },
    "reconstructed_morphological": {
        "eval_loss": 3.0681846141815186,
        "eval_model_preparation_time": 0.0279,
        "eval_accuracy": 0.6044646308465403,
        "eval_precision_macro": 0.42411462989157844,
        "eval_recall_macro": 0.48096870773276795,
        "eval_f1_macro": 0.4090312856673736,
        "eval_precision_micro": 0.6044646308465403,
        "eval_recall_micro": 0.6044646308465403,
        "eval_f1_micro": 0.6044646308465403,
        "eval_runtime": 2.7444,
        "eval_samples_per_second": 323.573,
        "eval_steps_per_second": 40.447
    }
}
