{
    "reconstructed_featural": {
        "eval_loss": 0.48552507162094116,
        "eval_model_preparation_time": 0.0286,
        "eval_precision": 0.5709818636647905,
        "eval_recall": 0.7083010085337471,
        "eval_f1": 0.6322714681440443,
        "eval_accuracy": 0.8689506301789569,
        "eval_runtime": 3.1945,
        "eval_samples_per_second": 313.039,
        "eval_steps_per_second": 39.13
    },
    "reconstructed_syntactic": {
        "eval_loss": 0.48552507162094116,
        "eval_model_preparation_time": 0.0279,
        "eval_precision": 0.5709818636647905,
        "eval_recall": 0.7083010085337471,
        "eval_f1": 0.6322714681440443,
        "eval_accuracy": 0.8689506301789569,
        "eval_runtime": 3.2424,
        "eval_samples_per_second": 308.41,
        "eval_steps_per_second": 38.551
    },
    "reconstructed_morphological": {
        "eval_loss": 0.48111358284950256,
        "eval_model_preparation_time": 0.0288,
        "eval_precision": 0.5645962732919255,
        "eval_recall": 0.7051978277734678,
        "eval_f1": 0.6271127975163849,
        "eval_accuracy": 0.8687417310772231,
        "eval_runtime": 3.0549,
        "eval_samples_per_second": 327.341,
        "eval_steps_per_second": 40.918
    }
}