{
    "reconstructed_featural": {
        "eval_loss": 2.1815779209136963,
        "eval_model_preparation_time": 0.0278,
        "eval_accuracy": 0.5935007974481659,
        "eval_precision_macro": 0.44298765666569406,
        "eval_recall_macro": 0.33012776103796426,
        "eval_f1_macro": 0.3250847868182585,
        "eval_precision_micro": 0.5935007974481659,
        "eval_recall_micro": 0.5935007974481659,
        "eval_f1_micro": 0.5935007974481659,
        "eval_runtime": 4.7986,
        "eval_samples_per_second": 189.222,
        "eval_steps_per_second": 23.757
    },
    "baseline_en": {
        "eval_loss": 2.602606773376465,
        "eval_model_preparation_time": 0.0268,
        "eval_accuracy": 0.5772527910685805,
        "eval_precision_macro": 0.4152371702193479,
        "eval_recall_macro": 0.29816835721539575,
        "eval_f1_macro": 0.3093357285138971,
        "eval_precision_micro": 0.5772527910685805,
        "eval_recall_micro": 0.5772527910685805,
        "eval_f1_micro": 0.5772527910685805,
        "eval_runtime": 4.8231,
        "eval_samples_per_second": 188.26,
        "eval_steps_per_second": 23.636
    },
    "baseline_task_adapter": {
        "eval_loss": 1.9114853143692017,
        "eval_model_preparation_time": 0.0269,
        "eval_accuracy": 0.6262958532695375,
        "eval_precision_macro": 0.4245238760200643,
        "eval_recall_macro": 0.35763901365378825,
        "eval_f1_macro": 0.35174542049820223,
        "eval_precision_micro": 0.6262958532695375,
        "eval_recall_micro": 0.6262958532695375,
        "eval_f1_micro": 0.6262958532695375,
        "eval_runtime": 4.375,
        "eval_samples_per_second": 207.543,
        "eval_steps_per_second": 26.057
    },
    "baseline_avg_adapter": {
        "eval_loss": 1.9466191530227661,
        "eval_model_preparation_time": 0.0287,
        "eval_accuracy": 0.5869218500797448,
        "eval_precision_macro": 0.437934776072892,
        "eval_recall_macro": 0.32054000584673864,
        "eval_f1_macro": 0.3254405856651167,
        "eval_precision_micro": 0.5869218500797448,
        "eval_recall_micro": 0.5869218500797448,
        "eval_f1_micro": 0.5869218500797448,
        "eval_runtime": 4.8071,
        "eval_samples_per_second": 188.887,
        "eval_steps_per_second": 23.715
    },
    "baseline_closest_featural": {
        "eval_loss": 3.4652204513549805,
        "eval_model_preparation_time": 0.0268,
        "eval_accuracy": 0.5177432216905901,
        "eval_precision_macro": 0.3209572653481362,
        "eval_recall_macro": 0.24073742287964478,
        "eval_f1_macro": 0.2161870082021683,
        "eval_precision_micro": 0.5177432216905901,
        "eval_recall_micro": 0.5177432216905901,
        "eval_f1_micro": 0.5177432216905901,
        "eval_runtime": 4.8248,
        "eval_samples_per_second": 188.196,
        "eval_steps_per_second": 23.628
    },
    "no_train_gain": {
        "eval_loss": 2.4463465213775635,
        "eval_model_preparation_time": 0.0282,
        "eval_accuracy": 0.5703748006379585,
        "eval_precision_macro": 0.43386177861483183,
        "eval_recall_macro": 0.3091145478700733,
        "eval_f1_macro": 0.30463716373687894,
        "eval_precision_micro": 0.5703748006379585,
        "eval_recall_micro": 0.5703748006379585,
        "eval_f1_micro": 0.5703748006379585,
        "eval_runtime": 4.8515,
        "eval_samples_per_second": 187.16,
        "eval_steps_per_second": 23.498
    }
}