{
    "reconstructed_featural": {
        "eval_loss": 2.227449893951416,
        "eval_model_preparation_time": 0.0296,
        "eval_accuracy": 0.5893141945773525,
        "eval_precision_macro": 0.47314931640525987,
        "eval_recall_macro": 0.32682372702300433,
        "eval_f1_macro": 0.3223338495735096,
        "eval_precision_micro": 0.5893141945773525,
        "eval_recall_micro": 0.5893141945773525,
        "eval_f1_micro": 0.5893141945773525,
        "eval_runtime": 2.4612,
        "eval_samples_per_second": 368.929,
        "eval_steps_per_second": 46.319
    },
    "reconstructed_syntactic": {
        "eval_loss": 2.255255699157715,
        "eval_model_preparation_time": 0.029,
        "eval_accuracy": 0.5896132376395534,
        "eval_precision_macro": 0.4472470781587225,
        "eval_recall_macro": 0.3277166400294331,
        "eval_f1_macro": 0.32344425078912864,
        "eval_precision_micro": 0.5896132376395534,
        "eval_recall_micro": 0.5896132376395534,
        "eval_f1_micro": 0.5896132376395534,
        "eval_runtime": 2.4386,
        "eval_samples_per_second": 372.341,
        "eval_steps_per_second": 46.748
    },
    "reconstructed_morphological": {
        "eval_loss": 2.238538980484009,
        "eval_model_preparation_time": 0.028,
        "eval_accuracy": 0.590011961722488,
        "eval_precision_macro": 0.4766372218124274,
        "eval_recall_macro": 0.32649269297689687,
        "eval_f1_macro": 0.3220586019665852,
        "eval_precision_micro": 0.590011961722488,
        "eval_recall_micro": 0.590011961722488,
        "eval_f1_micro": 0.590011961722488,
        "eval_runtime": 2.4498,
        "eval_samples_per_second": 370.642,
        "eval_steps_per_second": 46.534
    }
}