{
    "reconstructed_featural": {
        "eval_loss": 2.206286668777466,
        "eval_model_preparation_time": 0.0291,
        "eval_accuracy": 0.5904106858054227,
        "eval_precision_macro": 0.44050001605415534,
        "eval_recall_macro": 0.3264284229956156,
        "eval_f1_macro": 0.32139223572026326,
        "eval_precision_micro": 0.5904106858054227,
        "eval_recall_micro": 0.5904106858054227,
        "eval_f1_micro": 0.5904106858054227,
        "eval_runtime": 4.6605,
        "eval_samples_per_second": 194.829,
        "eval_steps_per_second": 24.461
    }
}
