{
    "reconstructed_syntactic": {
        "eval_loss": 0.39137592911720276,
        "eval_model_preparation_time": 0.0277,
        "eval_precision": 0.7448362522579125,
        "eval_recall": 0.822621216063839,
        "eval_f1": 0.781798697551727,
        "eval_accuracy": 0.8981318222122568,
        "eval_runtime": 25.9527,
        "eval_samples_per_second": 385.316,
        "eval_steps_per_second": 48.165
    },
    "reconstructed_morphological": {
        "eval_loss": 0.3910014033317566,
        "eval_model_preparation_time": 0.0292,
        "eval_precision": 0.7478925391948318,
        "eval_recall": 0.8234018561887414,
        "eval_f1": 0.7838328792007266,
        "eval_accuracy": 0.8985293068479469,
        "eval_runtime": 25.6068,
        "eval_samples_per_second": 390.522,
        "eval_steps_per_second": 48.815
    }
}