{
    "reconstructed_featural": {
        "eval_loss": 0.39029940962791443,
        "eval_model_preparation_time": 0.0272,
        "eval_precision": 0.7478945297127115,
        "eval_recall": 0.8241824963136438,
        "eval_f1": 0.7841875051580424,
        "eval_accuracy": 0.899008326793522,
        "eval_runtime": 29.0534,
        "eval_samples_per_second": 344.193,
        "eval_steps_per_second": 43.024
    }
}