{
    "reconstructed_featural": {
        "eval_loss": 0.8112037181854248,
        "eval_model_preparation_time": 0.0275,
        "eval_accuracy": 0.88828625888061,
        "eval_precision_macro": 0.6510941962243083,
        "eval_recall_macro": 0.6458153296948391,
        "eval_f1_macro": 0.6270755151599046,
        "eval_precision_micro": 0.88828625888061,
        "eval_recall_micro": 0.88828625888061,
        "eval_f1_micro": 0.88828625888061,
        "eval_runtime": 9.5566,
        "eval_samples_per_second": 193.165,
        "eval_steps_per_second": 24.172
    }
}