{
    "reconstructed_syntactic": {
        "eval_loss": 0.8074526786804199,
        "eval_model_preparation_time": 0.0279,
        "eval_accuracy": 0.8886154912493502,
        "eval_precision_macro": 0.6516001802307382,
        "eval_recall_macro": 0.6460122944230092,
        "eval_f1_macro": 0.6277467975280001,
        "eval_precision_micro": 0.8886154912493502,
        "eval_recall_micro": 0.8886154912493502,
        "eval_f1_micro": 0.8886154912493502,
        "eval_runtime": 9.619,
        "eval_samples_per_second": 191.911,
        "eval_steps_per_second": 24.015
    },
    "reconstructed_morphological": {
        "eval_loss": 0.8091076612472534,
        "eval_model_preparation_time": 0.0278,
        "eval_accuracy": 0.8885288511523133,
        "eval_precision_macro": 0.6517242382241227,
        "eval_recall_macro": 0.6459994755691396,
        "eval_f1_macro": 0.6277993478436364,
        "eval_precision_micro": 0.8885288511523133,
        "eval_recall_micro": 0.8885288511523133,
        "eval_f1_micro": 0.8885288511523133,
        "eval_runtime": 9.6356,
        "eval_samples_per_second": 191.581,
        "eval_steps_per_second": 23.974
    }
}