{
    "reconstructed_featural": {
        "eval_loss": 1.0687483549118042,
        "eval_model_preparation_time": 0.0285,
        "eval_precision": 0.10160427807486631,
        "eval_recall": 0.16101694915254236,
        "eval_f1": 0.12459016393442622,
        "eval_accuracy": 0.6717325227963525,
        "eval_runtime": 0.5185,
        "eval_samples_per_second": 192.869,
        "eval_steps_per_second": 25.073
    },
    "baseline_en": {
        "eval_loss": 1.0978267192840576,
        "eval_model_preparation_time": 0.028,
        "eval_precision": 0.09574468085106383,
        "eval_recall": 0.15254237288135594,
        "eval_f1": 0.11764705882352941,
        "eval_accuracy": 0.6811043566362716,
        "eval_runtime": 0.517,
        "eval_samples_per_second": 193.416,
        "eval_steps_per_second": 25.144
    },
    "baseline_task_adapter": {
        "eval_loss": 1.092900276184082,
        "eval_model_preparation_time": 0.0284,
        "eval_precision": 0.08333333333333333,
        "eval_recall": 0.16101694915254236,
        "eval_f1": 0.10982658959537571,
        "eval_accuracy": 0.6808510638297872,
        "eval_runtime": 0.4731,
        "eval_samples_per_second": 211.377,
        "eval_steps_per_second": 27.479
    },
    "baseline_avg_adapter": {
        "eval_loss": 1.4278552532196045,
        "eval_model_preparation_time": 0.0292,
        "eval_precision": 0.11009174311926606,
        "eval_recall": 0.1016949152542373,
        "eval_f1": 0.10572687224669604,
        "eval_accuracy": 0.7368287740628167,
        "eval_runtime": 0.5073,
        "eval_samples_per_second": 197.134,
        "eval_steps_per_second": 25.627
    },
    "baseline_closest_featural": {
        "eval_loss": 0.8312727212905884,
        "eval_model_preparation_time": 0.0284,
        "eval_precision": 0.17229729729729729,
        "eval_recall": 0.4322033898305085,
        "eval_f1": 0.2463768115942029,
        "eval_accuracy": 0.7231509625126646,
        "eval_runtime": 0.5086,
        "eval_samples_per_second": 196.62,
        "eval_steps_per_second": 25.561
    },
    "no_train_gain": {
        "eval_loss": 1.151037573814392,
        "eval_model_preparation_time": 0.0288,
        "eval_precision": 0.09174311926605505,
        "eval_recall": 0.1694915254237288,
        "eval_f1": 0.11904761904761905,
        "eval_accuracy": 0.6195542046605876,
        "eval_runtime": 0.5095,
        "eval_samples_per_second": 196.278,
        "eval_steps_per_second": 25.516
    }
}