{
    "reconstructed_featural": {
        "eval_loss": 1.3873543739318848,
        "eval_model_preparation_time": 0.0273,
        "eval_precision": 0.1368421052631579,
        "eval_recall": 0.15028901734104047,
        "eval_f1": 0.1432506887052342,
        "eval_accuracy": 0.5905425219941349,
        "eval_runtime": 0.3946,
        "eval_samples_per_second": 253.393,
        "eval_steps_per_second": 32.941
    }
}
