{
    "reconstructed_featural": {
        "eval_loss": 1.3857978582382202,
        "eval_model_preparation_time": 0.0277,
        "eval_precision": 0.14285714285714285,
        "eval_recall": 0.15606936416184972,
        "eval_f1": 0.14917127071823202,
        "eval_accuracy": 0.5909090909090909,
        "eval_runtime": 0.3495,
        "eval_samples_per_second": 286.155,
        "eval_steps_per_second": 37.2
    }
}
