{
    "reconstructed_featural": {
        "eval_loss": 1.3866243362426758,
        "eval_model_preparation_time": 0.0288,
        "eval_precision": 0.13917525773195877,
        "eval_recall": 0.15606936416184972,
        "eval_f1": 0.14713896457765668,
        "eval_accuracy": 0.593108504398827,
        "eval_runtime": 0.3336,
        "eval_samples_per_second": 299.771,
        "eval_steps_per_second": 38.97
    },
    "reconstructed_syntactic": {
        "eval_loss": 1.3778984546661377,
        "eval_model_preparation_time": 0.0286,
        "eval_precision": 0.14893617021276595,
        "eval_recall": 0.16184971098265896,
        "eval_f1": 0.15512465373961218,
        "eval_accuracy": 0.5857771260997068,
        "eval_runtime": 0.334,
        "eval_samples_per_second": 299.409,
        "eval_steps_per_second": 38.923
    },
    "reconstructed_morphological": {
        "eval_loss": 1.4203948974609375,
        "eval_model_preparation_time": 0.0275,
        "eval_precision": 0.13736263736263737,
        "eval_recall": 0.14450867052023122,
        "eval_f1": 0.14084507042253522,
        "eval_accuracy": 0.6081378299120235,
        "eval_runtime": 0.3298,
        "eval_samples_per_second": 303.211,
        "eval_steps_per_second": 39.417
    }
}