{
    "reconstructed_featural": {
        "eval_loss": 1.2939163446426392,
        "eval_model_preparation_time": 0.0287,
        "eval_precision": 0.35502958579881655,
        "eval_recall": 0.5357142857142857,
        "eval_f1": 0.42704626334519574,
        "eval_accuracy": 0.6344778254649499,
        "eval_runtime": 0.337,
        "eval_samples_per_second": 296.725,
        "eval_steps_per_second": 38.574
    },
    "baseline_en": {
        "eval_loss": 1.5153422355651855,
        "eval_model_preparation_time": 0.0271,
        "eval_precision": 0.39759036144578314,
        "eval_recall": 0.5892857142857143,
        "eval_f1": 0.47482014388489213,
        "eval_accuracy": 0.5965665236051502,
        "eval_runtime": 0.3573,
        "eval_samples_per_second": 279.848,
        "eval_steps_per_second": 36.38
    },
    "baseline_task_adapter": {
        "eval_loss": 1.270986795425415,
        "eval_model_preparation_time": 0.0277,
        "eval_precision": 0.3674698795180723,
        "eval_recall": 0.5446428571428571,
        "eval_f1": 0.43884892086330934,
        "eval_accuracy": 0.6745350500715308,
        "eval_runtime": 0.2869,
        "eval_samples_per_second": 348.523,
        "eval_steps_per_second": 45.308
    },
    "baseline_avg_adapter": {
        "eval_loss": 1.5362327098846436,
        "eval_model_preparation_time": 0.0289,
        "eval_precision": 0.3488372093023256,
        "eval_recall": 0.4017857142857143,
        "eval_f1": 0.37344398340248963,
        "eval_accuracy": 0.6587982832618026,
        "eval_runtime": 0.3245,
        "eval_samples_per_second": 308.171,
        "eval_steps_per_second": 40.062
    },
    "baseline_closest_featural": {
        "eval_loss": 1.0371849536895752,
        "eval_model_preparation_time": 0.0279,
        "eval_precision": 0.4583333333333333,
        "eval_recall": 0.5892857142857143,
        "eval_f1": 0.5156249999999999,
        "eval_accuracy": 0.6974248927038627,
        "eval_runtime": 0.3516,
        "eval_samples_per_second": 284.408,
        "eval_steps_per_second": 36.973
    },
    "no_train_gain": {
        "eval_loss": 1.245345115661621,
        "eval_model_preparation_time": 0.0287,
        "eval_precision": 0.3539325842696629,
        "eval_recall": 0.5625,
        "eval_f1": 0.43448275862068964,
        "eval_accuracy": 0.6573676680972819,
        "eval_runtime": 0.3365,
        "eval_samples_per_second": 297.166,
        "eval_steps_per_second": 38.632
    }
}