{
    "reconstructed_featural": {
        "eval_loss": 4.331595420837402,
        "eval_model_preparation_time": 0.027,
        "eval_accuracy": 0.2913868613138686,
        "eval_precision_macro": 0.2016704710856584,
        "eval_recall_macro": 0.1862864096252114,
        "eval_f1_macro": 0.14222988255801702,
        "eval_precision_micro": 0.2913868613138686,
        "eval_recall_micro": 0.2913868613138686,
        "eval_f1_micro": 0.2913868613138686,
        "eval_runtime": 5.1301,
        "eval_samples_per_second": 195.709,
        "eval_steps_per_second": 24.561
    }
}