{
    "reconstructed_featural": {
        "eval_loss": 4.349204063415527,
        "eval_model_preparation_time": 0.0306,
        "eval_accuracy": 0.2921167883211679,
        "eval_precision_macro": 0.20145843787745085,
        "eval_recall_macro": 0.18684358083368277,
        "eval_f1_macro": 0.1425617217334855,
        "eval_precision_micro": 0.2921167883211679,
        "eval_recall_micro": 0.2921167883211679,
        "eval_f1_micro": 0.2921167883211679,
        "eval_runtime": 5.1057,
        "eval_samples_per_second": 196.644,
        "eval_steps_per_second": 24.678
    }
}
