{
    "reconstructed_featural": {
        "eval_loss": 1.2331749200820923,
        "eval_model_preparation_time": 0.0284,
        "eval_precision": 0.4375,
        "eval_recall": 0.6176470588235294,
        "eval_f1": 0.5121951219512195,
        "eval_accuracy": 0.7347781217750258,
        "eval_runtime": 0.3636,
        "eval_samples_per_second": 275.013,
        "eval_steps_per_second": 35.752
    },
    "baseline_en": {
        "eval_loss": 1.5174375772476196,
        "eval_model_preparation_time": 0.0275,
        "eval_precision": 0.4397163120567376,
        "eval_recall": 0.6078431372549019,
        "eval_f1": 0.5102880658436213,
        "eval_accuracy": 0.6769865841073271,
        "eval_runtime": 0.3724,
        "eval_samples_per_second": 268.558,
        "eval_steps_per_second": 34.912
    },
    "baseline_task_adapter": {
        "eval_loss": 1.261403203010559,
        "eval_model_preparation_time": 0.0278,
        "eval_precision": 0.381294964028777,
        "eval_recall": 0.5196078431372549,
        "eval_f1": 0.4398340248962656,
        "eval_accuracy": 0.7027863777089783,
        "eval_runtime": 0.3352,
        "eval_samples_per_second": 298.358,
        "eval_steps_per_second": 38.786
    },
    "baseline_avg_adapter": {
        "eval_loss": 1.1042758226394653,
        "eval_model_preparation_time": 0.0294,
        "eval_precision": 0.40350877192982454,
        "eval_recall": 0.45098039215686275,
        "eval_f1": 0.42592592592592593,
        "eval_accuracy": 0.7192982456140351,
        "eval_runtime": 1.1213,
        "eval_samples_per_second": 89.179,
        "eval_steps_per_second": 11.593
    },
    "baseline_closest_featural": {
        "eval_loss": 1.3282679319381714,
        "eval_model_preparation_time": 0.0278,
        "eval_precision": 0.48120300751879697,
        "eval_recall": 0.6274509803921569,
        "eval_f1": 0.5446808510638298,
        "eval_accuracy": 0.7265221878224974,
        "eval_runtime": 0.3555,
        "eval_samples_per_second": 281.285,
        "eval_steps_per_second": 36.567
    },
    "no_train_gain": {
        "eval_loss": 1.404405117034912,
        "eval_model_preparation_time": 0.0286,
        "eval_precision": 0.40540540540540543,
        "eval_recall": 0.5882352941176471,
        "eval_f1": 0.4800000000000001,
        "eval_accuracy": 0.695562435500516,
        "eval_runtime": 0.3604,
        "eval_samples_per_second": 277.435,
        "eval_steps_per_second": 36.067
    }
}