{
    "reconstructed_featural": {
        "eval_loss": 1.229506015777588,
        "eval_model_preparation_time": 0.0323,
        "eval_precision": 0.4507042253521127,
        "eval_recall": 0.6274509803921569,
        "eval_f1": 0.5245901639344263,
        "eval_accuracy": 0.737874097007224,
        "eval_runtime": 0.372,
        "eval_samples_per_second": 268.817,
        "eval_steps_per_second": 34.946
    }
}