{
    "reconstructed_featural": {
        "eval_loss": 13.049731254577637,
        "eval_model_preparation_time": 0.0273,
        "eval_accuracy": 0.028770970925377667,
        "eval_precision_macro": 0.0540810502283105,
        "eval_recall_macro": 0.04599514563106796,
        "eval_f1_macro": 0.04971143756558237,
        "eval_precision_micro": 0.028770970925377667,
        "eval_recall_micro": 0.028770970925377667,
        "eval_f1_micro": 0.028770970925377667,
        "eval_runtime": 2.1277,
        "eval_samples_per_second": 189.408,
        "eval_steps_per_second": 23.97
    }
}
