{
    "reconstructed_featural": {
        "eval_loss": 13.13066577911377,
        "eval_model_preparation_time": 0.0282,
        "eval_accuracy": 0.030289227966294692,
        "eval_precision_macro": 0.06172648514851485,
        "eval_recall_macro": 0.04842233009708738,
        "eval_f1_macro": 0.05427094668117519,
        "eval_precision_micro": 0.030289227966294692,
        "eval_recall_micro": 0.030289227966294692,
        "eval_f1_micro": 0.030289227966294692,
        "eval_runtime": 1.218,
        "eval_samples_per_second": 330.882,
        "eval_steps_per_second": 41.873
    },
    "reconstructed_syntactic": {
        "eval_loss": 13.114592552185059,
        "eval_model_preparation_time": 0.0286,
        "eval_accuracy": 0.02990966370606544,
        "eval_precision_macro": 0.061256218905472636,
        "eval_recall_macro": 0.047815533980582525,
        "eval_f1_macro": 0.05370774263904035,
        "eval_precision_micro": 0.02990966370606544,
        "eval_recall_micro": 0.02990966370606544,
        "eval_f1_micro": 0.02990966370606544,
        "eval_runtime": 1.1972,
        "eval_samples_per_second": 336.612,
        "eval_steps_per_second": 42.599
    },
    "reconstructed_morphological": {
        "eval_loss": 13.875188827514648,
        "eval_model_preparation_time": 0.0289,
        "eval_accuracy": 0.02998557655811129,
        "eval_precision_macro": 0.024443069306930694,
        "eval_recall_macro": 0.047936893203883495,
        "eval_f1_macro": 0.03237704918032787,
        "eval_precision_micro": 0.02998557655811129,
        "eval_recall_micro": 0.02998557655811129,
        "eval_f1_micro": 0.02998557655811129,
        "eval_runtime": 1.1867,
        "eval_samples_per_second": 339.588,
        "eval_steps_per_second": 42.975
    }
}
