{
    "reconstructed_featural": {
        "eval_loss": 13.076210975646973,
        "eval_model_preparation_time": 0.0272,
        "eval_accuracy": 0.02899870948151522,
        "eval_precision_macro": 0.05630896226415094,
        "eval_recall_macro": 0.04635922330097087,
        "eval_f1_macro": 0.05085197018104366,
        "eval_precision_micro": 0.02899870948151522,
        "eval_recall_micro": 0.02899870948151522,
        "eval_f1_micro": 0.02899870948151522,
        "eval_runtime": 2.1252,
        "eval_samples_per_second": 189.631,
        "eval_steps_per_second": 23.998
    }
}
