{
    "reconstructed_featural": {
        "eval_loss": 13.01124382019043,
        "eval_model_preparation_time": 0.028,
        "eval_accuracy": 0.028315493813102558,
        "eval_precision_macro": 0.05078976034858388,
        "eval_recall_macro": 0.04526699029126213,
        "eval_f1_macro": 0.04786960985626283,
        "eval_precision_micro": 0.028315493813102558,
        "eval_recall_micro": 0.028315493813102558,
        "eval_f1_micro": 0.028315493813102558,
        "eval_runtime": 2.2117,
        "eval_samples_per_second": 182.217,
        "eval_steps_per_second": 23.06
    },
    "baseline_en": {
        "eval_loss": 14.557291030883789,
        "eval_model_preparation_time": 0.0269,
        "eval_accuracy": 0.018219084491004327,
        "eval_precision_macro": 0.0625,
        "eval_recall_macro": 0.02912621359223301,
        "eval_f1_macro": 0.039735099337748346,
        "eval_precision_micro": 0.018219084491004327,
        "eval_recall_micro": 0.018219084491004327,
        "eval_f1_micro": 0.018219084491004327,
        "eval_runtime": 2.2138,
        "eval_samples_per_second": 182.04,
        "eval_steps_per_second": 23.037
    },
    "baseline_task_adapter": {
        "eval_loss": 11.265705108642578,
        "eval_model_preparation_time": 0.0277,
        "eval_accuracy": 0.01449935474075761,
        "eval_precision_macro": 0.0037705306380290586,
        "eval_recall_macro": 0.023179611650485436,
        "eval_f1_macro": 0.006486009236620484,
        "eval_precision_micro": 0.01449935474075761,
        "eval_recall_micro": 0.01449935474075761,
        "eval_f1_micro": 0.01449935474075761,
        "eval_runtime": 2.0202,
        "eval_samples_per_second": 199.481,
        "eval_steps_per_second": 25.244
    },
    "baseline_avg_adapter": {
        "eval_loss": 8.625350952148438,
        "eval_model_preparation_time": 0.0287,
        "eval_accuracy": 0.0032642526379716087,
        "eval_precision_macro": 0.051682692307692304,
        "eval_recall_macro": 0.005218446601941747,
        "eval_f1_macro": 0.009479717813051146,
        "eval_precision_micro": 0.0032642526379716087,
        "eval_recall_micro": 0.0032642526379716087,
        "eval_f1_micro": 0.0032642526379716087,
        "eval_runtime": 2.2126,
        "eval_samples_per_second": 182.137,
        "eval_steps_per_second": 23.05
    },
    "baseline_closest_featural": {
        "eval_loss": 13.18160629272461,
        "eval_model_preparation_time": 0.0274,
        "eval_accuracy": 0.012373794883473772,
        "eval_precision_macro": 0.04448689956331878,
        "eval_recall_macro": 0.019781553398058253,
        "eval_f1_macro": 0.027385752688172043,
        "eval_precision_micro": 0.012373794883473772,
        "eval_recall_micro": 0.012373794883473772,
        "eval_f1_micro": 0.012373794883473772,
        "eval_runtime": 2.2133,
        "eval_samples_per_second": 182.084,
        "eval_steps_per_second": 23.043
    },
    "no_train_gain": {
        "eval_loss": 13.051457405090332,
        "eval_model_preparation_time": 0.0279,
        "eval_accuracy": 0.022622029909663707,
        "eval_precision_macro": 0.02834855403348554,
        "eval_recall_macro": 0.03616504854368932,
        "eval_f1_macro": 0.031783276450511946,
        "eval_precision_micro": 0.022622029909663707,
        "eval_recall_micro": 0.022622029909663707,
        "eval_f1_micro": 0.022622029909663707,
        "eval_runtime": 2.2203,
        "eval_samples_per_second": 181.509,
        "eval_steps_per_second": 22.97
    }
}
