{
    "reconstructed_featural": {
        "eval_loss": 1.0087103843688965,
        "eval_model_preparation_time": 0.0267,
        "eval_precision": 0.28888888888888886,
        "eval_recall": 0.49056603773584906,
        "eval_f1": 0.3636363636363636,
        "eval_accuracy": 0.7411233053582956,
        "eval_runtime": 0.3174,
        "eval_samples_per_second": 315.051,
        "eval_steps_per_second": 40.957
    }
}