{
    "reconstructed_featural": {
        "eval_loss": 0.9979239702224731,
        "eval_model_preparation_time": 0.0282,
        "eval_precision": 0.2717391304347826,
        "eval_recall": 0.4716981132075472,
        "eval_f1": 0.3448275862068966,
        "eval_accuracy": 0.749515816655907,
        "eval_runtime": 0.3409,
        "eval_samples_per_second": 293.355,
        "eval_steps_per_second": 38.136
    },
    "reconstructed_syntactic": {
        "eval_loss": 0.9968752861022949,
        "eval_model_preparation_time": 0.0274,
        "eval_precision": 0.2717391304347826,
        "eval_recall": 0.4716981132075472,
        "eval_f1": 0.3448275862068966,
        "eval_accuracy": 0.749515816655907,
        "eval_runtime": 0.3392,
        "eval_samples_per_second": 294.797,
        "eval_steps_per_second": 38.324
    },
    "reconstructed_morphological": {
        "eval_loss": 0.9962596893310547,
        "eval_model_preparation_time": 0.0279,
        "eval_precision": 0.2896174863387978,
        "eval_recall": 0.5,
        "eval_f1": 0.36678200692041524,
        "eval_accuracy": 0.7482246610716591,
        "eval_runtime": 0.3479,
        "eval_samples_per_second": 287.479,
        "eval_steps_per_second": 37.372
    }
}