{
    "reconstructed_featural": {
        "eval_loss": 0.31477978825569153,
        "eval_model_preparation_time": 0.0282,
        "eval_precision": 0.699013261265791,
        "eval_recall": 0.7711294460237121,
        "eval_f1": 0.7333025647787961,
        "eval_accuracy": 0.9089059050772627,
        "eval_runtime": 28.9414,
        "eval_samples_per_second": 345.526,
        "eval_steps_per_second": 43.191
    },
    "reconstructed_syntactic": {
        "eval_loss": 0.31178179383277893,
        "eval_model_preparation_time": 0.0285,
        "eval_precision": 0.6938342486270594,
        "eval_recall": 0.7708521112112597,
        "eval_f1": 0.7303182579564489,
        "eval_accuracy": 0.9104166666666667,
        "eval_runtime": 28.2305,
        "eval_samples_per_second": 354.227,
        "eval_steps_per_second": 44.278
    },
    "reconstructed_morphological": {
        "eval_loss": 0.32636046409606934,
        "eval_model_preparation_time": 0.0286,
        "eval_precision": 0.6989705134722929,
        "eval_recall": 0.7626014005408028,
        "eval_f1": 0.7294008422029908,
        "eval_accuracy": 0.9063879690949227,
        "eval_runtime": 28.6627,
        "eval_samples_per_second": 348.885,
        "eval_steps_per_second": 43.611
    }
}
