{
    "reconstructed_featural": {
        "eval_loss": 0.3123362362384796,
        "eval_model_preparation_time": 0.0269,
        "eval_precision": 0.6840836012861736,
        "eval_recall": 0.7670387575400403,
        "eval_f1": 0.7231900637359047,
        "eval_accuracy": 0.9097958057395144,
        "eval_runtime": 27.4665,
        "eval_samples_per_second": 364.08,
        "eval_steps_per_second": 45.51
    }
}
