{
    "reconstructed_featural": {
        "eval_loss": 0.3117176294326782,
        "eval_model_preparation_time": 0.0326,
        "eval_precision": 0.6843406253862316,
        "eval_recall": 0.7678014282742841,
        "eval_f1": 0.7236726025159287,
        "eval_accuracy": 0.910030353200883,
        "eval_runtime": 32.199,
        "eval_samples_per_second": 310.569,
        "eval_steps_per_second": 38.821
    }
}