{
    "reconstructed_featural": {
        "eval_loss": 0.31348514556884766,
        "eval_model_preparation_time": 0.0286,
        "eval_precision": 0.6860767326732673,
        "eval_recall": 0.7687027664147542,
        "eval_f1": 0.7250433247228854,
        "eval_accuracy": 0.9100027593818985,
        "eval_runtime": 28.4939,
        "eval_samples_per_second": 350.953,
        "eval_steps_per_second": 43.869
    },
    "reconstructed_syntactic": {
        "eval_loss": 0.3115786612033844,
        "eval_model_preparation_time": 0.0285,
        "eval_precision": 0.6900621118012422,
        "eval_recall": 0.7702974415863552,
        "eval_f1": 0.7279756249385708,
        "eval_accuracy": 0.9103476821192052,
        "eval_runtime": 28.6549,
        "eval_samples_per_second": 348.981,
        "eval_steps_per_second": 43.623
    },
    "reconstructed_morphological": {
        "eval_loss": 0.3135106861591339,
        "eval_model_preparation_time": 0.0281,
        "eval_precision": 0.6905768274490304,
        "eval_recall": 0.7702974415863552,
        "eval_f1": 0.7282619383173282,
        "eval_accuracy": 0.9106581125827815,
        "eval_runtime": 28.7043,
        "eval_samples_per_second": 348.38,
        "eval_steps_per_second": 43.547
    }
}
