{
    "reconstructed_syntactic": {
        "eval_loss": 1.0430999994277954,
        "eval_model_preparation_time": 0.0279,
        "eval_accuracy": 0.8553139061495607,
        "eval_precision_macro": 0.6214735838421288,
        "eval_recall_macro": 0.6381264612207406,
        "eval_f1_macro": 0.6084050185083404,
        "eval_precision_micro": 0.8553139061495607,
        "eval_recall_micro": 0.8553139061495607,
        "eval_f1_micro": 0.8553139061495607,
        "eval_runtime": 5.2159,
        "eval_samples_per_second": 191.72,
        "eval_steps_per_second": 23.965
    },
    "reconstructed_morphological": {
        "eval_loss": 1.0450143814086914,
        "eval_model_preparation_time": 0.0287,
        "eval_accuracy": 0.8553139061495607,
        "eval_precision_macro": 0.6219618574046062,
        "eval_recall_macro": 0.6380785737455902,
        "eval_f1_macro": 0.6083968246150036,
        "eval_precision_micro": 0.8553139061495607,
        "eval_recall_micro": 0.8553139061495607,
        "eval_f1_micro": 0.8553139061495607,
        "eval_runtime": 5.2215,
        "eval_samples_per_second": 191.516,
        "eval_steps_per_second": 23.939
    }
}