{
    "reconstructed_featural": {
        "eval_loss": 1.0505685806274414,
        "eval_model_preparation_time": 0.028,
        "eval_accuracy": 0.8562781229912149,
        "eval_precision_macro": 0.6232092775769006,
        "eval_recall_macro": 0.6371782995148665,
        "eval_f1_macro": 0.6081306315292403,
        "eval_precision_micro": 0.8562781229912149,
        "eval_recall_micro": 0.8562781229912149,
        "eval_f1_micro": 0.8562781229912149,
        "eval_runtime": 3.4497,
        "eval_samples_per_second": 289.877,
        "eval_steps_per_second": 36.235
    },
    "reconstructed_syntactic": {
        "eval_loss": 1.0516939163208008,
        "eval_model_preparation_time": 0.0273,
        "eval_accuracy": 0.8549389329333619,
        "eval_precision_macro": 0.6221585323233003,
        "eval_recall_macro": 0.636929381074264,
        "eval_f1_macro": 0.6076417572350156,
        "eval_precision_micro": 0.8549389329333619,
        "eval_recall_micro": 0.8549389329333619,
        "eval_f1_micro": 0.8549389329333619,
        "eval_runtime": 3.4741,
        "eval_samples_per_second": 287.842,
        "eval_steps_per_second": 35.98
    },
    "reconstructed_morphological": {
        "eval_loss": 1.0590946674346924,
        "eval_model_preparation_time": 0.0285,
        "eval_accuracy": 0.8550460681379901,
        "eval_precision_macro": 0.6225007089837356,
        "eval_recall_macro": 0.6355467634556049,
        "eval_f1_macro": 0.6068821626786262,
        "eval_precision_micro": 0.8550460681379901,
        "eval_recall_micro": 0.8550460681379901,
        "eval_f1_micro": 0.8550460681379901,
        "eval_runtime": 3.2903,
        "eval_samples_per_second": 303.921,
        "eval_steps_per_second": 37.99
    }
}