{
    "reconstructed_featural": {
        "eval_loss": 1.0493969917297363,
        "eval_model_preparation_time": 0.0283,
        "eval_accuracy": 0.8550996357403042,
        "eval_precision_macro": 0.6226131886392599,
        "eval_recall_macro": 0.6376959213177873,
        "eval_f1_macro": 0.6080366066446926,
        "eval_precision_micro": 0.8550996357403042,
        "eval_recall_micro": 0.8550996357403042,
        "eval_f1_micro": 0.8550996357403042,
        "eval_runtime": 2.7657,
        "eval_samples_per_second": 361.568,
        "eval_steps_per_second": 45.196
    },
    "reconstructed_syntactic": {
        "eval_loss": 1.0501359701156616,
        "eval_model_preparation_time": 0.0278,
        "eval_accuracy": 0.8555281765588172,
        "eval_precision_macro": 0.6220159708258697,
        "eval_recall_macro": 0.6379890156089185,
        "eval_f1_macro": 0.608158295274106,
        "eval_precision_micro": 0.8555281765588172,
        "eval_recall_micro": 0.8555281765588172,
        "eval_f1_micro": 0.8555281765588172,
        "eval_runtime": 2.7725,
        "eval_samples_per_second": 360.689,
        "eval_steps_per_second": 45.086
    },
    "reconstructed_morphological": {
        "eval_loss": 1.0543352365493774,
        "eval_model_preparation_time": 0.0289,
        "eval_accuracy": 0.8548853653310478,
        "eval_precision_macro": 0.6219435811466285,
        "eval_recall_macro": 0.6370439690082612,
        "eval_f1_macro": 0.6076963874688821,
        "eval_precision_micro": 0.8548853653310478,
        "eval_recall_micro": 0.8548853653310478,
        "eval_f1_micro": 0.8548853653310478,
        "eval_runtime": 2.7985,
        "eval_samples_per_second": 357.338,
        "eval_steps_per_second": 44.667
    }
}
