{
    "reconstructed_featural": {
        "eval_loss": 1.0469897985458374,
        "eval_model_preparation_time": 0.0271,
        "eval_accuracy": 0.854992500535676,
        "eval_precision_macro": 0.6219708541085992,
        "eval_recall_macro": 0.6376059288790268,
        "eval_f1_macro": 0.6079178399370792,
        "eval_precision_micro": 0.854992500535676,
        "eval_recall_micro": 0.854992500535676,
        "eval_f1_micro": 0.854992500535676,
        "eval_runtime": 5.1709,
        "eval_samples_per_second": 193.39,
        "eval_steps_per_second": 24.174
    }
}
