{
    "reconstructed_featural": {
        "eval_loss": 1.0432137250900269,
        "eval_model_preparation_time": 0.0282,
        "eval_accuracy": 0.8553139061495607,
        "eval_precision_macro": 0.6216299007122958,
        "eval_recall_macro": 0.6381375871639492,
        "eval_f1_macro": 0.6083637055559679,
        "eval_precision_micro": 0.8553139061495607,
        "eval_recall_micro": 0.8553139061495607,
        "eval_f1_micro": 0.8553139061495607,
        "eval_runtime": 5.4238,
        "eval_samples_per_second": 184.373,
        "eval_steps_per_second": 23.047
    },
    "baseline_en": {
        "eval_loss": 1.1013761758804321,
        "eval_model_preparation_time": 0.0272,
        "eval_accuracy": 0.8519391472037712,
        "eval_precision_macro": 0.6162533351234457,
        "eval_recall_macro": 0.6331439717077996,
        "eval_f1_macro": 0.6027567477612438,
        "eval_precision_micro": 0.8519391472037712,
        "eval_recall_micro": 0.8519391472037712,
        "eval_f1_micro": 0.8519391472037712,
        "eval_runtime": 5.4278,
        "eval_samples_per_second": 184.238,
        "eval_steps_per_second": 23.03
    },
    "baseline_task_adapter": {
        "eval_loss": 0.9857794046401978,
        "eval_model_preparation_time": 0.0266,
        "eval_accuracy": 0.8539747160917077,
        "eval_precision_macro": 0.6136741451759821,
        "eval_recall_macro": 0.6339467102155416,
        "eval_f1_macro": 0.6056990552375255,
        "eval_precision_micro": 0.8539747160917077,
        "eval_recall_micro": 0.8539747160917077,
        "eval_f1_micro": 0.8539747160917077,
        "eval_runtime": 4.9629,
        "eval_samples_per_second": 201.497,
        "eval_steps_per_second": 25.187
    },
    "baseline_avg_adapter": {
        "eval_loss": 0.9543365836143494,
        "eval_model_preparation_time": 0.0295,
        "eval_accuracy": 0.8468502249839297,
        "eval_precision_macro": 0.6075012200577701,
        "eval_recall_macro": 0.6278440754233305,
        "eval_f1_macro": 0.5978663245997248,
        "eval_precision_micro": 0.8468502249839297,
        "eval_recall_micro": 0.8468502249839297,
        "eval_f1_micro": 0.8468502249839297,
        "eval_runtime": 5.424,
        "eval_samples_per_second": 184.365,
        "eval_steps_per_second": 23.046
    },
    "baseline_closest_featural": {
        "eval_loss": 0.9971045851707458,
        "eval_model_preparation_time": 0.0268,
        "eval_accuracy": 0.8516177415898865,
        "eval_precision_macro": 0.6152541130609147,
        "eval_recall_macro": 0.6335483203447065,
        "eval_f1_macro": 0.6037190242489787,
        "eval_precision_micro": 0.8516177415898865,
        "eval_recall_micro": 0.8516177415898865,
        "eval_f1_micro": 0.8516177415898865,
        "eval_runtime": 5.4205,
        "eval_samples_per_second": 184.485,
        "eval_steps_per_second": 23.061
    },
    "no_train_gain": {
        "eval_loss": 1.0439035892486572,
        "eval_model_preparation_time": 0.0282,
        "eval_accuracy": 0.8552067709449325,
        "eval_precision_macro": 0.6186444035480989,
        "eval_recall_macro": 0.6361534725309926,
        "eval_f1_macro": 0.6059489703914636,
        "eval_precision_micro": 0.8552067709449325,
        "eval_recall_micro": 0.8552067709449325,
        "eval_f1_micro": 0.8552067709449325,
        "eval_runtime": 5.4272,
        "eval_samples_per_second": 184.258,
        "eval_steps_per_second": 23.032
    }
}