{
    "reconstructed_featural": {
        "eval_loss": 0.7483281493186951,
        "eval_model_preparation_time": 0.0285,
        "eval_precision": 0.3945945945945946,
        "eval_recall": 0.5748031496062992,
        "eval_f1": 0.4679487179487179,
        "eval_accuracy": 0.7672955974842768,
        "eval_runtime": 0.3398,
        "eval_samples_per_second": 294.27,
        "eval_steps_per_second": 38.255
    },
    "reconstructed_syntactic": {
        "eval_loss": 0.7184146046638489,
        "eval_model_preparation_time": 0.0281,
        "eval_precision": 0.3785310734463277,
        "eval_recall": 0.5275590551181102,
        "eval_f1": 0.44078947368421056,
        "eval_accuracy": 0.7704402515723271,
        "eval_runtime": 0.3759,
        "eval_samples_per_second": 265.997,
        "eval_steps_per_second": 34.58
    },
    "reconstructed_morphological": {
        "eval_loss": 0.7549481391906738,
        "eval_model_preparation_time": 0.0296,
        "eval_precision": 0.46496815286624205,
        "eval_recall": 0.5748031496062992,
        "eval_f1": 0.5140845070422536,
        "eval_accuracy": 0.769916142557652,
        "eval_runtime": 0.3334,
        "eval_samples_per_second": 299.901,
        "eval_steps_per_second": 38.987
    }
}
