{
    "reconstructed_featural": {
        "eval_loss": 0.8025622367858887,
        "eval_model_preparation_time": 0.0264,
        "eval_precision": 0.45161290322580644,
        "eval_recall": 0.5511811023622047,
        "eval_f1": 0.49645390070921985,
        "eval_accuracy": 0.7704402515723271,
        "eval_runtime": 0.3337,
        "eval_samples_per_second": 299.649,
        "eval_steps_per_second": 38.954
    }
}