{
    "reconstructed_featural": {
        "eval_loss": 2.4563684463500977,
        "eval_model_preparation_time": 0.0273,
        "eval_accuracy": 0.6686150818913131,
        "eval_precision_macro": 0.541590171240955,
        "eval_recall_macro": 0.5958207957996924,
        "eval_f1_macro": 0.5257630519441374,
        "eval_precision_micro": 0.6686150818913131,
        "eval_recall_micro": 0.6686150818913131,
        "eval_f1_micro": 0.6686150818913131,
        "eval_runtime": 5.0811,
        "eval_samples_per_second": 187.556,
        "eval_steps_per_second": 23.617
    }
}
