{
    "reconstructed_syntactic": {
        "eval_loss": 2.4413671493530273,
        "eval_model_preparation_time": 0.0281,
        "eval_accuracy": 0.6696568088431043,
        "eval_precision_macro": 0.5415268974733457,
        "eval_recall_macro": 0.596070833511625,
        "eval_f1_macro": 0.526390988693756,
        "eval_precision_micro": 0.6696568088431043,
        "eval_recall_micro": 0.6696568088431043,
        "eval_f1_micro": 0.6696568088431043,
        "eval_runtime": 5.2333,
        "eval_samples_per_second": 182.103,
        "eval_steps_per_second": 22.93
    },
    "reconstructed_morphological": {
        "eval_loss": 2.4462292194366455,
        "eval_model_preparation_time": 0.0286,
        "eval_accuracy": 0.6696568088431043,
        "eval_precision_macro": 0.5418592234755302,
        "eval_recall_macro": 0.5967403936900973,
        "eval_f1_macro": 0.5266587551170395,
        "eval_precision_micro": 0.6696568088431043,
        "eval_recall_micro": 0.6696568088431043,
        "eval_f1_micro": 0.6696568088431043,
        "eval_runtime": 5.2297,
        "eval_samples_per_second": 182.228,
        "eval_steps_per_second": 22.946
    }
}
