{
    "reconstructed_featural": {
        "eval_loss": 2.506096363067627,
        "eval_model_preparation_time": 0.029,
        "eval_accuracy": 0.6603970137160715,
        "eval_precision_macro": 0.5405207897520872,
        "eval_recall_macro": 0.5848263106777606,
        "eval_f1_macro": 0.5221851900985108,
        "eval_precision_micro": 0.6603970137160715,
        "eval_recall_micro": 0.6603970137160715,
        "eval_f1_micro": 0.6603970137160715,
        "eval_runtime": 2.6138,
        "eval_samples_per_second": 364.6,
        "eval_steps_per_second": 45.91
    },
    "reconstructed_syntactic": {
        "eval_loss": 2.5453507900238037,
        "eval_model_preparation_time": 0.0277,
        "eval_accuracy": 0.6609178771919672,
        "eval_precision_macro": 0.5390757756536647,
        "eval_recall_macro": 0.5879679731623677,
        "eval_f1_macro": 0.5234326099049632,
        "eval_precision_micro": 0.6609178771919672,
        "eval_recall_micro": 0.6609178771919672,
        "eval_f1_micro": 0.6609178771919672,
        "eval_runtime": 2.521,
        "eval_samples_per_second": 378.031,
        "eval_steps_per_second": 47.601
    },
    "reconstructed_morphological": {
        "eval_loss": 2.4681763648986816,
        "eval_model_preparation_time": 0.0279,
        "eval_accuracy": 0.6660686382313792,
        "eval_precision_macro": 0.5455593587143474,
        "eval_recall_macro": 0.5888612839909846,
        "eval_f1_macro": 0.5248138767066491,
        "eval_precision_micro": 0.6660686382313792,
        "eval_recall_micro": 0.6660686382313792,
        "eval_f1_micro": 0.6660686382313792,
        "eval_runtime": 2.5438,
        "eval_samples_per_second": 374.637,
        "eval_steps_per_second": 47.174
    }
}
