{
    "reconstructed_featural": {
        "eval_loss": 0.2592359483242035,
        "eval_model_preparation_time": 0.0331,
        "eval_precision": 0.7586000399228159,
        "eval_recall": 0.8323112863191707,
        "eval_f1": 0.7937480419117904,
        "eval_accuracy": 0.9274070968080088,
        "eval_runtime": 38.0364,
        "eval_samples_per_second": 262.906,
        "eval_steps_per_second": 32.863
    },
    "reconstructed_syntactic": {
        "eval_loss": 0.2588425874710083,
        "eval_model_preparation_time": 0.0282,
        "eval_precision": 0.7561088977423639,
        "eval_recall": 0.831289239305008,
        "eval_f1": 0.791918770429098,
        "eval_accuracy": 0.9275868007457714,
        "eval_runtime": 33.2165,
        "eval_samples_per_second": 301.055,
        "eval_steps_per_second": 37.632
    },
    "reconstructed_morphological": {
        "eval_loss": 0.26472005248069763,
        "eval_model_preparation_time": 0.0287,
        "eval_precision": 0.7573455926444134,
        "eval_recall": 0.8298291721419185,
        "eval_f1": 0.7919322813251124,
        "eval_accuracy": 0.9258721256729538,
        "eval_runtime": 32.3138,
        "eval_samples_per_second": 309.465,
        "eval_steps_per_second": 38.683
    }
}