{
    "reconstructed_featural": {
        "eval_loss": 0.2601058781147003,
        "eval_model_preparation_time": 0.0276,
        "eval_precision": 0.7515375967197937,
        "eval_recall": 0.8296101620674551,
        "eval_f1": 0.788646379124883,
        "eval_accuracy": 0.9267931083539868,
        "eval_runtime": 26.4036,
        "eval_samples_per_second": 378.737,
        "eval_steps_per_second": 47.342
    }
}
