{
    "reconstructed_featural": {
        "eval_loss": 0.573150634765625,
        "eval_model_preparation_time": 0.0285,
        "eval_accuracy": 0.9073131796867205,
        "eval_precision_macro": 0.8116951604522508,
        "eval_recall_macro": 0.8521873690148831,
        "eval_f1_macro": 0.825692611979571,
        "eval_precision_micro": 0.9073131796867205,
        "eval_recall_micro": 0.9073131796867205,
        "eval_f1_micro": 0.9073131796867205,
        "eval_runtime": 2.9186,
        "eval_samples_per_second": 193.587,
        "eval_steps_per_second": 24.327
    }
}