{
    "reconstructed_featural": {
        "eval_loss": 0.5827987790107727,
        "eval_model_preparation_time": 0.029,
        "eval_accuracy": 0.9060161628255013,
        "eval_precision_macro": 0.7646384361535512,
        "eval_recall_macro": 0.8039634059601488,
        "eval_f1_macro": 0.7781872708185351,
        "eval_precision_micro": 0.9060161628255013,
        "eval_recall_micro": 0.9060161628255013,
        "eval_f1_micro": 0.9060161628255013,
        "eval_runtime": 1.8772,
        "eval_samples_per_second": 300.974,
        "eval_steps_per_second": 37.821
    },
    "reconstructed_syntactic": {
        "eval_loss": 0.5709043145179749,
        "eval_model_preparation_time": 0.0282,
        "eval_accuracy": 0.9077122617978649,
        "eval_precision_macro": 0.8123728723826704,
        "eval_recall_macro": 0.8526137186882896,
        "eval_f1_macro": 0.8263585473077346,
        "eval_precision_micro": 0.9077122617978649,
        "eval_recall_micro": 0.9077122617978649,
        "eval_f1_micro": 0.9077122617978649,
        "eval_runtime": 1.847,
        "eval_samples_per_second": 305.898,
        "eval_steps_per_second": 38.44
    },
    "reconstructed_morphological": {
        "eval_loss": 0.5798866748809814,
        "eval_model_preparation_time": 0.0277,
        "eval_accuracy": 0.9054175396587848,
        "eval_precision_macro": 0.765021215716002,
        "eval_recall_macro": 0.804274372439899,
        "eval_f1_macro": 0.7784367976835131,
        "eval_precision_micro": 0.9054175396587848,
        "eval_recall_micro": 0.9054175396587848,
        "eval_f1_micro": 0.9054175396587848,
        "eval_runtime": 1.9366,
        "eval_samples_per_second": 291.741,
        "eval_steps_per_second": 36.661
    }
}