{
    "reconstructed_featural": {
        "eval_loss": 0.5656735301017761,
        "eval_model_preparation_time": 0.0279,
        "eval_accuracy": 0.9076124912700788,
        "eval_precision_macro": 0.8120568817764534,
        "eval_recall_macro": 0.8520199860922477,
        "eval_f1_macro": 0.8259105584519546,
        "eval_precision_micro": 0.9076124912700788,
        "eval_recall_micro": 0.9076124912700788,
        "eval_f1_micro": 0.9076124912700788,
        "eval_runtime": 3.0792,
        "eval_samples_per_second": 183.49,
        "eval_steps_per_second": 23.058
    },
    "baseline_en": {
        "eval_loss": 0.6363145112991333,
        "eval_model_preparation_time": 0.0268,
        "eval_accuracy": 0.9029232764641325,
        "eval_precision_macro": 0.760068860335584,
        "eval_recall_macro": 0.8145119718923284,
        "eval_f1_macro": 0.7797737249993606,
        "eval_precision_micro": 0.9029232764641325,
        "eval_recall_micro": 0.9029232764641325,
        "eval_f1_micro": 0.9029232764641325,
        "eval_runtime": 3.0775,
        "eval_samples_per_second": 183.59,
        "eval_steps_per_second": 23.071
    },
    "baseline_task_adapter": {
        "eval_loss": 0.5351308584213257,
        "eval_model_preparation_time": 0.0274,
        "eval_accuracy": 0.9068143270477901,
        "eval_precision_macro": 0.8168950477988622,
        "eval_recall_macro": 0.8465292650146852,
        "eval_f1_macro": 0.826993308827744,
        "eval_precision_micro": 0.9068143270477901,
        "eval_recall_micro": 0.9068143270477901,
        "eval_f1_micro": 0.9068143270477901,
        "eval_runtime": 2.8144,
        "eval_samples_per_second": 200.752,
        "eval_steps_per_second": 25.227
    },
    "baseline_avg_adapter": {
        "eval_loss": 0.5313567519187927,
        "eval_model_preparation_time": 0.0287,
        "eval_accuracy": 0.9064152449366457,
        "eval_precision_macro": 0.805031741782304,
        "eval_recall_macro": 0.8615145310259253,
        "eval_f1_macro": 0.8284604660670906,
        "eval_precision_micro": 0.9064152449366457,
        "eval_recall_micro": 0.9064152449366457,
        "eval_f1_micro": 0.9064152449366457,
        "eval_runtime": 3.088,
        "eval_samples_per_second": 182.966,
        "eval_steps_per_second": 22.992
    },
    "baseline_closest_featural": {
        "eval_loss": 0.5398746728897095,
        "eval_model_preparation_time": 0.0273,
        "eval_accuracy": 0.9052179986032126,
        "eval_precision_macro": 0.7793112313325453,
        "eval_recall_macro": 0.8488724892953393,
        "eval_f1_macro": 0.8063414424520752,
        "eval_precision_micro": 0.9052179986032126,
        "eval_recall_micro": 0.9052179986032126,
        "eval_f1_micro": 0.9052179986032126,
        "eval_runtime": 3.0944,
        "eval_samples_per_second": 182.591,
        "eval_steps_per_second": 22.945
    },
    "no_train_gain": {
        "eval_loss": 0.5683899521827698,
        "eval_model_preparation_time": 0.0295,
        "eval_accuracy": 0.9093085902424424,
        "eval_precision_macro": 0.8121888098988629,
        "eval_recall_macro": 0.8534083343537743,
        "eval_f1_macro": 0.8266908818181907,
        "eval_precision_micro": 0.9093085902424424,
        "eval_recall_micro": 0.9093085902424424,
        "eval_f1_micro": 0.9093085902424424,
        "eval_runtime": 3.098,
        "eval_samples_per_second": 182.376,
        "eval_steps_per_second": 22.918
    }
}