{
    "reconstructed_featural": {
        "eval_loss": 0.8343759179115295,
        "eval_model_preparation_time": 0.0277,
        "eval_accuracy": 0.8867802558064367,
        "eval_precision_macro": 0.7384853787134087,
        "eval_recall_macro": 0.7613266664886345,
        "eval_f1_macro": 0.7415979682075314,
        "eval_precision_micro": 0.8867802558064367,
        "eval_recall_micro": 0.8867802558064367,
        "eval_f1_micro": 0.8867802558064367,
        "eval_runtime": 5.2125,
        "eval_samples_per_second": 191.847,
        "eval_steps_per_second": 23.981
    }
}