{
    "reconstructed_featural": {
        "eval_loss": 0.8324474096298218,
        "eval_model_preparation_time": 0.0275,
        "eval_accuracy": 0.8870573024888027,
        "eval_precision_macro": 0.7386535050613087,
        "eval_recall_macro": 0.761458700710121,
        "eval_f1_macro": 0.7418050742826959,
        "eval_precision_micro": 0.8870573024888027,
        "eval_recall_micro": 0.8870573024888027,
        "eval_f1_micro": 0.8870573024888027,
        "eval_runtime": 5.5685,
        "eval_samples_per_second": 179.581,
        "eval_steps_per_second": 22.448
    },
    "baseline_en": {
        "eval_loss": 0.8834338188171387,
        "eval_model_preparation_time": 0.0268,
        "eval_accuracy": 0.882716904465069,
        "eval_precision_macro": 0.7297747145857112,
        "eval_recall_macro": 0.7625974172990151,
        "eval_f1_macro": 0.7371992953875801,
        "eval_precision_micro": 0.882716904465069,
        "eval_recall_micro": 0.882716904465069,
        "eval_f1_micro": 0.882716904465069,
        "eval_runtime": 5.5691,
        "eval_samples_per_second": 179.563,
        "eval_steps_per_second": 22.445
    },
    "baseline_task_adapter": {
        "eval_loss": 0.8019632697105408,
        "eval_model_preparation_time": 0.027,
        "eval_accuracy": 0.8894121992889135,
        "eval_precision_macro": 0.7509846669928577,
        "eval_recall_macro": 0.7643657002497457,
        "eval_f1_macro": 0.7460099858846495,
        "eval_precision_micro": 0.8894121992889135,
        "eval_recall_micro": 0.8894121992889135,
        "eval_f1_micro": 0.8894121992889135,
        "eval_runtime": 5.1118,
        "eval_samples_per_second": 195.627,
        "eval_steps_per_second": 24.453
    },
    "baseline_avg_adapter": {
        "eval_loss": 0.7859501242637634,
        "eval_model_preparation_time": 0.0285,
        "eval_accuracy": 0.8825322066768251,
        "eval_precision_macro": 0.7564291655886651,
        "eval_recall_macro": 0.7638674738886739,
        "eval_f1_macro": 0.7404560022423078,
        "eval_precision_micro": 0.8825322066768251,
        "eval_recall_micro": 0.8825322066768251,
        "eval_f1_micro": 0.8825322066768251,
        "eval_runtime": 5.5847,
        "eval_samples_per_second": 179.06,
        "eval_steps_per_second": 22.383
    },
    "baseline_closest_featural": {
        "eval_loss": 0.7668085694313049,
        "eval_model_preparation_time": 0.0281,
        "eval_accuracy": 0.8923673639008173,
        "eval_precision_macro": 0.7462913998576155,
        "eval_recall_macro": 0.7668047733841798,
        "eval_f1_macro": 0.7496306719722793,
        "eval_precision_micro": 0.8923673639008173,
        "eval_recall_micro": 0.8923673639008173,
        "eval_f1_micro": 0.8923673639008173,
        "eval_runtime": 5.5863,
        "eval_samples_per_second": 179.011,
        "eval_steps_per_second": 22.376
    },
    "no_train_gain": {
        "eval_loss": 0.8331053256988525,
        "eval_model_preparation_time": 0.0289,
        "eval_accuracy": 0.8880731403241446,
        "eval_precision_macro": 0.7459269060597657,
        "eval_recall_macro": 0.7649697993793793,
        "eval_f1_macro": 0.7433196531428476,
        "eval_precision_micro": 0.8880731403241446,
        "eval_recall_micro": 0.8880731403241446,
        "eval_f1_micro": 0.8880731403241446,
        "eval_runtime": 5.5776,
        "eval_samples_per_second": 179.289,
        "eval_steps_per_second": 22.411
    }
}