{
    "reconstructed_featural": {
        "eval_loss": 0.8347912430763245,
        "eval_model_preparation_time": 0.0274,
        "eval_accuracy": 0.8866879069123147,
        "eval_precision_macro": 0.7378250157765237,
        "eval_recall_macro": 0.7609143953358487,
        "eval_f1_macro": 0.7410452745474791,
        "eval_precision_micro": 0.8866879069123147,
        "eval_recall_micro": 0.8866879069123147,
        "eval_f1_micro": 0.8866879069123147,
        "eval_runtime": 5.2014,
        "eval_samples_per_second": 192.256,
        "eval_steps_per_second": 24.032
    }
}
