{
    "reconstructed_featural": {
        "exact_match": 57.47899159663866,
        "f1": 74.98860365600639
    }
}
