{
    "reconstructed_featural": {
        "exact_match": 57.563025210084035,
        "f1": 74.91171170415474
    }
}
