{
    "reconstructed_featural": {
        "exact_match": 58.0672268907563,
        "f1": 75.40043398767166
    }
}
