{
    "reconstructed_featural": {
        "eval_loss": 0.9086548686027527,
        "eval_model_preparation_time": 0.0285,
        "eval_precision": 0.30808080808080807,
        "eval_recall": 0.488,
        "eval_f1": 0.37770897832817335,
        "eval_accuracy": 0.7209302325581395,
        "eval_runtime": 0.3607,
        "eval_samples_per_second": 277.211,
        "eval_steps_per_second": 36.037
    },
    "baseline_en": {
        "eval_loss": 1.399829387664795,
        "eval_model_preparation_time": 0.0276,
        "eval_precision": 0.21808510638297873,
        "eval_recall": 0.328,
        "eval_f1": 0.26198083067092653,
        "eval_accuracy": 0.6325581395348837,
        "eval_runtime": 0.3354,
        "eval_samples_per_second": 298.195,
        "eval_steps_per_second": 38.765
    },
    "baseline_task_adapter": {
        "eval_loss": 0.7620179653167725,
        "eval_model_preparation_time": 0.0278,
        "eval_precision": 0.3389830508474576,
        "eval_recall": 0.48,
        "eval_f1": 0.3973509933774834,
        "eval_accuracy": 0.7840531561461794,
        "eval_runtime": 0.303,
        "eval_samples_per_second": 330.026,
        "eval_steps_per_second": 42.903
    },
    "baseline_avg_adapter": {
        "eval_loss": 0.8688888549804688,
        "eval_model_preparation_time": 0.0293,
        "eval_precision": 0.34375,
        "eval_recall": 0.352,
        "eval_f1": 0.34782608695652173,
        "eval_accuracy": 0.7581395348837209,
        "eval_runtime": 0.3426,
        "eval_samples_per_second": 291.873,
        "eval_steps_per_second": 37.943
    },
    "baseline_closest_featural": {
        "eval_loss": 0.9312277436256409,
        "eval_model_preparation_time": 0.029,
        "eval_precision": 0.27932960893854747,
        "eval_recall": 0.4,
        "eval_f1": 0.32894736842105265,
        "eval_accuracy": 0.6943521594684385,
        "eval_runtime": 0.349,
        "eval_samples_per_second": 286.514,
        "eval_steps_per_second": 37.247
    },
    "no_train_gain": {
        "eval_loss": 1.1746388673782349,
        "eval_model_preparation_time": 0.0287,
        "eval_precision": 0.3048128342245989,
        "eval_recall": 0.456,
        "eval_f1": 0.36538461538461536,
        "eval_accuracy": 0.6438538205980067,
        "eval_runtime": 0.3352,
        "eval_samples_per_second": 298.32,
        "eval_steps_per_second": 38.782
    }
}