{
    "reconstructed_featural": {
        "eval_loss": 0.9715151786804199,
        "eval_model_preparation_time": 0.0288,
        "eval_precision": 0.30569948186528495,
        "eval_recall": 0.472,
        "eval_f1": 0.3710691823899371,
        "eval_accuracy": 0.707641196013289,
        "eval_runtime": 0.3325,
        "eval_samples_per_second": 300.735,
        "eval_steps_per_second": 39.096
    },
    "reconstructed_syntactic": {
        "eval_loss": 0.9927504062652588,
        "eval_model_preparation_time": 0.0287,
        "eval_precision": 0.29949238578680204,
        "eval_recall": 0.472,
        "eval_f1": 0.3664596273291925,
        "eval_accuracy": 0.7043189368770764,
        "eval_runtime": 0.3258,
        "eval_samples_per_second": 306.941,
        "eval_steps_per_second": 39.902
    },
    "reconstructed_morphological": {
        "eval_loss": 0.9640742540359497,
        "eval_model_preparation_time": 0.028,
        "eval_precision": 0.30256410256410254,
        "eval_recall": 0.472,
        "eval_f1": 0.3687499999999999,
        "eval_accuracy": 0.706312292358804,
        "eval_runtime": 0.3226,
        "eval_samples_per_second": 309.992,
        "eval_steps_per_second": 40.299
    }
}