{
    "reconstructed_featural": {
        "eval_loss": 2.3542091846466064,
        "eval_model_preparation_time": 0.0287,
        "eval_precision": 0.0,
        "eval_recall": 0.0,
        "eval_f1": 0.0,
        "eval_accuracy": 0.7017024426350851,
        "eval_runtime": 0.3361,
        "eval_samples_per_second": 297.561,
        "eval_steps_per_second": 38.683
    },
    "baseline_en": {
        "eval_loss": 2.8714935779571533,
        "eval_model_preparation_time": 0.0274,
        "eval_precision": 0.0,
        "eval_recall": 0.0,
        "eval_f1": 0.0,
        "eval_accuracy": 0.7017024426350851,
        "eval_runtime": 0.3381,
        "eval_samples_per_second": 295.73,
        "eval_steps_per_second": 38.445
    },
    "baseline_task_adapter": {
        "eval_loss": 2.18434739112854,
        "eval_model_preparation_time": 0.0282,
        "eval_precision": 0.0,
        "eval_recall": 0.0,
        "eval_f1": 0.0,
        "eval_accuracy": 0.7024426350851222,
        "eval_runtime": 0.2961,
        "eval_samples_per_second": 337.731,
        "eval_steps_per_second": 43.905
    },
    "baseline_avg_adapter": {
        "eval_loss": 2.3891139030456543,
        "eval_model_preparation_time": 0.0291,
        "eval_precision": 0.0,
        "eval_recall": 0.0,
        "eval_f1": 0.0,
        "eval_accuracy": 0.7031828275351591,
        "eval_runtime": 0.34,
        "eval_samples_per_second": 294.079,
        "eval_steps_per_second": 38.23
    },
    "baseline_closest_featural": {
        "eval_loss": 2.1092777252197266,
        "eval_model_preparation_time": 0.0275,
        "eval_precision": 0.014705882352941176,
        "eval_recall": 0.009345794392523364,
        "eval_f1": 0.011428571428571429,
        "eval_accuracy": 0.6380458919319023,
        "eval_runtime": 0.3424,
        "eval_samples_per_second": 292.053,
        "eval_steps_per_second": 37.967
    },
    "no_train_gain": {
        "eval_loss": 2.3993988037109375,
        "eval_model_preparation_time": 0.0285,
        "eval_precision": 0.0,
        "eval_recall": 0.0,
        "eval_f1": 0.0,
        "eval_accuracy": 0.7017024426350851,
        "eval_runtime": 0.3538,
        "eval_samples_per_second": 282.666,
        "eval_steps_per_second": 36.747
    }
}