{
    "reconstructed_syntactic": {
        "eval_loss": 0.37976229190826416,
        "eval_model_preparation_time": 0.0283,
        "eval_precision": 0.6474709261594508,
        "eval_recall": 0.7597829661295626,
        "eval_f1": 0.6991451698313034,
        "eval_accuracy": 0.8979797484626153,
        "eval_runtime": 28.1037,
        "eval_samples_per_second": 355.825,
        "eval_steps_per_second": 44.478
    },
    "reconstructed_morphological": {
        "eval_loss": 0.3785342276096344,
        "eval_model_preparation_time": 0.028,
        "eval_precision": 0.6491129654301943,
        "eval_recall": 0.761016113120684,
        "eval_f1": 0.7006244087038789,
        "eval_accuracy": 0.8984209465605613,
        "eval_runtime": 28.1905,
        "eval_samples_per_second": 354.729,
        "eval_steps_per_second": 44.341
    }
}