{
    "reconstructed_featural": {
        "eval_loss": 0.37817665934562683,
        "eval_model_preparation_time": 0.0321,
        "eval_precision": 0.6484457231071504,
        "eval_recall": 0.7597007563301545,
        "eval_f1": 0.6996782131364756,
        "eval_accuracy": 0.8987586537466433,
        "eval_runtime": 32.9863,
        "eval_samples_per_second": 303.156,
        "eval_steps_per_second": 37.895
    }
}
