{
    "reconstructed_featural": {
        "eval_loss": 1.335835337638855,
        "eval_model_preparation_time": 0.0272,
        "eval_accuracy": 0.8325036873156342,
        "eval_precision_macro": 0.6088256415720981,
        "eval_recall_macro": 0.649529362550275,
        "eval_f1_macro": 0.6062535728565996,
        "eval_precision_micro": 0.8325036873156342,
        "eval_recall_micro": 0.8325036873156342,
        "eval_f1_micro": 0.8325036873156342,
        "eval_runtime": 2.392,
        "eval_samples_per_second": 190.633,
        "eval_steps_per_second": 23.829
    }
}
