{
    "reconstructed_featural": {
        "eval_loss": 1.3284275531768799,
        "eval_model_preparation_time": 0.0278,
        "eval_accuracy": 0.8326880530973452,
        "eval_precision_macro": 0.6085921774313676,
        "eval_recall_macro": 0.6496519171303385,
        "eval_f1_macro": 0.6061122962271579,
        "eval_precision_micro": 0.8326880530973452,
        "eval_recall_micro": 0.8326880530973452,
        "eval_f1_micro": 0.8326880530973452,
        "eval_runtime": 2.5656,
        "eval_samples_per_second": 177.735,
        "eval_steps_per_second": 22.217
    },
    "baseline_en": {
        "eval_loss": 1.3389986753463745,
        "eval_model_preparation_time": 0.0271,
        "eval_accuracy": 0.8313053097345132,
        "eval_precision_macro": 0.6092519838919516,
        "eval_recall_macro": 0.6597279583726903,
        "eval_f1_macro": 0.6093770242415579,
        "eval_precision_micro": 0.8313053097345132,
        "eval_recall_micro": 0.8313053097345132,
        "eval_f1_micro": 0.8313053097345132,
        "eval_runtime": 2.5625,
        "eval_samples_per_second": 177.95,
        "eval_steps_per_second": 22.244
    },
    "baseline_task_adapter": {
        "eval_loss": 1.200303316116333,
        "eval_model_preparation_time": 0.0267,
        "eval_accuracy": 0.8419985250737463,
        "eval_precision_macro": 0.6101479008613567,
        "eval_recall_macro": 0.6484861244833461,
        "eval_f1_macro": 0.6076414228019645,
        "eval_precision_micro": 0.8419985250737463,
        "eval_recall_micro": 0.8419985250737463,
        "eval_f1_micro": 0.8419985250737463,
        "eval_runtime": 2.3532,
        "eval_samples_per_second": 193.78,
        "eval_steps_per_second": 24.222
    },
    "baseline_avg_adapter": {
        "eval_loss": 1.1687041521072388,
        "eval_model_preparation_time": 0.0291,
        "eval_accuracy": 0.8235619469026548,
        "eval_precision_macro": 0.5918867580994921,
        "eval_recall_macro": 0.6253908134520427,
        "eval_f1_macro": 0.5923867570967204,
        "eval_precision_micro": 0.8235619469026548,
        "eval_recall_micro": 0.8235619469026548,
        "eval_f1_micro": 0.8235619469026548,
        "eval_runtime": 2.5723,
        "eval_samples_per_second": 177.273,
        "eval_steps_per_second": 22.159
    },
    "baseline_closest_featural": {
        "eval_loss": 1.3575725555419922,
        "eval_model_preparation_time": 0.0278,
        "eval_accuracy": 0.8188606194690266,
        "eval_precision_macro": 0.5940887768296537,
        "eval_recall_macro": 0.6241142894134025,
        "eval_f1_macro": 0.5910083639082109,
        "eval_precision_micro": 0.8188606194690266,
        "eval_recall_micro": 0.8188606194690266,
        "eval_f1_micro": 0.8188606194690266,
        "eval_runtime": 2.5718,
        "eval_samples_per_second": 177.308,
        "eval_steps_per_second": 22.163
    },
    "no_train_gain": {
        "eval_loss": 1.3182278871536255,
        "eval_model_preparation_time": 0.0281,
        "eval_accuracy": 0.8348082595870207,
        "eval_precision_macro": 0.6089740598649166,
        "eval_recall_macro": 0.6538405331829799,
        "eval_f1_macro": 0.6079787309202458,
        "eval_precision_micro": 0.8348082595870207,
        "eval_recall_micro": 0.8348082595870207,
        "eval_f1_micro": 0.8348082595870207,
        "eval_runtime": 2.5726,
        "eval_samples_per_second": 177.255,
        "eval_steps_per_second": 22.157
    }
}
