{
    "reconstructed_featural": {
        "exact_match": 55.12605042016807,
        "f1": 72.99476165797263
    }
}