{
    "reconstructed_featural": {
        "exact_match": 55.04201680672269,
        "f1": 72.89459878580622
    },
    "baseline_en": {
        "exact_match": 54.45378151260504,
        "f1": 71.38273122905983
    },
    "baseline_task_adapter": {
        "exact_match": 55.21008403361345,
        "f1": 72.84590384692429
    },
    "baseline_avg_adapter": {
        "exact_match": 50.50420168067227,
        "f1": 68.6206247551153
    },
    "baseline_closest_featural": {
        "exact_match": 53.109243697478995,
        "f1": 71.8279309080897
    },
    "no_train_gain": {
        "exact_match": 55.378151260504204,
        "f1": 72.86244377093813
    }
}
