{
    "reconstructed_featural": {
        "exact_match": 54.36974789915966,
        "f1": 72.28497165856194
    }
}
