{
    "reconstructed_featural": {
        "eval_loss": 0.29487359523773193,
        "eval_model_preparation_time": 0.0275,
        "eval_precision": 0.7651120287010086,
        "eval_recall": 0.8097865023642355,
        "eval_f1": 0.7868156346803105,
        "eval_accuracy": 0.9188335378594408,
        "eval_runtime": 27.0863,
        "eval_samples_per_second": 369.191,
        "eval_steps_per_second": 46.149
    }
}
