{
    "reconstructed_featural": {
        "exact_match": 72.10084033613445,
        "f1": 83.28386310090652
    },
    "baseline_en": {
        "exact_match": 72.01680672268908,
        "f1": 83.256459103479
    },
    "baseline_task_adapter": {
        "exact_match": 71.9327731092437,
        "f1": 83.17394094263804
    },
    "baseline_avg_adapter": {
        "exact_match": 68.65546218487395,
        "f1": 80.75979386106877
    },
    "baseline_closest_featural": {
        "exact_match": 72.01680672268908,
        "f1": 83.256459103479
    },
    "no_train_gain": {
        "exact_match": 72.18487394957984,
        "f1": 83.28464576393209
    }
}