{
    "reconstructed_featural": {
        "eval_loss": 0.6798925995826721,
        "eval_model_preparation_time": 0.0295,
        "eval_precision": 0.5298763016283458,
        "eval_recall": 0.6624726955002185,
        "eval_f1": 0.5888017395356061,
        "eval_accuracy": 0.8130732573829573,
        "eval_runtime": 31.436,
        "eval_samples_per_second": 318.107,
        "eval_steps_per_second": 39.763
    },
    "baseline_en": {
        "eval_loss": 0.8362452387809753,
        "eval_model_preparation_time": 0.0275,
        "eval_precision": 0.530761508676323,
        "eval_recall": 0.6467453036260375,
        "eval_f1": 0.5830412350832972,
        "eval_accuracy": 0.7789382888961006,
        "eval_runtime": 33.0133,
        "eval_samples_per_second": 302.908,
        "eval_steps_per_second": 37.863
    },
    "baseline_task_adapter": {
        "eval_loss": 0.7654507756233215,
        "eval_model_preparation_time": 0.0281,
        "eval_precision": 0.44621540965816603,
        "eval_recall": 0.5748361730013106,
        "eval_f1": 0.5024246821184467,
        "eval_accuracy": 0.7797325225886894,
        "eval_runtime": 27.0981,
        "eval_samples_per_second": 369.03,
        "eval_steps_per_second": 46.129
    },
    "baseline_avg_adapter": {
        "eval_loss": 0.7831934690475464,
        "eval_model_preparation_time": 0.0297,
        "eval_precision": 0.4535979768564641,
        "eval_recall": 0.5171690694626474,
        "eval_f1": 0.4833020331509757,
        "eval_accuracy": 0.7822091652860095,
        "eval_runtime": 34.1196,
        "eval_samples_per_second": 293.086,
        "eval_steps_per_second": 36.636
    },
    "baseline_closest_featural": {
        "eval_loss": 1.0631603002548218,
        "eval_model_preparation_time": 0.0277,
        "eval_precision": 0.37473628691983124,
        "eval_recall": 0.4966360856269113,
        "eval_f1": 0.4271596588133619,
        "eval_accuracy": 0.6879003194015065,
        "eval_runtime": 34.8279,
        "eval_samples_per_second": 287.126,
        "eval_steps_per_second": 35.891
    },
    "no_train_gain": {
        "eval_loss": 0.7223464250564575,
        "eval_model_preparation_time": 0.0286,
        "eval_precision": 0.5211645674168903,
        "eval_recall": 0.6615989515072084,
        "eval_f1": 0.583044583044583,
        "eval_accuracy": 0.8009889490494816,
        "eval_runtime": 34.9231,
        "eval_samples_per_second": 286.343,
        "eval_steps_per_second": 35.793
    }
}