{
    "reconstructed_featural": {
        "eval_loss": 0.6749301552772522,
        "eval_model_preparation_time": 0.0282,
        "eval_precision": 0.5338525222760121,
        "eval_recall": 0.6648318042813456,
        "eval_f1": 0.5921861623472644,
        "eval_accuracy": 0.8145848634430457,
        "eval_runtime": 26.3298,
        "eval_samples_per_second": 379.797,
        "eval_steps_per_second": 47.475
    }
}
