{
    "reconstructed_featural": {
        "eval_loss": 0.6690816879272461,
        "eval_model_preparation_time": 0.0263,
        "eval_precision": 0.5357870337852075,
        "eval_recall": 0.6664919178680646,
        "eval_f1": 0.5940347324974691,
        "eval_accuracy": 0.816019608178045,
        "eval_runtime": 25.8572,
        "eval_samples_per_second": 386.739,
        "eval_steps_per_second": 48.342
    }
}
