{
    "reconstructed_featural": {
        "eval_loss": 0.8679489493370056,
        "eval_model_preparation_time": 0.0274,
        "eval_accuracy": 0.8773155944762546,
        "eval_precision_macro": 0.6672116593840564,
        "eval_recall_macro": 0.7069086024677544,
        "eval_f1_macro": 0.6793512296353363,
        "eval_precision_micro": 0.8773155944762546,
        "eval_recall_micro": 0.8773155944762546,
        "eval_f1_micro": 0.8773155944762546,
        "eval_runtime": 5.3066,
        "eval_samples_per_second": 188.444,
        "eval_steps_per_second": 23.556
    }
}
