{
    "reconstructed_featural": {
        "eval_loss": 0.8684518337249756,
        "eval_model_preparation_time": 0.0272,
        "eval_accuracy": 0.8773576961940047,
        "eval_precision_macro": 0.667477453265254,
        "eval_recall_macro": 0.7070326349275002,
        "eval_f1_macro": 0.6795960557007529,
        "eval_precision_micro": 0.8773576961940047,
        "eval_recall_micro": 0.8773576961940047,
        "eval_f1_micro": 0.8773576961940047,
        "eval_runtime": 5.3184,
        "eval_samples_per_second": 188.027,
        "eval_steps_per_second": 23.503
    }
}
