{
    "reconstructed_featural": {
        "exact_match": 55.79831932773109,
        "f1": 75.4346643473199
    },
    "baseline_en": {
        "exact_match": 56.30252100840336,
        "f1": 75.66490341917931
    },
    "baseline_task_adapter": {
        "exact_match": 55.378151260504204,
        "f1": 75.13467879470053
    },
    "baseline_avg_adapter": {
        "exact_match": 53.78151260504202,
        "f1": 73.33656546337008
    },
    "baseline_closest_featural": {
        "exact_match": 55.79831932773109,
        "f1": 74.99015219121594
    },
    "no_train_gain": {
        "exact_match": 56.134453781512605,
        "f1": 75.54073466967424
    }
}
