{
    "reconstructed_featural": {
        "exact_match": 56.80672268907563,
        "f1": 75.77585186060985
    }
}