{
    "reconstructed_featural": {
        "eval_loss": 0.41330406069755554,
        "eval_model_preparation_time": 0.0265,
        "eval_precision": 0.6115860660967207,
        "eval_recall": 0.6900374316153182,
        "eval_f1": 0.6484475410945004,
        "eval_accuracy": 0.8875912798893617,
        "eval_runtime": 26.8536,
        "eval_samples_per_second": 372.389,
        "eval_steps_per_second": 46.549
    }
}