{
    "reconstructed_featural": {
        "eval_loss": 0.4167293906211853,
        "eval_model_preparation_time": 0.0282,
        "eval_precision": 0.6146166645334699,
        "eval_recall": 0.6913331413763317,
        "eval_f1": 0.6507215936039027,
        "eval_accuracy": 0.8876313662085691,
        "eval_runtime": 29.2125,
        "eval_samples_per_second": 342.319,
        "eval_steps_per_second": 42.79
    },
    "reconstructed_syntactic": {
        "eval_loss": 0.4134061932563782,
        "eval_model_preparation_time": 0.0285,
        "eval_precision": 0.613738019169329,
        "eval_recall": 0.6914051252519435,
        "eval_f1": 0.6502606458601313,
        "eval_accuracy": 0.888038910453844,
        "eval_runtime": 30.1142,
        "eval_samples_per_second": 332.069,
        "eval_steps_per_second": 41.509
    },
    "reconstructed_morphological": {
        "eval_loss": 0.41656753420829773,
        "eval_model_preparation_time": 0.0285,
        "eval_precision": 0.6159749312527979,
        "eval_recall": 0.6933486898934639,
        "eval_f1": 0.6523756307358868,
        "eval_accuracy": 0.8883261957414967,
        "eval_runtime": 29.3596,
        "eval_samples_per_second": 340.604,
        "eval_steps_per_second": 42.576
    }
}