{
    "reconstructed_featural": {
        "eval_loss": 0.8446455597877502,
        "eval_model_preparation_time": 0.0271,
        "eval_accuracy": 0.8474008676459396,
        "eval_precision_macro": 0.6835679842017404,
        "eval_recall_macro": 0.6918854015990674,
        "eval_f1_macro": 0.6803294326889632,
        "eval_precision_micro": 0.8474008676459396,
        "eval_recall_micro": 0.8474008676459396,
        "eval_f1_micro": 0.8474008676459396,
        "eval_runtime": 4.7253,
        "eval_samples_per_second": 193.214,
        "eval_steps_per_second": 24.337
    }
}