{
    "reconstructed_featural": {
        "eval_loss": 0.6277036070823669,
        "eval_model_preparation_time": 0.0265,
        "eval_precision": 0.39320715582058596,
        "eval_recall": 0.5634148153651831,
        "eval_f1": 0.4631688248228683,
        "eval_accuracy": 0.8066719701162147,
        "eval_runtime": 31.6922,
        "eval_samples_per_second": 315.535,
        "eval_steps_per_second": 39.442
    }
}
