{
    "reconstructed_featural": {
        "eval_loss": 0.6372893452644348,
        "eval_model_preparation_time": 0.0275,
        "eval_precision": 0.37962160232546277,
        "eval_recall": 0.5530871535775318,
        "eval_f1": 0.45022378129914115,
        "eval_accuracy": 0.8034610772920125,
        "eval_runtime": 31.1342,
        "eval_samples_per_second": 321.19,
        "eval_steps_per_second": 40.149
    }
}
