{
    "reconstructed_featural": {
        "eval_loss": 1.814538836479187,
        "eval_model_preparation_time": 0.0281,
        "eval_accuracy": 0.7258143923853286,
        "eval_precision_macro": 0.46897308199292237,
        "eval_recall_macro": 0.4463566993270771,
        "eval_f1_macro": 0.4198682090558638,
        "eval_precision_micro": 0.7258143923853286,
        "eval_recall_micro": 0.7258143923853286,
        "eval_f1_micro": 0.7258143923853286,
        "eval_runtime": 4.7371,
        "eval_samples_per_second": 379.768,
        "eval_steps_per_second": 47.497
    },
    "reconstructed_syntactic": {
        "eval_loss": 1.8098745346069336,
        "eval_model_preparation_time": 0.0288,
        "eval_accuracy": 0.7256913104127349,
        "eval_precision_macro": 0.46817315338307314,
        "eval_recall_macro": 0.44595552858459864,
        "eval_f1_macro": 0.41944180846215695,
        "eval_precision_micro": 0.7256913104127349,
        "eval_recall_micro": 0.7256913104127349,
        "eval_f1_micro": 0.7256913104127349,
        "eval_runtime": 4.6643,
        "eval_samples_per_second": 385.692,
        "eval_steps_per_second": 48.238
    },
    "reconstructed_morphological": {
        "eval_loss": 1.880995512008667,
        "eval_model_preparation_time": 0.0282,
        "eval_accuracy": 0.7182653647329121,
        "eval_precision_macro": 0.4656026526138846,
        "eval_recall_macro": 0.44264580841146794,
        "eval_f1_macro": 0.415829379760861,
        "eval_precision_micro": 0.7182653647329121,
        "eval_recall_micro": 0.7182653647329121,
        "eval_f1_micro": 0.7182653647329121,
        "eval_runtime": 4.7185,
        "eval_samples_per_second": 381.268,
        "eval_steps_per_second": 47.685
    }
}