{
    "reconstructed_featural": {
        "eval_loss": 1.7687511444091797,
        "eval_model_preparation_time": 0.0275,
        "eval_accuracy": 0.7302043160745056,
        "eval_precision_macro": 0.4755317534614544,
        "eval_recall_macro": 0.45094092278266107,
        "eval_f1_macro": 0.4246493287402789,
        "eval_precision_micro": 0.7302043160745056,
        "eval_recall_micro": 0.7302043160745056,
        "eval_f1_micro": 0.7302043160745056,
        "eval_runtime": 9.1873,
        "eval_samples_per_second": 195.813,
        "eval_steps_per_second": 24.49
    }
}