{
    "reconstructed_syntactic": {
        "eval_loss": 0.3838184177875519,
        "eval_model_preparation_time": 0.0284,
        "eval_precision": 0.606765965145028,
        "eval_recall": 0.6913563281572076,
        "eval_f1": 0.6463050390211003,
        "eval_accuracy": 0.8924825120665192,
        "eval_runtime": 28.0981,
        "eval_samples_per_second": 355.896,
        "eval_steps_per_second": 44.487
    },
    "reconstructed_morphological": {
        "eval_loss": 0.38392579555511475,
        "eval_model_preparation_time": 0.0283,
        "eval_precision": 0.6088716987973651,
        "eval_recall": 0.6922495533873849,
        "eval_f1": 0.6478891353975755,
        "eval_accuracy": 0.8926683891274311,
        "eval_runtime": 27.996,
        "eval_samples_per_second": 357.193,
        "eval_steps_per_second": 44.649
    }
}