{
    "reconstructed_featural": {
        "eval_loss": 0.38529399037361145,
        "eval_model_preparation_time": 0.028,
        "eval_precision": 0.6137424949966644,
        "eval_recall": 0.69534148687646,
        "eval_f1": 0.6519988403182683,
        "eval_accuracy": 0.8931578653878325,
        "eval_runtime": 26.7999,
        "eval_samples_per_second": 373.135,
        "eval_steps_per_second": 46.642
    }
}