{
    "reconstructed_featural": {
        "eval_loss": 0.7707191109657288,
        "eval_model_preparation_time": 0.0282,
        "eval_accuracy": 0.8760890151515152,
        "eval_precision_macro": 0.651695596831828,
        "eval_recall_macro": 0.6363880296142131,
        "eval_f1_macro": 0.6325599881418064,
        "eval_precision_micro": 0.8760890151515152,
        "eval_recall_micro": 0.8760890151515152,
        "eval_f1_micro": 0.8760890151515152,
        "eval_runtime": 8.5549,
        "eval_samples_per_second": 181.768,
        "eval_steps_per_second": 22.794
    },
    "baseline_en": {
        "eval_loss": 0.8229557275772095,
        "eval_model_preparation_time": 0.0267,
        "eval_accuracy": 0.8698863636363636,
        "eval_precision_macro": 0.6225134514357737,
        "eval_recall_macro": 0.6223059580232024,
        "eval_f1_macro": 0.6132464398995796,
        "eval_precision_micro": 0.8698863636363636,
        "eval_recall_micro": 0.8698863636363636,
        "eval_f1_micro": 0.8698863636363636,
        "eval_runtime": 8.5521,
        "eval_samples_per_second": 181.826,
        "eval_steps_per_second": 22.801
    },
    "baseline_task_adapter": {
        "eval_loss": 0.7448681592941284,
        "eval_model_preparation_time": 0.0268,
        "eval_accuracy": 0.8761363636363636,
        "eval_precision_macro": 0.6517637839791528,
        "eval_recall_macro": 0.6297562207488545,
        "eval_f1_macro": 0.6307903227211206,
        "eval_precision_micro": 0.8761363636363636,
        "eval_recall_micro": 0.8761363636363636,
        "eval_f1_micro": 0.8761363636363636,
        "eval_runtime": 7.8295,
        "eval_samples_per_second": 198.607,
        "eval_steps_per_second": 24.906
    },
    "baseline_avg_adapter": {
        "eval_loss": 0.6972877383232117,
        "eval_model_preparation_time": 0.0288,
        "eval_accuracy": 0.8718276515151515,
        "eval_precision_macro": 0.640145586722274,
        "eval_recall_macro": 0.6319974327761323,
        "eval_f1_macro": 0.6201932410427639,
        "eval_precision_micro": 0.8718276515151515,
        "eval_recall_micro": 0.8718276515151515,
        "eval_f1_micro": 0.8718276515151515,
        "eval_runtime": 8.5697,
        "eval_samples_per_second": 181.453,
        "eval_steps_per_second": 22.755
    },
    "baseline_closest_featural": {
        "eval_loss": 0.7654268741607666,
        "eval_model_preparation_time": 0.0276,
        "eval_accuracy": 0.8726799242424242,
        "eval_precision_macro": 0.6350878035380965,
        "eval_recall_macro": 0.6214164416947129,
        "eval_f1_macro": 0.6132941115726234,
        "eval_precision_micro": 0.8726799242424242,
        "eval_recall_micro": 0.8726799242424242,
        "eval_f1_micro": 0.8726799242424242,
        "eval_runtime": 8.592,
        "eval_samples_per_second": 180.982,
        "eval_steps_per_second": 22.696
    },
    "no_train_gain": {
        "eval_loss": 0.7695136666297913,
        "eval_model_preparation_time": 0.0279,
        "eval_accuracy": 0.8776515151515152,
        "eval_precision_macro": 0.6522687991149416,
        "eval_recall_macro": 0.6387712294392923,
        "eval_f1_macro": 0.6352002088063898,
        "eval_precision_micro": 0.8776515151515152,
        "eval_recall_micro": 0.8776515151515152,
        "eval_f1_micro": 0.8776515151515152,
        "eval_runtime": 8.5981,
        "eval_samples_per_second": 180.855,
        "eval_steps_per_second": 22.68
    }
}