{
    "reconstructed_featural": {
        "eval_loss": 0.4081752896308899,
        "eval_model_preparation_time": 0.0284,
        "eval_precision": 0.4935897435897436,
        "eval_recall": 0.6416666666666667,
        "eval_f1": 0.5579710144927537,
        "eval_accuracy": 0.8541534559289791,
        "eval_runtime": 0.3746,
        "eval_samples_per_second": 266.938,
        "eval_steps_per_second": 34.702
    },
    "reconstructed_syntactic": {
        "eval_loss": 0.4059816598892212,
        "eval_model_preparation_time": 0.0273,
        "eval_precision": 0.5136986301369864,
        "eval_recall": 0.625,
        "eval_f1": 0.5639097744360902,
        "eval_accuracy": 0.8516169942929613,
        "eval_runtime": 0.3516,
        "eval_samples_per_second": 284.386,
        "eval_steps_per_second": 36.97
    },
    "reconstructed_morphological": {
        "eval_loss": 0.43048617243766785,
        "eval_model_preparation_time": 0.028,
        "eval_precision": 0.5167785234899329,
        "eval_recall": 0.6416666666666667,
        "eval_f1": 0.5724907063197026,
        "eval_accuracy": 0.8446417247939125,
        "eval_runtime": 0.3484,
        "eval_samples_per_second": 287.031,
        "eval_steps_per_second": 37.314
    }
}
