{
    "reconstructed_featural": {
        "eval_loss": 1.071090817451477,
        "eval_model_preparation_time": 0.0269,
        "eval_accuracy": 0.824135172965407,
        "eval_precision_macro": 0.5998008554967327,
        "eval_recall_macro": 0.5622362862517164,
        "eval_f1_macro": 0.5649666900253,
        "eval_precision_micro": 0.824135172965407,
        "eval_recall_micro": 0.824135172965407,
        "eval_f1_micro": 0.824135172965407,
        "eval_runtime": 6.208,
        "eval_samples_per_second": 194.588,
        "eval_steps_per_second": 24.324
    }
}