{
    "reconstructed_syntactic": {
        "eval_loss": 1.065002202987671,
        "eval_model_preparation_time": 0.0286,
        "eval_accuracy": 0.8249350129974006,
        "eval_precision_macro": 0.5998112478210609,
        "eval_recall_macro": 0.563223740180565,
        "eval_f1_macro": 0.5660091500982736,
        "eval_precision_micro": 0.8249350129974006,
        "eval_recall_micro": 0.8249350129974006,
        "eval_f1_micro": 0.8249350129974006,
        "eval_runtime": 6.2782,
        "eval_samples_per_second": 192.412,
        "eval_steps_per_second": 24.051
    },
    "reconstructed_morphological": {
        "eval_loss": 1.071023941040039,
        "eval_model_preparation_time": 0.028,
        "eval_accuracy": 0.8239352129574086,
        "eval_precision_macro": 0.5992194685336835,
        "eval_recall_macro": 0.5614735032483121,
        "eval_f1_macro": 0.5642608444033446,
        "eval_precision_micro": 0.8239352129574086,
        "eval_recall_micro": 0.8239352129574086,
        "eval_f1_micro": 0.8239352129574086,
        "eval_runtime": 6.2787,
        "eval_samples_per_second": 192.397,
        "eval_steps_per_second": 24.05
    }
}
