{
    "reconstructed_featural": {
        "eval_loss": 1.0648059844970703,
        "eval_model_preparation_time": 0.0279,
        "eval_accuracy": 0.8247350529894021,
        "eval_precision_macro": 0.5995958121626574,
        "eval_recall_macro": 0.5627911855894406,
        "eval_f1_macro": 0.5656763490226392,
        "eval_precision_micro": 0.8247350529894021,
        "eval_recall_micro": 0.8247350529894021,
        "eval_f1_micro": 0.8247350529894021,
        "eval_runtime": 6.5999,
        "eval_samples_per_second": 183.034,
        "eval_steps_per_second": 22.879
    },
    "baseline_en": {
        "eval_loss": 1.2147456407546997,
        "eval_model_preparation_time": 0.0277,
        "eval_accuracy": 0.8107378524295141,
        "eval_precision_macro": 0.594981489927131,
        "eval_recall_macro": 0.5442635679649741,
        "eval_f1_macro": 0.5499877634384902,
        "eval_precision_micro": 0.8107378524295141,
        "eval_recall_micro": 0.8107378524295141,
        "eval_f1_micro": 0.8107378524295141,
        "eval_runtime": 6.5946,
        "eval_samples_per_second": 183.179,
        "eval_steps_per_second": 22.897
    },
    "baseline_task_adapter": {
        "eval_loss": 1.013397216796875,
        "eval_model_preparation_time": 0.0271,
        "eval_accuracy": 0.8250349930013997,
        "eval_precision_macro": 0.5907751826315535,
        "eval_recall_macro": 0.5670131973653395,
        "eval_f1_macro": 0.5676206438483744,
        "eval_precision_micro": 0.8250349930013997,
        "eval_recall_micro": 0.8250349930013997,
        "eval_f1_micro": 0.8250349930013997,
        "eval_runtime": 6.7762,
        "eval_samples_per_second": 178.27,
        "eval_steps_per_second": 22.284
    },
    "baseline_avg_adapter": {
        "eval_loss": 0.977177083492279,
        "eval_model_preparation_time": 0.0287,
        "eval_accuracy": 0.8111377724455109,
        "eval_precision_macro": 0.636138359762576,
        "eval_recall_macro": 0.5871940757026428,
        "eval_f1_macro": 0.5980955109106249,
        "eval_precision_micro": 0.8111377724455109,
        "eval_recall_micro": 0.8111377724455109,
        "eval_f1_micro": 0.8111377724455109,
        "eval_runtime": 6.6124,
        "eval_samples_per_second": 182.686,
        "eval_steps_per_second": 22.836
    },
    "baseline_closest_featural": {
        "eval_loss": 1.1525638103485107,
        "eval_model_preparation_time": 0.0274,
        "eval_accuracy": 0.7992401519696061,
        "eval_precision_macro": 0.5806715225323892,
        "eval_recall_macro": 0.5288459022536613,
        "eval_f1_macro": 0.5360918784006072,
        "eval_precision_micro": 0.7992401519696061,
        "eval_recall_micro": 0.7992401519696061,
        "eval_f1_micro": 0.7992401519696061,
        "eval_runtime": 6.6012,
        "eval_samples_per_second": 182.997,
        "eval_steps_per_second": 22.875
    },
    "no_train_gain": {
        "eval_loss": 1.0566118955612183,
        "eval_model_preparation_time": 0.0279,
        "eval_accuracy": 0.826134773045391,
        "eval_precision_macro": 0.5938656414530589,
        "eval_recall_macro": 0.5680369196215964,
        "eval_f1_macro": 0.5698069072293501,
        "eval_precision_micro": 0.826134773045391,
        "eval_recall_micro": 0.826134773045391,
        "eval_f1_micro": 0.826134773045391,
        "eval_runtime": 6.5987,
        "eval_samples_per_second": 183.067,
        "eval_steps_per_second": 22.883
    }
}
