{
    "reconstructed_featural": {
        "eval_loss": 1.0419127941131592,
        "eval_model_preparation_time": 0.0283,
        "eval_accuracy": 0.8324335132973405,
        "eval_precision_macro": 0.6064923434506049,
        "eval_recall_macro": 0.5736080914340976,
        "eval_f1_macro": 0.5773894700278848,
        "eval_precision_micro": 0.8324335132973405,
        "eval_recall_micro": 0.8324335132973405,
        "eval_f1_micro": 0.8324335132973405,
        "eval_runtime": 3.578,
        "eval_samples_per_second": 337.616,
        "eval_steps_per_second": 42.202
    },
    "reconstructed_syntactic": {
        "eval_loss": 1.0554956197738647,
        "eval_model_preparation_time": 0.0287,
        "eval_accuracy": 0.8288342331533693,
        "eval_precision_macro": 0.6060032618139054,
        "eval_recall_macro": 0.5708101461673588,
        "eval_f1_macro": 0.574884251238194,
        "eval_precision_micro": 0.8288342331533693,
        "eval_recall_micro": 0.8288342331533693,
        "eval_f1_micro": 0.8288342331533693,
        "eval_runtime": 3.6042,
        "eval_samples_per_second": 335.161,
        "eval_steps_per_second": 41.895
    },
    "reconstructed_morphological": {
        "eval_loss": 1.0255714654922485,
        "eval_model_preparation_time": 0.0284,
        "eval_accuracy": 0.8305338932213557,
        "eval_precision_macro": 0.6058469924990466,
        "eval_recall_macro": 0.5651433810768787,
        "eval_f1_macro": 0.5692495570352086,
        "eval_precision_micro": 0.8305338932213557,
        "eval_recall_micro": 0.8305338932213557,
        "eval_f1_micro": 0.8305338932213557,
        "eval_runtime": 3.6175,
        "eval_samples_per_second": 333.936,
        "eval_steps_per_second": 41.742
    }
}
