{
    "reconstructed_featural": {
        "eval_loss": 0.5061805248260498,
        "eval_model_preparation_time": 0.028,
        "eval_precision": 0.7046928387141761,
        "eval_recall": 0.7559278928865285,
        "eval_f1": 0.7294117647058824,
        "eval_accuracy": 0.8560539764771773,
        "eval_runtime": 26.9722,
        "eval_samples_per_second": 370.752,
        "eval_steps_per_second": 46.344
    }
}
