{
    "reconstructed_featural": {
        "eval_loss": 0.5124900341033936,
        "eval_model_preparation_time": 0.0273,
        "eval_precision": 0.7074482951369481,
        "eval_recall": 0.7573490911810906,
        "eval_f1": 0.731548715725588,
        "eval_accuracy": 0.8562114953794455,
        "eval_runtime": 31.5968,
        "eval_samples_per_second": 316.488,
        "eval_steps_per_second": 39.561
    },
    "reconstructed_syntactic": {
        "eval_loss": 0.5089592933654785,
        "eval_model_preparation_time": 0.0285,
        "eval_precision": 0.7068845133361262,
        "eval_recall": 0.7572742912708504,
        "eval_f1": 0.7312123072478423,
        "eval_accuracy": 0.8563077569308317,
        "eval_runtime": 30.4325,
        "eval_samples_per_second": 328.596,
        "eval_steps_per_second": 41.075
    },
    "reconstructed_morphological": {
        "eval_loss": 0.512215256690979,
        "eval_model_preparation_time": 0.0283,
        "eval_precision": 0.7088323877565315,
        "eval_recall": 0.7569750916298901,
        "eval_f1": 0.7321131447587355,
        "eval_accuracy": 0.8546100532063847,
        "eval_runtime": 30.3072,
        "eval_samples_per_second": 329.955,
        "eval_steps_per_second": 41.244
    }
}
