{
    "reconstructed_featural": {
        "eval_loss": 0.5077143311500549,
        "eval_model_preparation_time": 0.0281,
        "eval_precision": 0.7046895686711727,
        "eval_recall": 0.7564514922582093,
        "eval_f1": 0.7296536796536797,
        "eval_accuracy": 0.8560189722766732,
        "eval_runtime": 26.3414,
        "eval_samples_per_second": 379.631,
        "eval_steps_per_second": 47.454
    }
}