{
    "reconstructed_featural": {
        "eval_loss": 1.218651533126831,
        "eval_model_preparation_time": 0.0278,
        "eval_accuracy": 0.820067153861347,
        "eval_precision_macro": 0.620858662737258,
        "eval_recall_macro": 0.6273302656820863,
        "eval_f1_macro": 0.6220516809511067,
        "eval_precision_micro": 0.820067153861347,
        "eval_recall_micro": 0.820067153861347,
        "eval_f1_micro": 0.820067153861347,
        "eval_runtime": 4.0616,
        "eval_samples_per_second": 179.731,
        "eval_steps_per_second": 22.651
    },
    "baseline_en": {
        "eval_loss": 1.3703093528747559,
        "eval_model_preparation_time": 0.0277,
        "eval_accuracy": 0.8047600237013628,
        "eval_precision_macro": 0.6134996887747979,
        "eval_recall_macro": 0.6263067552247183,
        "eval_f1_macro": 0.6115575288078419,
        "eval_precision_micro": 0.8047600237013628,
        "eval_recall_micro": 0.8047600237013628,
        "eval_f1_micro": 0.8047600237013628,
        "eval_runtime": 4.0613,
        "eval_samples_per_second": 179.745,
        "eval_steps_per_second": 22.653
    },
    "baseline_task_adapter": {
        "eval_loss": 1.1635102033615112,
        "eval_model_preparation_time": 0.0271,
        "eval_accuracy": 0.8171044835078017,
        "eval_precision_macro": 0.6212168790462421,
        "eval_recall_macro": 0.6212318156340416,
        "eval_f1_macro": 0.6195177400502564,
        "eval_precision_micro": 0.8171044835078017,
        "eval_recall_micro": 0.8171044835078017,
        "eval_f1_micro": 0.8171044835078017,
        "eval_runtime": 3.7092,
        "eval_samples_per_second": 196.806,
        "eval_steps_per_second": 24.803
    },
    "baseline_avg_adapter": {
        "eval_loss": 1.165202260017395,
        "eval_model_preparation_time": 0.0286,
        "eval_accuracy": 0.8066363815919415,
        "eval_precision_macro": 0.6092409956361504,
        "eval_recall_macro": 0.6100173554222674,
        "eval_f1_macro": 0.6077056361833653,
        "eval_precision_micro": 0.8066363815919415,
        "eval_recall_micro": 0.8066363815919415,
        "eval_f1_micro": 0.8066363815919415,
        "eval_runtime": 4.0504,
        "eval_samples_per_second": 180.228,
        "eval_steps_per_second": 22.714
    },
    "baseline_closest_featural": {
        "eval_loss": 1.2547498941421509,
        "eval_model_preparation_time": 0.0271,
        "eval_accuracy": 0.8119691882283231,
        "eval_precision_macro": 0.6126445016282391,
        "eval_recall_macro": 0.6178885707389907,
        "eval_f1_macro": 0.6106811162451733,
        "eval_precision_micro": 0.8119691882283231,
        "eval_recall_micro": 0.8119691882283231,
        "eval_f1_micro": 0.8119691882283231,
        "eval_runtime": 4.0546,
        "eval_samples_per_second": 180.041,
        "eval_steps_per_second": 22.69
    },
    "no_train_gain": {
        "eval_loss": 1.2267343997955322,
        "eval_model_preparation_time": 0.0279,
        "eval_accuracy": 0.8189808413983805,
        "eval_precision_macro": 0.6232771699957521,
        "eval_recall_macro": 0.6301320274308582,
        "eval_f1_macro": 0.6243865673743891,
        "eval_precision_micro": 0.8189808413983805,
        "eval_recall_micro": 0.8189808413983805,
        "eval_f1_micro": 0.8189808413983805,
        "eval_runtime": 4.0606,
        "eval_samples_per_second": 179.776,
        "eval_steps_per_second": 22.657
    }
}
