{
    "reconstructed_featural": {
        "eval_loss": 1.2298475503921509,
        "eval_model_preparation_time": 0.0292,
        "eval_accuracy": 0.8199683981828955,
        "eval_precision_macro": 0.6198299798356305,
        "eval_recall_macro": 0.6272369609492033,
        "eval_f1_macro": 0.621090863920255,
        "eval_precision_micro": 0.8199683981828955,
        "eval_recall_micro": 0.8199683981828955,
        "eval_f1_micro": 0.8199683981828955,
        "eval_runtime": 3.7817,
        "eval_samples_per_second": 193.036,
        "eval_steps_per_second": 24.328
    }
}
