{
    "reconstructed_featural": {
        "eval_loss": 1.229660153388977,
        "eval_model_preparation_time": 0.0276,
        "eval_precision": 0.4117647058823529,
        "eval_recall": 0.5233644859813084,
        "eval_f1": 0.46090534979423864,
        "eval_accuracy": 0.7015968063872255,
        "eval_runtime": 0.332,
        "eval_samples_per_second": 301.161,
        "eval_steps_per_second": 39.151
    },
    "reconstructed_syntactic": {
        "eval_loss": 1.2379566431045532,
        "eval_model_preparation_time": 0.0287,
        "eval_precision": 0.3925925925925926,
        "eval_recall": 0.4953271028037383,
        "eval_f1": 0.4380165289256198,
        "eval_accuracy": 0.6966067864271457,
        "eval_runtime": 0.3298,
        "eval_samples_per_second": 303.198,
        "eval_steps_per_second": 39.416
    },
    "reconstructed_morphological": {
        "eval_loss": 1.2379566431045532,
        "eval_model_preparation_time": 0.0289,
        "eval_precision": 0.3925925925925926,
        "eval_recall": 0.4953271028037383,
        "eval_f1": 0.4380165289256198,
        "eval_accuracy": 0.6966067864271457,
        "eval_runtime": 0.3304,
        "eval_samples_per_second": 302.689,
        "eval_steps_per_second": 39.35
    }
}