{
    "reconstructed_featural": {
        "eval_loss": 0.6027765870094299,
        "eval_model_preparation_time": 0.0272,
        "eval_precision": 0.4329268292682927,
        "eval_recall": 0.6454545454545455,
        "eval_f1": 0.5182481751824818,
        "eval_accuracy": 0.8428423236514523,
        "eval_runtime": 0.3808,
        "eval_samples_per_second": 262.571,
        "eval_steps_per_second": 34.134
    }
}
