{
    "reconstructed_featural": {
        "eval_loss": 0.600933849811554,
        "eval_model_preparation_time": 0.027,
        "eval_precision": 0.4268292682926829,
        "eval_recall": 0.6363636363636364,
        "eval_f1": 0.510948905109489,
        "eval_accuracy": 0.841804979253112,
        "eval_runtime": 0.3766,
        "eval_samples_per_second": 265.548,
        "eval_steps_per_second": 34.521
    }
}