{
    "reconstructed_featural": {
        "eval_loss": 0.5989884734153748,
        "eval_model_preparation_time": 0.0276,
        "eval_precision": 0.42424242424242425,
        "eval_recall": 0.6363636363636364,
        "eval_f1": 0.5090909090909091,
        "eval_accuracy": 0.8438796680497925,
        "eval_runtime": 0.3989,
        "eval_samples_per_second": 250.7,
        "eval_steps_per_second": 32.591
    }
}