{
    "reconstructed_syntactic": {
        "eval_loss": 0.47475168108940125,
        "eval_model_preparation_time": 0.0281,
        "eval_precision": 0.6480055983205039,
        "eval_recall": 0.7402078337330136,
        "eval_f1": 0.6910447761194031,
        "eval_accuracy": 0.8786196232780433,
        "eval_runtime": 2.7702,
        "eval_samples_per_second": 360.99,
        "eval_steps_per_second": 45.124
    },
    "reconstructed_morphological": {
        "eval_loss": 0.4745709300041199,
        "eval_model_preparation_time": 0.0289,
        "eval_precision": 0.6491228070175439,
        "eval_recall": 0.7394084732214229,
        "eval_f1": 0.6913303437967117,
        "eval_accuracy": 0.8783384874894574,
        "eval_runtime": 2.7202,
        "eval_samples_per_second": 367.625,
        "eval_steps_per_second": 45.953
    }
}
