{
    "reconstructed_featural": {
        "eval_loss": 0.4893151819705963,
        "eval_model_preparation_time": 0.0281,
        "eval_precision": 0.6553911205073996,
        "eval_recall": 0.7434052757793765,
        "eval_f1": 0.696629213483146,
        "eval_accuracy": 0.8796035985380939,
        "eval_runtime": 2.8806,
        "eval_samples_per_second": 347.145,
        "eval_steps_per_second": 43.393
    },
    "reconstructed_syntactic": {
        "eval_loss": 0.4894675314426422,
        "eval_model_preparation_time": 0.0283,
        "eval_precision": 0.6547116736990155,
        "eval_recall": 0.7442046362909672,
        "eval_f1": 0.6965955854844743,
        "eval_accuracy": 0.8796738824852404,
        "eval_runtime": 2.9073,
        "eval_samples_per_second": 343.965,
        "eval_steps_per_second": 42.996
    },
    "reconstructed_morphological": {
        "eval_loss": 0.5050805807113647,
        "eval_model_preparation_time": 0.0283,
        "eval_precision": 0.6455250176180408,
        "eval_recall": 0.7322142286171063,
        "eval_f1": 0.6861423220973782,
        "eval_accuracy": 0.8658279448973855,
        "eval_runtime": 2.9317,
        "eval_samples_per_second": 341.094,
        "eval_steps_per_second": 42.637
    }
}