{
    "reconstructed_featural": {
        "eval_loss": 0.4780409634113312,
        "eval_model_preparation_time": 0.0268,
        "eval_precision": 0.6540084388185654,
        "eval_recall": 0.7434052757793765,
        "eval_f1": 0.6958473625140292,
        "eval_accuracy": 0.8792521788023615,
        "eval_runtime": 2.7069,
        "eval_samples_per_second": 369.425,
        "eval_steps_per_second": 46.178
    }
}