{
    "reconstructed_syntactic": {
        "eval_loss": 0.5499056577682495,
        "eval_model_preparation_time": 0.0279,
        "eval_precision": 0.6086434573829532,
        "eval_recall": 0.6930963773069037,
        "eval_f1": 0.6481303930968362,
        "eval_accuracy": 0.8419678147939017,
        "eval_runtime": 2.8457,
        "eval_samples_per_second": 351.405,
        "eval_steps_per_second": 43.926
    },
    "reconstructed_morphological": {
        "eval_loss": 0.5505091547966003,
        "eval_model_preparation_time": 0.0281,
        "eval_precision": 0.6092160383004189,
        "eval_recall": 0.6958304853041695,
        "eval_f1": 0.6496490108487555,
        "eval_accuracy": 0.8416854884246189,
        "eval_runtime": 2.8046,
        "eval_samples_per_second": 356.552,
        "eval_steps_per_second": 44.569
    }
}