{
    "reconstructed_featural": {
        "eval_loss": 2.0500099658966064,
        "eval_model_preparation_time": 0.0274,
        "eval_accuracy": 0.6979360165118679,
        "eval_precision_macro": 0.5123117292401447,
        "eval_recall_macro": 0.5299998240671854,
        "eval_f1_macro": 0.49042975920263093,
        "eval_precision_micro": 0.6979360165118679,
        "eval_recall_micro": 0.6979360165118679,
        "eval_f1_micro": 0.6979360165118679,
        "eval_runtime": 2.3859,
        "eval_samples_per_second": 190.283,
        "eval_steps_per_second": 23.89
    }
}
