{
    "reconstructed_featural": {
        "eval_loss": 2.052048683166504,
        "eval_model_preparation_time": 0.0273,
        "eval_accuracy": 0.6979360165118679,
        "eval_precision_macro": 0.5119590667330081,
        "eval_recall_macro": 0.5301502133839944,
        "eval_f1_macro": 0.4903320871321044,
        "eval_precision_micro": 0.6979360165118679,
        "eval_recall_micro": 0.6979360165118679,
        "eval_f1_micro": 0.6979360165118679,
        "eval_runtime": 2.3822,
        "eval_samples_per_second": 190.581,
        "eval_steps_per_second": 23.928
    }
}
