{
    "reconstructed_featural": {
        "eval_loss": 2.0797767639160156,
        "eval_model_preparation_time": 0.0281,
        "eval_accuracy": 0.696078431372549,
        "eval_precision_macro": 0.5108367073775846,
        "eval_recall_macro": 0.5278488233680818,
        "eval_f1_macro": 0.48783346119249704,
        "eval_precision_micro": 0.696078431372549,
        "eval_recall_micro": 0.696078431372549,
        "eval_f1_micro": 0.696078431372549,
        "eval_runtime": 1.3816,
        "eval_samples_per_second": 328.599,
        "eval_steps_per_second": 41.256
    },
    "reconstructed_syntactic": {
        "eval_loss": 2.077704429626465,
        "eval_model_preparation_time": 0.0291,
        "eval_accuracy": 0.6987616099071208,
        "eval_precision_macro": 0.5120310214101998,
        "eval_recall_macro": 0.5310742959331637,
        "eval_f1_macro": 0.489314279296663,
        "eval_precision_micro": 0.6987616099071208,
        "eval_recall_micro": 0.6987616099071208,
        "eval_f1_micro": 0.6987616099071208,
        "eval_runtime": 1.4024,
        "eval_samples_per_second": 323.735,
        "eval_steps_per_second": 40.645
    },
    "reconstructed_morphological": {
        "eval_loss": 2.104281425476074,
        "eval_model_preparation_time": 0.0277,
        "eval_accuracy": 0.7029927760577915,
        "eval_precision_macro": 0.5195793809984001,
        "eval_recall_macro": 0.5422017380052039,
        "eval_f1_macro": 0.4978718681823932,
        "eval_precision_micro": 0.7029927760577915,
        "eval_recall_micro": 0.7029927760577915,
        "eval_f1_micro": 0.7029927760577915,
        "eval_runtime": 1.358,
        "eval_samples_per_second": 334.31,
        "eval_steps_per_second": 41.973
    }
}
