{
    "reconstructed_syntactic": {
        "eval_loss": 2.0387086868286133,
        "eval_model_preparation_time": 0.0285,
        "eval_accuracy": 0.698452012383901,
        "eval_precision_macro": 0.5149881461630217,
        "eval_recall_macro": 0.5309856096983483,
        "eval_f1_macro": 0.4930119225472864,
        "eval_precision_micro": 0.698452012383901,
        "eval_recall_micro": 0.698452012383901,
        "eval_f1_micro": 0.698452012383901,
        "eval_runtime": 2.4239,
        "eval_samples_per_second": 187.302,
        "eval_steps_per_second": 23.516
    },
    "reconstructed_morphological": {
        "eval_loss": 2.0416197776794434,
        "eval_model_preparation_time": 0.0286,
        "eval_accuracy": 0.6990712074303406,
        "eval_precision_macro": 0.5126678603960995,
        "eval_recall_macro": 0.5313404340142842,
        "eval_f1_macro": 0.4916116298306635,
        "eval_precision_micro": 0.6990712074303406,
        "eval_recall_micro": 0.6990712074303406,
        "eval_f1_micro": 0.6990712074303406,
        "eval_runtime": 2.4277,
        "eval_samples_per_second": 187.008,
        "eval_steps_per_second": 23.479
    }
}
