{
    "reconstructed_featural": {
        "eval_loss": 3.249805212020874,
        "eval_model_preparation_time": 0.0279,
        "eval_accuracy": 0.5856209150326798,
        "eval_precision_macro": 0.5060825908276362,
        "eval_recall_macro": 0.4901407422497055,
        "eval_f1_macro": 0.4573678736988192,
        "eval_precision_micro": 0.5856209150326798,
        "eval_recall_micro": 0.5856209150326798,
        "eval_f1_micro": 0.5856209150326798,
        "eval_runtime": 2.8457,
        "eval_samples_per_second": 189.059,
        "eval_steps_per_second": 23.896
    }
}
