{
    "reconstructed_featural": {
        "eval_loss": 0.35069504380226135,
        "eval_model_preparation_time": 0.0289,
        "eval_precision": 0.7487959060806743,
        "eval_recall": 0.8175170487223729,
        "eval_f1": 0.7816489257237125,
        "eval_accuracy": 0.8953686029837706,
        "eval_runtime": 25.8027,
        "eval_samples_per_second": 387.557,
        "eval_steps_per_second": 48.445
    },
    "baseline_en": {
        "eval_loss": 0.3911648094654083,
        "eval_model_preparation_time": 0.0285,
        "eval_precision": 0.7517584097859327,
        "eval_recall": 0.8079040341796072,
        "eval_f1": 0.7788206407667023,
        "eval_accuracy": 0.8941625594712401,
        "eval_runtime": 25.9195,
        "eval_samples_per_second": 385.81,
        "eval_steps_per_second": 48.226
    },
    "baseline_task_adapter": {
        "eval_loss": 0.37750911712646484,
        "eval_model_preparation_time": 0.027,
        "eval_precision": 0.6930311782566837,
        "eval_recall": 0.7688768383863281,
        "eval_f1": 0.7289865233309962,
        "eval_accuracy": 0.8858532045620733,
        "eval_runtime": 21.9947,
        "eval_samples_per_second": 454.654,
        "eval_steps_per_second": 56.832
    },
    "baseline_avg_adapter": {
        "eval_loss": 0.46405228972435,
        "eval_model_preparation_time": 0.0289,
        "eval_precision": 0.6741795175958877,
        "eval_recall": 0.7004354613425355,
        "eval_f1": 0.6870567375886525,
        "eval_accuracy": 0.8698517611084204,
        "eval_runtime": 25.9077,
        "eval_samples_per_second": 385.986,
        "eval_steps_per_second": 48.248
    },
    "baseline_closest_featural": {
        "eval_loss": 0.4847428798675537,
        "eval_model_preparation_time": 0.0271,
        "eval_precision": 0.7285515535631473,
        "eval_recall": 0.7744638895735765,
        "eval_f1": 0.7508064837309331,
        "eval_accuracy": 0.8702885957665024,
        "eval_runtime": 26.071,
        "eval_samples_per_second": 383.568,
        "eval_steps_per_second": 47.946
    },
    "no_train_gain": {
        "eval_loss": 0.3788406252861023,
        "eval_model_preparation_time": 0.029,
        "eval_precision": 0.7548930359581247,
        "eval_recall": 0.8175992112398324,
        "eval_f1": 0.7849958584782865,
        "eval_accuracy": 0.8930704728260354,
        "eval_runtime": 25.984,
        "eval_samples_per_second": 384.852,
        "eval_steps_per_second": 48.107
    }
}