{
    "reconstructed_featural": {
        "eval_loss": 0.35034316778182983,
        "eval_model_preparation_time": 0.0273,
        "eval_precision": 0.7484205776173285,
        "eval_recall": 0.8175992112398324,
        "eval_f1": 0.7814819177759454,
        "eval_accuracy": 0.8954445742286544,
        "eval_runtime": 25.6611,
        "eval_samples_per_second": 389.694,
        "eval_steps_per_second": 48.712
    }
}