{
    "reconstructed_featural": {
        "eval_loss": 0.3499178886413574,
        "eval_model_preparation_time": 0.0286,
        "eval_precision": 0.7547354916610067,
        "eval_recall": 0.8217073371128092,
        "eval_f1": 0.7867988356541579,
        "eval_accuracy": 0.8961188190269983,
        "eval_runtime": 28.8953,
        "eval_samples_per_second": 346.077,
        "eval_steps_per_second": 43.26
    },
    "reconstructed_syntactic": {
        "eval_loss": 0.35003823041915894,
        "eval_model_preparation_time": 0.0279,
        "eval_precision": 0.755191421883259,
        "eval_recall": 0.8217073371128092,
        "eval_f1": 0.7870465097977494,
        "eval_accuracy": 0.8961378118382193,
        "eval_runtime": 28.2985,
        "eval_samples_per_second": 353.376,
        "eval_steps_per_second": 44.172
    },
    "reconstructed_morphological": {
        "eval_loss": 0.35028374195098877,
        "eval_model_preparation_time": 0.0288,
        "eval_precision": 0.744123169357867,
        "eval_recall": 0.8140662229890724,
        "eval_f1": 0.7775249156399591,
        "eval_accuracy": 0.8927665878465001,
        "eval_runtime": 29.2032,
        "eval_samples_per_second": 342.428,
        "eval_steps_per_second": 42.804
    }
}