{
    "reconstructed_featural": {
        "eval_loss": 1.629335641860962,
        "eval_model_preparation_time": 0.0287,
        "eval_accuracy": 0.8143385753931545,
        "eval_precision_macro": 0.6697546158181452,
        "eval_recall_macro": 0.6958479590336196,
        "eval_f1_macro": 0.6307142276573039,
        "eval_precision_micro": 0.8143385753931545,
        "eval_recall_micro": 0.8143385753931545,
        "eval_f1_micro": 0.8143385753931545,
        "eval_runtime": 2.0971,
        "eval_samples_per_second": 190.744,
        "eval_steps_per_second": 23.843
    }
}