{
    "reconstructed_featural": {
        "eval_loss": 1.61836576461792,
        "eval_model_preparation_time": 0.0276,
        "eval_accuracy": 0.815263644773358,
        "eval_precision_macro": 0.6701188850134616,
        "eval_recall_macro": 0.6960668824535777,
        "eval_f1_macro": 0.6315640080024535,
        "eval_precision_micro": 0.815263644773358,
        "eval_recall_micro": 0.815263644773358,
        "eval_f1_micro": 0.815263644773358,
        "eval_runtime": 2.1084,
        "eval_samples_per_second": 189.714,
        "eval_steps_per_second": 23.714
    }
}