{
    "reconstructed_syntactic": {
        "eval_loss": 1.6100901365280151,
        "eval_model_preparation_time": 0.0274,
        "eval_accuracy": 0.8158186864014801,
        "eval_precision_macro": 0.6610926415774064,
        "eval_recall_macro": 0.6964614918132361,
        "eval_f1_macro": 0.6230870934576728,
        "eval_precision_micro": 0.8158186864014801,
        "eval_recall_micro": 0.8158186864014801,
        "eval_f1_micro": 0.8158186864014801,
        "eval_runtime": 2.1266,
        "eval_samples_per_second": 188.098,
        "eval_steps_per_second": 23.512
    },
    "reconstructed_morphological": {
        "eval_loss": 1.6141034364700317,
        "eval_model_preparation_time": 0.0279,
        "eval_accuracy": 0.8155411655874191,
        "eval_precision_macro": 0.6700673084657036,
        "eval_recall_macro": 0.6961804644619842,
        "eval_f1_macro": 0.6316951823695237,
        "eval_precision_micro": 0.8155411655874191,
        "eval_recall_micro": 0.8155411655874191,
        "eval_f1_micro": 0.8155411655874191,
        "eval_runtime": 2.1241,
        "eval_samples_per_second": 188.319,
        "eval_steps_per_second": 23.54
    }
}