{
    "reconstructed_featural": {
        "eval_loss": 1.6112934350967407,
        "eval_model_preparation_time": 0.0281,
        "eval_accuracy": 0.8156336725254394,
        "eval_precision_macro": 0.6701989733566749,
        "eval_recall_macro": 0.6963033749831249,
        "eval_f1_macro": 0.631918007771328,
        "eval_precision_micro": 0.8156336725254394,
        "eval_recall_micro": 0.8156336725254394,
        "eval_f1_micro": 0.8156336725254394,
        "eval_runtime": 2.2451,
        "eval_samples_per_second": 178.164,
        "eval_steps_per_second": 22.27
    },
    "baseline_en": {
        "eval_loss": 1.768178105354309,
        "eval_model_preparation_time": 0.0272,
        "eval_accuracy": 0.8023126734505088,
        "eval_precision_macro": 0.6419509635971437,
        "eval_recall_macro": 0.6920180070077456,
        "eval_f1_macro": 0.5998800795594649,
        "eval_precision_micro": 0.8023126734505088,
        "eval_recall_micro": 0.8023126734505088,
        "eval_f1_micro": 0.8023126734505088,
        "eval_runtime": 2.2473,
        "eval_samples_per_second": 177.989,
        "eval_steps_per_second": 22.249
    },
    "baseline_task_adapter": {
        "eval_loss": 1.5263890027999878,
        "eval_model_preparation_time": 0.0272,
        "eval_accuracy": 0.8148011100832563,
        "eval_precision_macro": 0.6677908183327624,
        "eval_recall_macro": 0.6951128499654784,
        "eval_f1_macro": 0.6318219265987983,
        "eval_precision_micro": 0.8148011100832563,
        "eval_recall_micro": 0.8148011100832563,
        "eval_f1_micro": 0.8148011100832563,
        "eval_runtime": 2.058,
        "eval_samples_per_second": 194.366,
        "eval_steps_per_second": 24.296
    },
    "baseline_avg_adapter": {
        "eval_loss": 1.4272665977478027,
        "eval_model_preparation_time": 0.0286,
        "eval_accuracy": 0.8059204440333025,
        "eval_precision_macro": 0.653732073672963,
        "eval_recall_macro": 0.690844526247334,
        "eval_f1_macro": 0.6177463610789325,
        "eval_precision_micro": 0.8059204440333025,
        "eval_recall_micro": 0.8059204440333025,
        "eval_f1_micro": 0.8059204440333025,
        "eval_runtime": 2.2474,
        "eval_samples_per_second": 177.987,
        "eval_steps_per_second": 22.248
    },
    "baseline_closest_featural": {
        "eval_loss": 1.7678416967391968,
        "eval_model_preparation_time": 0.0275,
        "eval_accuracy": 0.7913968547641073,
        "eval_precision_macro": 0.6402219618960224,
        "eval_recall_macro": 0.6815527060022526,
        "eval_f1_macro": 0.5909044339763659,
        "eval_precision_micro": 0.7913968547641073,
        "eval_recall_micro": 0.7913968547641073,
        "eval_f1_micro": 0.7913968547641073,
        "eval_runtime": 2.2467,
        "eval_samples_per_second": 178.041,
        "eval_steps_per_second": 22.255
    },
    "no_train_gain": {
        "eval_loss": 1.7255046367645264,
        "eval_model_preparation_time": 0.0283,
        "eval_accuracy": 0.8085106382978723,
        "eval_precision_macro": 0.6576006426050203,
        "eval_recall_macro": 0.6936125893301515,
        "eval_f1_macro": 0.6176764920864832,
        "eval_precision_micro": 0.8085106382978723,
        "eval_recall_micro": 0.8085106382978723,
        "eval_f1_micro": 0.8085106382978723,
        "eval_runtime": 2.2591,
        "eval_samples_per_second": 177.062,
        "eval_steps_per_second": 22.133
    }
}
