{
    "reconstructed_featural": {
        "eval_loss": 0.9242994785308838,
        "eval_model_preparation_time": 0.0292,
        "eval_precision": 0.35542168674698793,
        "eval_recall": 0.5619047619047619,
        "eval_f1": 0.4354243542435424,
        "eval_accuracy": 0.7670454545454546,
        "eval_runtime": 0.3605,
        "eval_samples_per_second": 277.362,
        "eval_steps_per_second": 36.057
    },
    "reconstructed_syntactic": {
        "eval_loss": 0.9628140926361084,
        "eval_model_preparation_time": 0.0289,
        "eval_precision": 0.34831460674157305,
        "eval_recall": 0.5904761904761905,
        "eval_f1": 0.43816254416961126,
        "eval_accuracy": 0.7644628099173554,
        "eval_runtime": 0.3454,
        "eval_samples_per_second": 289.537,
        "eval_steps_per_second": 37.64
    },
    "reconstructed_morphological": {
        "eval_loss": 0.9629802703857422,
        "eval_model_preparation_time": 0.0281,
        "eval_precision": 0.3905325443786982,
        "eval_recall": 0.6285714285714286,
        "eval_f1": 0.4817518248175182,
        "eval_accuracy": 0.7670454545454546,
        "eval_runtime": 0.3525,
        "eval_samples_per_second": 283.693,
        "eval_steps_per_second": 36.88
    }
}
