{
    "reconstructed_featural": {
        "eval_loss": 2.7887771129608154,
        "eval_model_preparation_time": 0.0291,
        "eval_accuracy": 0.5401662049861495,
        "eval_precision_macro": 0.4463076430092928,
        "eval_recall_macro": 0.42815193526937934,
        "eval_f1_macro": 0.41677823477062603,
        "eval_precision_micro": 0.5401662049861495,
        "eval_recall_micro": 0.5401662049861495,
        "eval_f1_micro": 0.5401662049861495,
        "eval_runtime": 0.5444,
        "eval_samples_per_second": 183.701,
        "eval_steps_per_second": 23.881
    },
    "baseline_en": {
        "eval_loss": 3.1002328395843506,
        "eval_model_preparation_time": 0.0265,
        "eval_accuracy": 0.5311634349030471,
        "eval_precision_macro": 0.44748503304781134,
        "eval_recall_macro": 0.4238644848874818,
        "eval_f1_macro": 0.4168970639245055,
        "eval_precision_micro": 0.5311634349030471,
        "eval_recall_micro": 0.5311634349030471,
        "eval_f1_micro": 0.5311634349030471,
        "eval_runtime": 0.5423,
        "eval_samples_per_second": 184.391,
        "eval_steps_per_second": 23.971
    },
    "baseline_task_adapter": {
        "eval_loss": 2.43105411529541,
        "eval_model_preparation_time": 0.0268,
        "eval_accuracy": 0.5754847645429363,
        "eval_precision_macro": 0.4660427399032929,
        "eval_recall_macro": 0.4460383272304465,
        "eval_f1_macro": 0.439576023236648,
        "eval_precision_micro": 0.5754847645429363,
        "eval_recall_micro": 0.5754847645429363,
        "eval_f1_micro": 0.5754847645429363,
        "eval_runtime": 0.495,
        "eval_samples_per_second": 202.009,
        "eval_steps_per_second": 26.261
    },
    "baseline_avg_adapter": {
        "eval_loss": 2.6642584800720215,
        "eval_model_preparation_time": 0.0281,
        "eval_accuracy": 0.525623268698061,
        "eval_precision_macro": 0.4966955242779678,
        "eval_recall_macro": 0.43005699176573975,
        "eval_f1_macro": 0.4286225991459903,
        "eval_precision_micro": 0.525623268698061,
        "eval_recall_micro": 0.525623268698061,
        "eval_f1_micro": 0.525623268698061,
        "eval_runtime": 0.5441,
        "eval_samples_per_second": 183.806,
        "eval_steps_per_second": 23.895
    },
    "baseline_closest_featural": {
        "eval_loss": 2.290438175201416,
        "eval_model_preparation_time": 0.0277,
        "eval_accuracy": 0.603185595567867,
        "eval_precision_macro": 0.5165630187730242,
        "eval_recall_macro": 0.49409774826857966,
        "eval_f1_macro": 0.48494304973187186,
        "eval_precision_micro": 0.603185595567867,
        "eval_recall_micro": 0.603185595567867,
        "eval_f1_micro": 0.603185595567867,
        "eval_runtime": 0.5438,
        "eval_samples_per_second": 183.9,
        "eval_steps_per_second": 23.907
    },
    "no_train_gain": {
        "eval_loss": 2.720844030380249,
        "eval_model_preparation_time": 0.0291,
        "eval_accuracy": 0.5602493074792244,
        "eval_precision_macro": 0.4876479720057025,
        "eval_recall_macro": 0.4678476756391066,
        "eval_f1_macro": 0.45782956126295615,
        "eval_precision_micro": 0.5602493074792244,
        "eval_recall_micro": 0.5602493074792244,
        "eval_f1_micro": 0.5602493074792244,
        "eval_runtime": 0.5461,
        "eval_samples_per_second": 183.126,
        "eval_steps_per_second": 23.806
    }
}
