{
    "reconstructed_featural": {
        "eval_loss": 0.48978209495544434,
        "eval_model_preparation_time": 0.0271,
        "eval_precision": 0.2948717948717949,
        "eval_recall": 0.34328358208955223,
        "eval_f1": 0.31724137931034485,
        "eval_accuracy": 0.857792476229847,
        "eval_runtime": 0.3738,
        "eval_samples_per_second": 267.497,
        "eval_steps_per_second": 34.775
    }
}