{
    "reconstructed_featural": {
        "eval_loss": 4.749595642089844,
        "eval_model_preparation_time": 0.028,
        "eval_accuracy": 0.3287566742944317,
        "eval_precision_macro": 0.17292430399054795,
        "eval_recall_macro": 0.17325605958896886,
        "eval_f1_macro": 0.12390441728424889,
        "eval_precision_micro": 0.3287566742944317,
        "eval_recall_micro": 0.3287566742944317,
        "eval_f1_micro": 0.3287566742944317,
        "eval_runtime": 0.5683,
        "eval_samples_per_second": 172.443,
        "eval_steps_per_second": 22.875
    },
    "baseline_en": {
        "eval_loss": 5.539754390716553,
        "eval_model_preparation_time": 0.0274,
        "eval_accuracy": 0.3348588863463005,
        "eval_precision_macro": 0.24181752850953117,
        "eval_recall_macro": 0.16513717900289104,
        "eval_f1_macro": 0.13312791624539527,
        "eval_precision_micro": 0.3348588863463005,
        "eval_recall_micro": 0.3348588863463005,
        "eval_f1_micro": 0.3348588863463005,
        "eval_runtime": 0.5705,
        "eval_samples_per_second": 171.775,
        "eval_steps_per_second": 22.787
    },
    "baseline_task_adapter": {
        "eval_loss": 4.377647399902344,
        "eval_model_preparation_time": 0.0273,
        "eval_accuracy": 0.32341723874904654,
        "eval_precision_macro": 0.20204615007681795,
        "eval_recall_macro": 0.17152316174211069,
        "eval_f1_macro": 0.12542713010649018,
        "eval_precision_micro": 0.32341723874904654,
        "eval_recall_micro": 0.32341723874904654,
        "eval_f1_micro": 0.32341723874904654,
        "eval_runtime": 0.5177,
        "eval_samples_per_second": 189.297,
        "eval_steps_per_second": 25.111
    },
    "baseline_avg_adapter": {
        "eval_loss": 4.230350494384766,
        "eval_model_preparation_time": 0.0283,
        "eval_accuracy": 0.32799389778794813,
        "eval_precision_macro": 0.1790179049956817,
        "eval_recall_macro": 0.15868863146176834,
        "eval_f1_macro": 0.12415365773289115,
        "eval_precision_micro": 0.32799389778794813,
        "eval_recall_micro": 0.32799389778794813,
        "eval_f1_micro": 0.32799389778794813,
        "eval_runtime": 0.5628,
        "eval_samples_per_second": 174.118,
        "eval_steps_per_second": 23.097
    },
    "baseline_closest_featural": {
        "eval_loss": 4.678404808044434,
        "eval_model_preparation_time": 0.0268,
        "eval_accuracy": 0.3318077803203661,
        "eval_precision_macro": 0.16633515147253394,
        "eval_recall_macro": 0.1723357965767775,
        "eval_f1_macro": 0.12709137439600068,
        "eval_precision_micro": 0.3318077803203661,
        "eval_recall_micro": 0.3318077803203661,
        "eval_f1_micro": 0.3318077803203661,
        "eval_runtime": 0.5627,
        "eval_samples_per_second": 174.15,
        "eval_steps_per_second": 23.102
    },
    "no_train_gain": {
        "eval_loss": 4.744681358337402,
        "eval_model_preparation_time": 0.0282,
        "eval_accuracy": 0.3310450038138825,
        "eval_precision_macro": 0.19849733066152678,
        "eval_recall_macro": 0.1758314610457482,
        "eval_f1_macro": 0.1318496109847567,
        "eval_precision_micro": 0.3310450038138825,
        "eval_recall_micro": 0.3310450038138825,
        "eval_f1_micro": 0.3310450038138825,
        "eval_runtime": 0.5646,
        "eval_samples_per_second": 173.588,
        "eval_steps_per_second": 23.027
    }
}