{
    "reconstructed_featural": {
        "eval_loss": 4.996316909790039,
        "eval_model_preparation_time": 0.0274,
        "eval_accuracy": 0.29548965091133766,
        "eval_precision_macro": 0.2762641430216973,
        "eval_recall_macro": 0.24343596352128724,
        "eval_f1_macro": 0.1916766485901652,
        "eval_precision_micro": 0.29548965091133766,
        "eval_recall_micro": 0.29548965091133766,
        "eval_f1_micro": 0.29548965091133766,
        "eval_runtime": 1.5468,
        "eval_samples_per_second": 188.125,
        "eval_steps_per_second": 23.92
    }
}
