{
    "reconstructed_featural": {
        "eval_loss": 4.97551965713501,
        "eval_model_preparation_time": 0.0286,
        "eval_accuracy": 0.29564411492122333,
        "eval_precision_macro": 0.27531025231828643,
        "eval_recall_macro": 0.2436181738158077,
        "eval_f1_macro": 0.19169392208119856,
        "eval_precision_micro": 0.29564411492122333,
        "eval_recall_micro": 0.29564411492122333,
        "eval_f1_micro": 0.29564411492122333,
        "eval_runtime": 1.6548,
        "eval_samples_per_second": 175.854,
        "eval_steps_per_second": 22.359
    },
    "baseline_en": {
        "eval_loss": 5.39794921875,
        "eval_model_preparation_time": 0.0269,
        "eval_accuracy": 0.3042940994748224,
        "eval_precision_macro": 0.29886107124550004,
        "eval_recall_macro": 0.23919417103114515,
        "eval_f1_macro": 0.20135301018213966,
        "eval_precision_micro": 0.3042940994748224,
        "eval_recall_micro": 0.3042940994748224,
        "eval_f1_micro": 0.3042940994748224,
        "eval_runtime": 1.6344,
        "eval_samples_per_second": 178.043,
        "eval_steps_per_second": 22.638
    },
    "baseline_task_adapter": {
        "eval_loss": 4.602003574371338,
        "eval_model_preparation_time": 0.028,
        "eval_accuracy": 0.31000926784059313,
        "eval_precision_macro": 0.2755752123609712,
        "eval_recall_macro": 0.23355772071183178,
        "eval_f1_macro": 0.19542453396394374,
        "eval_precision_micro": 0.31000926784059313,
        "eval_recall_micro": 0.31000926784059313,
        "eval_f1_micro": 0.31000926784059313,
        "eval_runtime": 1.5032,
        "eval_samples_per_second": 193.593,
        "eval_steps_per_second": 24.615
    },
    "baseline_avg_adapter": {
        "eval_loss": 4.365067481994629,
        "eval_model_preparation_time": 0.0293,
        "eval_accuracy": 0.30135928328699413,
        "eval_precision_macro": 0.26212715924809266,
        "eval_recall_macro": 0.20689892105437488,
        "eval_f1_macro": 0.165917660711491,
        "eval_precision_micro": 0.30135928328699413,
        "eval_recall_micro": 0.30135928328699413,
        "eval_f1_micro": 0.30135928328699413,
        "eval_runtime": 1.6366,
        "eval_samples_per_second": 177.812,
        "eval_steps_per_second": 22.608
    },
    "baseline_closest_featural": {
        "eval_loss": 5.197951793670654,
        "eval_model_preparation_time": 0.0267,
        "eval_accuracy": 0.26367006487488415,
        "eval_precision_macro": 0.24914317983982037,
        "eval_recall_macro": 0.22169278748660864,
        "eval_f1_macro": 0.1622999659475,
        "eval_precision_micro": 0.26367006487488415,
        "eval_recall_micro": 0.26367006487488415,
        "eval_f1_micro": 0.26367006487488415,
        "eval_runtime": 1.6293,
        "eval_samples_per_second": 178.608,
        "eval_steps_per_second": 22.71
    },
    "no_train_gain": {
        "eval_loss": 5.301642894744873,
        "eval_model_preparation_time": 0.0289,
        "eval_accuracy": 0.28344145814025334,
        "eval_precision_macro": 0.26915996411754584,
        "eval_recall_macro": 0.24354291306091846,
        "eval_f1_macro": 0.18892539303689773,
        "eval_precision_micro": 0.28344145814025334,
        "eval_recall_micro": 0.28344145814025334,
        "eval_f1_micro": 0.28344145814025334,
        "eval_runtime": 1.6344,
        "eval_samples_per_second": 178.052,
        "eval_steps_per_second": 22.639
    }
}
