{
    "reconstructed_featural": {
        "eval_loss": 1.4496989250183105,
        "eval_model_preparation_time": 0.0267,
        "eval_precision": 0.15714285714285714,
        "eval_recall": 0.30275229357798167,
        "eval_f1": 0.20689655172413793,
        "eval_accuracy": 0.5884101040118871,
        "eval_runtime": 0.4155,
        "eval_samples_per_second": 240.667,
        "eval_steps_per_second": 31.287
    }
}