{
    "reconstructed_syntactic": {
        "eval_loss": 1.466538906097412,
        "eval_model_preparation_time": 0.0283,
        "eval_precision": 0.16585365853658537,
        "eval_recall": 0.3119266055045872,
        "eval_f1": 0.2165605095541401,
        "eval_accuracy": 0.5745418524021793,
        "eval_runtime": 0.4165,
        "eval_samples_per_second": 240.086,
        "eval_steps_per_second": 31.211
    },
    "reconstructed_morphological": {
        "eval_loss": 1.457872748374939,
        "eval_model_preparation_time": 0.0284,
        "eval_precision": 0.1691542288557214,
        "eval_recall": 0.3119266055045872,
        "eval_f1": 0.21935483870967745,
        "eval_accuracy": 0.578504210004953,
        "eval_runtime": 0.4144,
        "eval_samples_per_second": 241.294,
        "eval_steps_per_second": 31.368
    }
}