{
    "reconstructed_featural": {
        "eval_loss": 0.7412961721420288,
        "eval_model_preparation_time": 0.0282,
        "eval_precision": 0.4613977056794989,
        "eval_recall": 0.4786100160607388,
        "eval_f1": 0.46984627512810406,
        "eval_accuracy": 0.8137624861265261,
        "eval_runtime": 33.9987,
        "eval_samples_per_second": 294.129,
        "eval_steps_per_second": 36.766
    },
    "reconstructed_syntactic": {
        "eval_loss": 0.7771135568618774,
        "eval_model_preparation_time": 0.0281,
        "eval_precision": 0.45170574196265617,
        "eval_recall": 0.46977660972404733,
        "eval_f1": 0.46056398511308333,
        "eval_accuracy": 0.8083487483043532,
        "eval_runtime": 33.0093,
        "eval_samples_per_second": 302.945,
        "eval_steps_per_second": 37.868
    },
    "reconstructed_morphological": {
        "eval_loss": 0.7564865946769714,
        "eval_model_preparation_time": 0.0289,
        "eval_precision": 0.46203026212971515,
        "eval_recall": 0.4748138414367061,
        "eval_f1": 0.4683348334833483,
        "eval_accuracy": 0.8116907140214576,
        "eval_runtime": 32.4283,
        "eval_samples_per_second": 308.373,
        "eval_steps_per_second": 38.547
    }
}