{
    "reconstructed_syntactic": {
        "eval_loss": 0.7343943119049072,
        "eval_model_preparation_time": 0.0312,
        "eval_precision": 0.4532936617769167,
        "eval_recall": 0.47824499926996644,
        "eval_f1": 0.46543516873889873,
        "eval_accuracy": 0.8138611419410532,
        "eval_runtime": 28.0774,
        "eval_samples_per_second": 356.159,
        "eval_steps_per_second": 44.52
    },
    "reconstructed_morphological": {
        "eval_loss": 0.7336455583572388,
        "eval_model_preparation_time": 0.0288,
        "eval_precision": 0.45474720854428186,
        "eval_recall": 0.4786830194188933,
        "eval_f1": 0.46640822278336946,
        "eval_accuracy": 0.8142557651991614,
        "eval_runtime": 28.031,
        "eval_samples_per_second": 356.748,
        "eval_steps_per_second": 44.594
    }
}
