{
    "reconstructed_featural": {
        "eval_loss": 0.7379769682884216,
        "eval_model_preparation_time": 0.0282,
        "eval_precision": 0.45880227872724744,
        "eval_recall": 0.4821141772521536,
        "eval_f1": 0.470169443257867,
        "eval_accuracy": 0.814940189912443,
        "eval_runtime": 34.7274,
        "eval_samples_per_second": 287.957,
        "eval_steps_per_second": 35.995
    },
    "reconstructed_syntactic": {
        "eval_loss": 0.7488207221031189,
        "eval_model_preparation_time": 0.0279,
        "eval_precision": 0.45777591973244147,
        "eval_recall": 0.47963206307490147,
        "eval_f1": 0.4684491978609626,
        "eval_accuracy": 0.813663830311999,
        "eval_runtime": 40.4312,
        "eval_samples_per_second": 247.334,
        "eval_steps_per_second": 30.917
    },
    "reconstructed_morphological": {
        "eval_loss": 0.7435353994369507,
        "eval_model_preparation_time": 0.0327,
        "eval_precision": 0.4626112551685472,
        "eval_recall": 0.48189516717769015,
        "eval_f1": 0.4720563521292952,
        "eval_accuracy": 0.8145394006659268,
        "eval_runtime": 39.8647,
        "eval_samples_per_second": 250.849,
        "eval_steps_per_second": 31.356
    }
}
