{
    "reconstructed_featural": {
        "eval_loss": 0.7345455288887024,
        "eval_model_preparation_time": 0.0273,
        "eval_precision": 0.45602108768035515,
        "eval_recall": 0.47992407650751934,
        "eval_f1": 0.46766735434303197,
        "eval_accuracy": 0.8145702306079664,
        "eval_runtime": 28.0971,
        "eval_samples_per_second": 355.909,
        "eval_steps_per_second": 44.489
    }
}