{
    "reconstructed_featural": {
        "eval_loss": 0.7331333160400391,
        "eval_model_preparation_time": 0.0288,
        "eval_precision": 0.454154827084344,
        "eval_recall": 0.4783910059862754,
        "eval_f1": 0.46595797632168384,
        "eval_accuracy": 0.8138919718830928,
        "eval_runtime": 27.4517,
        "eval_samples_per_second": 364.276,
        "eval_steps_per_second": 45.534
    },
    "baseline_en": {
        "eval_loss": 1.1934709548950195,
        "eval_model_preparation_time": 0.0279,
        "eval_precision": 0.4155136630923556,
        "eval_recall": 0.3507811359322529,
        "eval_f1": 0.38041326894149313,
        "eval_accuracy": 0.7519237883832779,
        "eval_runtime": 27.4517,
        "eval_samples_per_second": 364.276,
        "eval_steps_per_second": 45.535
    },
    "baseline_task_adapter": {
        "eval_loss": 0.8081860542297363,
        "eval_model_preparation_time": 0.0281,
        "eval_precision": 0.3922281241263629,
        "eval_recall": 0.4096948459629143,
        "eval_f1": 0.40077126330072127,
        "eval_accuracy": 0.7855530891601924,
        "eval_runtime": 23.8454,
        "eval_samples_per_second": 419.368,
        "eval_steps_per_second": 52.421
    },
    "baseline_avg_adapter": {
        "eval_loss": 1.1522448062896729,
        "eval_model_preparation_time": 0.0303,
        "eval_precision": 0.3538695569499905,
        "eval_recall": 0.27171849905095635,
        "eval_f1": 0.30740006607201853,
        "eval_accuracy": 0.7277777777777777,
        "eval_runtime": 27.6532,
        "eval_samples_per_second": 361.622,
        "eval_steps_per_second": 45.203
    },
    "baseline_closest_featural": {
        "eval_loss": 0.9031327366828918,
        "eval_model_preparation_time": 0.0278,
        "eval_precision": 0.37100422195416166,
        "eval_recall": 0.359249525478172,
        "eval_f1": 0.3650322676359321,
        "eval_accuracy": 0.7698729806387964,
        "eval_runtime": 27.7531,
        "eval_samples_per_second": 360.32,
        "eval_steps_per_second": 45.04
    },
    "no_train_gain": {
        "eval_loss": 0.7653864026069641,
        "eval_model_preparation_time": 0.0289,
        "eval_precision": 0.43719741796664874,
        "eval_recall": 0.47466783472039714,
        "eval_f1": 0.4551627581379069,
        "eval_accuracy": 0.8073313602170428,
        "eval_runtime": 27.8062,
        "eval_samples_per_second": 359.632,
        "eval_steps_per_second": 44.954
    }
}