{
    "reconstructed_featural": {
        "eval_loss": 0.7351954579353333,
        "eval_model_preparation_time": 0.0293,
        "eval_precision": 0.45621831817234915,
        "eval_recall": 0.47963206307490147,
        "eval_f1": 0.46763230008185347,
        "eval_accuracy": 0.8146688864224936,
        "eval_runtime": 30.0643,
        "eval_samples_per_second": 332.621,
        "eval_steps_per_second": 41.578
    }
}
