{
    "reconstructed_featural": {
        "eval_loss": 0.7381210923194885,
        "eval_model_preparation_time": 0.0265,
        "eval_precision": 0.45942936673625606,
        "eval_recall": 0.4819681705358447,
        "eval_f1": 0.47042895824426395,
        "eval_accuracy": 0.8146318904920459,
        "eval_runtime": 28.6403,
        "eval_samples_per_second": 349.158,
        "eval_steps_per_second": 43.645
    }
}