{
    "reconstructed_syntactic": {
        "eval_loss": 3.5730443000793457,
        "eval_model_preparation_time": 0.0275,
        "eval_accuracy": 0.5988364317239535,
        "eval_precision_macro": 0.48971511975243065,
        "eval_recall_macro": 0.5164177339573498,
        "eval_f1_macro": 0.46129171123124063,
        "eval_precision_micro": 0.5988364317239535,
        "eval_recall_micro": 0.5988364317239535,
        "eval_f1_micro": 0.5988364317239535,
        "eval_runtime": 3.3543,
        "eval_samples_per_second": 146.377,
        "eval_steps_per_second": 18.483
    },
    "reconstructed_morphological": {
        "eval_loss": 3.5782220363616943,
        "eval_model_preparation_time": 0.0281,
        "eval_accuracy": 0.5989033034639561,
        "eval_precision_macro": 0.4934561583426382,
        "eval_recall_macro": 0.5166279070599763,
        "eval_f1_macro": 0.46153051823942726,
        "eval_precision_micro": 0.5989033034639561,
        "eval_recall_micro": 0.5989033034639561,
        "eval_f1_micro": 0.5989033034639561,
        "eval_runtime": 2.6335,
        "eval_samples_per_second": 186.445,
        "eval_steps_per_second": 23.543
    }
}