{
    "reconstructed_featural": {
        "eval_loss": 3.5743658542633057,
        "eval_model_preparation_time": 0.028,
        "eval_accuracy": 0.5988364317239535,
        "eval_precision_macro": 0.493311269995029,
        "eval_recall_macro": 0.5167067513851219,
        "eval_f1_macro": 0.461450221057639,
        "eval_precision_micro": 0.5988364317239535,
        "eval_recall_micro": 0.5988364317239535,
        "eval_f1_micro": 0.5988364317239535,
        "eval_runtime": 2.799,
        "eval_samples_per_second": 175.421,
        "eval_steps_per_second": 22.151
    },
    "baseline_en": {
        "eval_loss": 3.80163836479187,
        "eval_model_preparation_time": 0.0268,
        "eval_accuracy": 0.5936873077437474,
        "eval_precision_macro": 0.4814164667157269,
        "eval_recall_macro": 0.5081839882709331,
        "eval_f1_macro": 0.45698873393983547,
        "eval_precision_micro": 0.5936873077437474,
        "eval_recall_micro": 0.5936873077437474,
        "eval_f1_micro": 0.5936873077437474,
        "eval_runtime": 2.8016,
        "eval_samples_per_second": 175.255,
        "eval_steps_per_second": 22.13
    },
    "baseline_task_adapter": {
        "eval_loss": 3.34538197517395,
        "eval_model_preparation_time": 0.0272,
        "eval_accuracy": 0.5940216664437609,
        "eval_precision_macro": 0.4894894567075534,
        "eval_recall_macro": 0.514308132931685,
        "eval_f1_macro": 0.45691631456701043,
        "eval_precision_micro": 0.5940216664437609,
        "eval_recall_micro": 0.5940216664437609,
        "eval_f1_micro": 0.5940216664437609,
        "eval_runtime": 2.5748,
        "eval_samples_per_second": 190.697,
        "eval_steps_per_second": 24.08
    },
    "baseline_avg_adapter": {
        "eval_loss": 3.412071943283081,
        "eval_model_preparation_time": 0.0285,
        "eval_accuracy": 0.5845258793633811,
        "eval_precision_macro": 0.5004088364963847,
        "eval_recall_macro": 0.49986089855593263,
        "eval_f1_macro": 0.4436137847045998,
        "eval_precision_micro": 0.5845258793633811,
        "eval_recall_micro": 0.5845258793633811,
        "eval_f1_micro": 0.5845258793633811,
        "eval_runtime": 2.7997,
        "eval_samples_per_second": 175.378,
        "eval_steps_per_second": 22.145
    },
    "baseline_closest_featural": {
        "eval_loss": 3.7413651943206787,
        "eval_model_preparation_time": 0.0277,
        "eval_accuracy": 0.5732914270429317,
        "eval_precision_macro": 0.4722677826640902,
        "eval_recall_macro": 0.4891969561248838,
        "eval_f1_macro": 0.441730210541204,
        "eval_precision_micro": 0.5732914270429317,
        "eval_recall_micro": 0.5732914270429317,
        "eval_f1_micro": 0.5732914270429317,
        "eval_runtime": 2.7968,
        "eval_samples_per_second": 175.558,
        "eval_steps_per_second": 22.168
    },
    "no_train_gain": {
        "eval_loss": 3.599820137023926,
        "eval_model_preparation_time": 0.0281,
        "eval_accuracy": 0.5937541794837502,
        "eval_precision_macro": 0.48352864647784144,
        "eval_recall_macro": 0.5129735708001603,
        "eval_f1_macro": 0.4568680852361692,
        "eval_precision_micro": 0.5937541794837502,
        "eval_recall_micro": 0.5937541794837502,
        "eval_f1_micro": 0.5937541794837502,
        "eval_runtime": 2.8082,
        "eval_samples_per_second": 174.843,
        "eval_steps_per_second": 22.078
    }
}