{
    "reconstructed_featural": {
        "eval_loss": 3.586611747741699,
        "eval_model_preparation_time": 0.0274,
        "eval_accuracy": 0.5995051491239802,
        "eval_precision_macro": 0.49507825930062993,
        "eval_recall_macro": 0.5171473019568654,
        "eval_f1_macro": 0.46242629974941507,
        "eval_precision_micro": 0.5995051491239802,
        "eval_recall_micro": 0.5995051491239802,
        "eval_f1_micro": 0.5995051491239802,
        "eval_runtime": 2.5909,
        "eval_samples_per_second": 189.513,
        "eval_steps_per_second": 23.93
    }
}
