{
    "reconstructed_featural": {
        "eval_loss": 0.6447415947914124,
        "eval_model_preparation_time": 0.033,
        "eval_precision": 0.6014134275618375,
        "eval_recall": 0.6929967426710097,
        "eval_f1": 0.6439651910707529,
        "eval_accuracy": 0.8238005644402634,
        "eval_runtime": 3.6959,
        "eval_samples_per_second": 270.573,
        "eval_steps_per_second": 33.822
    },
    "reconstructed_syntactic": {
        "eval_loss": 0.6530700922012329,
        "eval_model_preparation_time": 0.0288,
        "eval_precision": 0.6071428571428571,
        "eval_recall": 0.6921824104234527,
        "eval_f1": 0.6468797564687975,
        "eval_accuracy": 0.8179680150517403,
        "eval_runtime": 3.0887,
        "eval_samples_per_second": 323.761,
        "eval_steps_per_second": 40.47
    },
    "reconstructed_morphological": {
        "eval_loss": 0.6589480042457581,
        "eval_model_preparation_time": 0.0333,
        "eval_precision": 0.6076487252124646,
        "eval_recall": 0.6986970684039088,
        "eval_f1": 0.65,
        "eval_accuracy": 0.8199435559736594,
        "eval_runtime": 3.6491,
        "eval_samples_per_second": 274.037,
        "eval_steps_per_second": 34.255
    }
}
