{
    "reconstructed_featural": {
        "eval_loss": 0.6292059421539307,
        "eval_model_preparation_time": 0.0264,
        "eval_precision": 0.6029619181946403,
        "eval_recall": 0.6962540716612378,
        "eval_f1": 0.6462585034013606,
        "eval_accuracy": 0.826716839134525,
        "eval_runtime": 2.8843,
        "eval_samples_per_second": 346.707,
        "eval_steps_per_second": 43.338
    }
}