{
    "reconstructed_syntactic": {
        "eval_loss": 0.6359195709228516,
        "eval_model_preparation_time": 0.0296,
        "eval_precision": 0.5959097320169252,
        "eval_recall": 0.6881107491856677,
        "eval_f1": 0.6386999244142101,
        "eval_accuracy": 0.8237064910630292,
        "eval_runtime": 2.7509,
        "eval_samples_per_second": 363.515,
        "eval_steps_per_second": 45.439
    },
    "reconstructed_morphological": {
        "eval_loss": 0.6333571672439575,
        "eval_model_preparation_time": 0.028,
        "eval_precision": 0.6022727272727273,
        "eval_recall": 0.6905537459283387,
        "eval_f1": 0.6433990895295902,
        "eval_accuracy": 0.8243650047036689,
        "eval_runtime": 2.7749,
        "eval_samples_per_second": 360.368,
        "eval_steps_per_second": 45.046
    }
}