{
    "reconstructed_syntactic": {
        "eval_loss": 1.5593539476394653,
        "eval_model_preparation_time": 0.028,
        "eval_accuracy": 0.7414075286415712,
        "eval_precision_macro": 0.5815602403696314,
        "eval_recall_macro": 0.6314975126933537,
        "eval_f1_macro": 0.5763763187982286,
        "eval_precision_micro": 0.7414075286415712,
        "eval_recall_micro": 0.7414075286415712,
        "eval_f1_micro": 0.7414075286415712,
        "eval_runtime": 5.3133,
        "eval_samples_per_second": 188.206,
        "eval_steps_per_second": 23.526
    },
    "reconstructed_morphological": {
        "eval_loss": 1.5600935220718384,
        "eval_model_preparation_time": 0.0278,
        "eval_accuracy": 0.7413235972974107,
        "eval_precision_macro": 0.5813593279287895,
        "eval_recall_macro": 0.6316674553882179,
        "eval_f1_macro": 0.576361958116837,
        "eval_precision_micro": 0.7413235972974107,
        "eval_recall_micro": 0.7413235972974107,
        "eval_f1_micro": 0.7413235972974107,
        "eval_runtime": 5.3064,
        "eval_samples_per_second": 188.45,
        "eval_steps_per_second": 23.556
    }
}