{
    "reconstructed_featural": {
        "eval_loss": 1.5639485120773315,
        "eval_model_preparation_time": 0.0272,
        "eval_accuracy": 0.7414075286415712,
        "eval_precision_macro": 0.61724125968749,
        "eval_recall_macro": 0.6692237325312246,
        "eval_f1_macro": 0.6112958585241125,
        "eval_precision_micro": 0.7414075286415712,
        "eval_recall_micro": 0.7414075286415712,
        "eval_f1_micro": 0.7414075286415712,
        "eval_runtime": 5.219,
        "eval_samples_per_second": 191.608,
        "eval_steps_per_second": 23.951
    }
}
