{
    "reconstructed_featural": {
        "eval_loss": 1.5637450218200684,
        "eval_model_preparation_time": 0.029,
        "eval_accuracy": 0.7412396659532502,
        "eval_precision_macro": 0.6167864318682764,
        "eval_recall_macro": 0.6690078121562184,
        "eval_f1_macro": 0.6109509561500738,
        "eval_precision_micro": 0.7412396659532502,
        "eval_recall_micro": 0.7412396659532502,
        "eval_f1_micro": 0.7412396659532502,
        "eval_runtime": 5.2323,
        "eval_samples_per_second": 191.121,
        "eval_steps_per_second": 23.89
    }
}