{
    "reconstructed_featural": {
        "exact_match": 51.76470588235294,
        "f1": 68.6786366743306
    }
}
