{
    "reconstructed_featural": {
        "exact_match": 51.680672268907564,
        "f1": 68.58678357130198
    }
}