{
    "reconstructed_syntactic": {
        "exact_match": 51.76470588235294,
        "f1": 68.59522095947537
    },
    "reconstructed_morphological": {
        "exact_match": 51.680672268907564,
        "f1": 68.60053876850162
    }
}
