{
    "reconstructed_featural": {
        "exact_match": 51.34453781512605,
        "f1": 68.6560875953513
    }
}