{
    "reconstructed_featural": {
        "eval_loss": 0.33609282970428467,
        "eval_model_preparation_time": 0.0273,
        "eval_precision": 0.6893032384690874,
        "eval_recall": 0.7882687415831213,
        "eval_f1": 0.7354717112840738,
        "eval_accuracy": 0.9098494366891343,
        "eval_runtime": 30.0506,
        "eval_samples_per_second": 332.772,
        "eval_steps_per_second": 41.596
    }
}
