{
    "reconstructed_featural": {
        "eval_loss": 0.34074607491493225,
        "eval_model_preparation_time": 0.0327,
        "eval_precision": 0.6901224062315899,
        "eval_recall": 0.788792458476732,
        "eval_f1": 0.7361659044094543,
        "eval_accuracy": 0.9093635246669767,
        "eval_runtime": 32.1227,
        "eval_samples_per_second": 311.306,
        "eval_steps_per_second": 38.913
    },
    "reconstructed_syntactic": {
        "eval_loss": 0.34275567531585693,
        "eval_model_preparation_time": 0.0282,
        "eval_precision": 0.6888031897509641,
        "eval_recall": 0.7884183749812959,
        "eval_f1": 0.7352520495377638,
        "eval_accuracy": 0.9088151382419704,
        "eval_runtime": 31.4778,
        "eval_samples_per_second": 317.685,
        "eval_steps_per_second": 39.711
    },
    "reconstructed_morphological": {
        "eval_loss": 0.34096524119377136,
        "eval_model_preparation_time": 0.0325,
        "eval_precision": 0.6901768172888015,
        "eval_recall": 0.788493191680383,
        "eval_f1": 0.7360664897332029,
        "eval_accuracy": 0.9092594006622287,
        "eval_runtime": 36.8016,
        "eval_samples_per_second": 271.727,
        "eval_steps_per_second": 33.966
    }
}