{
    "reconstructed_featural": {
        "eval_loss": 0.34071698784828186,
        "eval_model_preparation_time": 0.0266,
        "eval_precision": 0.6900163666121113,
        "eval_recall": 0.7885680083794703,
        "eval_f1": 0.7360078209559722,
        "eval_accuracy": 0.9093357582657106,
        "eval_runtime": 30.7428,
        "eval_samples_per_second": 325.28,
        "eval_steps_per_second": 40.66
    }
}