{
    "reconstructed_featural": {
        "eval_loss": 1.544940710067749,
        "eval_model_preparation_time": 0.0288,
        "eval_accuracy": 0.7647608370702541,
        "eval_precision_macro": 0.5599097996393715,
        "eval_recall_macro": 0.4954473215784889,
        "eval_f1_macro": 0.5065355241584311,
        "eval_precision_micro": 0.7647608370702541,
        "eval_recall_micro": 0.7647608370702541,
        "eval_f1_micro": 0.7647608370702541,
        "eval_runtime": 1.7299,
        "eval_samples_per_second": 360.145,
        "eval_steps_per_second": 45.09
    },
    "reconstructed_syntactic": {
        "eval_loss": 1.544940710067749,
        "eval_model_preparation_time": 0.028,
        "eval_accuracy": 0.7647608370702541,
        "eval_precision_macro": 0.5599097996393715,
        "eval_recall_macro": 0.4954473215784889,
        "eval_f1_macro": 0.5065355241584311,
        "eval_precision_micro": 0.7647608370702541,
        "eval_recall_micro": 0.7647608370702541,
        "eval_f1_micro": 0.7647608370702541,
        "eval_runtime": 1.6885,
        "eval_samples_per_second": 368.962,
        "eval_steps_per_second": 46.194
    },
    "reconstructed_morphological": {
        "eval_loss": 1.544940710067749,
        "eval_model_preparation_time": 0.0285,
        "eval_accuracy": 0.7647608370702541,
        "eval_precision_macro": 0.5599097996393715,
        "eval_recall_macro": 0.4954473215784889,
        "eval_f1_macro": 0.5065355241584311,
        "eval_precision_micro": 0.7647608370702541,
        "eval_recall_micro": 0.7647608370702541,
        "eval_f1_micro": 0.7647608370702541,
        "eval_runtime": 1.6663,
        "eval_samples_per_second": 373.893,
        "eval_steps_per_second": 46.812
    }
}