{
    "reconstructed_featural": {
        "eval_loss": 0.3684898316860199,
        "eval_model_preparation_time": 0.0335,
        "eval_precision": 0.6175921314741036,
        "eval_recall": 0.7004871849184495,
        "eval_f1": 0.6564329903728455,
        "eval_accuracy": 0.897709783803591,
        "eval_runtime": 36.488,
        "eval_samples_per_second": 274.062,
        "eval_steps_per_second": 34.258
    },
    "reconstructed_syntactic": {
        "eval_loss": 0.36705562472343445,
        "eval_model_preparation_time": 0.0357,
        "eval_precision": 0.620724157338503,
        "eval_recall": 0.7008402174680506,
        "eval_f1": 0.6583537839092658,
        "eval_accuracy": 0.8983205081226334,
        "eval_runtime": 37.0841,
        "eval_samples_per_second": 269.658,
        "eval_steps_per_second": 33.707
    },
    "reconstructed_morphological": {
        "eval_loss": 0.3577447831630707,
        "eval_model_preparation_time": 0.0326,
        "eval_precision": 0.6281069545568667,
        "eval_recall": 0.706559344771588,
        "eval_f1": 0.66502741319156,
        "eval_accuracy": 0.901325271772322,
        "eval_runtime": 36.2708,
        "eval_samples_per_second": 275.704,
        "eval_steps_per_second": 34.463
    }
}
