{
    "reconstructed_featural": {
        "eval_loss": 0.36489441990852356,
        "eval_model_preparation_time": 0.0271,
        "eval_precision": 0.6136250929828911,
        "eval_recall": 0.6989338417002048,
        "eval_f1": 0.6535071794025418,
        "eval_accuracy": 0.8991022352510077,
        "eval_runtime": 31.4781,
        "eval_samples_per_second": 317.681,
        "eval_steps_per_second": 39.71
    }
}