{
    "reconstructed_syntactic": {
        "eval_loss": 0.36528536677360535,
        "eval_model_preparation_time": 0.0281,
        "eval_precision": 0.611981909423208,
        "eval_recall": 0.6974511049918802,
        "eval_f1": 0.6519271383315735,
        "eval_accuracy": 0.8987235861732015,
        "eval_runtime": 29.2862,
        "eval_samples_per_second": 341.458,
        "eval_steps_per_second": 42.682
    },
    "reconstructed_morphological": {
        "eval_loss": 0.3648880124092102,
        "eval_model_preparation_time": 0.0279,
        "eval_precision": 0.6135094901377001,
        "eval_recall": 0.698368989620843,
        "eval_f1": 0.6531946508172363,
        "eval_accuracy": 0.899004519359961,
        "eval_runtime": 29.2876,
        "eval_samples_per_second": 341.442,
        "eval_steps_per_second": 42.68
    }
}
