{
    "reconstructed_featural": {
        "eval_loss": 0.3659892976284027,
        "eval_model_preparation_time": 0.0285,
        "eval_precision": 0.6177293934681182,
        "eval_recall": 0.7011226435077315,
        "eval_f1": 0.6567894702030558,
        "eval_accuracy": 0.8994992060583853,
        "eval_runtime": 31.3572,
        "eval_samples_per_second": 318.906,
        "eval_steps_per_second": 39.863
    },
    "reconstructed_syntactic": {
        "eval_loss": 0.36588263511657715,
        "eval_model_preparation_time": 0.028,
        "eval_precision": 0.6153225305767679,
        "eval_recall": 0.6997811198192473,
        "eval_f1": 0.6548397753551372,
        "eval_accuracy": 0.8993770611945767,
        "eval_runtime": 31.3791,
        "eval_samples_per_second": 318.683,
        "eval_steps_per_second": 39.835
    },
    "reconstructed_morphological": {
        "eval_loss": 0.3674432039260864,
        "eval_model_preparation_time": 0.0281,
        "eval_precision": 0.6183956686788226,
        "eval_recall": 0.7016168890771729,
        "eval_f1": 0.6573829055305637,
        "eval_accuracy": 0.8993343104922438,
        "eval_runtime": 32.179,
        "eval_samples_per_second": 310.761,
        "eval_steps_per_second": 38.845
    }
}