{
    "reconstructed_featural": {
        "eval_loss": 0.36443090438842773,
        "eval_model_preparation_time": 0.0266,
        "eval_precision": 0.6156758098547847,
        "eval_recall": 0.7004871849184495,
        "eval_f1": 0.6553489447435347,
        "eval_accuracy": 0.899480884328814,
        "eval_runtime": 32.1754,
        "eval_samples_per_second": 310.796,
        "eval_steps_per_second": 38.85
    }
}