{
    "reconstructed_featural": {
        "eval_loss": 0.9508219957351685,
        "eval_model_preparation_time": 0.0277,
        "eval_accuracy": 0.8514263833046142,
        "eval_precision_macro": 0.698672189738764,
        "eval_recall_macro": 0.6828123951511177,
        "eval_f1_macro": 0.6775477716014628,
        "eval_precision_micro": 0.8514263833046142,
        "eval_recall_micro": 0.8514263833046142,
        "eval_f1_micro": 0.8514263833046142,
        "eval_runtime": 2.5701,
        "eval_samples_per_second": 174.703,
        "eval_steps_per_second": 22.178
    },
    "baseline_en": {
        "eval_loss": 1.022110104560852,
        "eval_model_preparation_time": 0.0265,
        "eval_accuracy": 0.847501435956347,
        "eval_precision_macro": 0.6033351572618718,
        "eval_recall_macro": 0.6095758709522879,
        "eval_f1_macro": 0.5907371895076289,
        "eval_precision_micro": 0.847501435956347,
        "eval_recall_micro": 0.847501435956347,
        "eval_f1_micro": 0.847501435956347,
        "eval_runtime": 2.5716,
        "eval_samples_per_second": 174.6,
        "eval_steps_per_second": 22.165
    },
    "baseline_task_adapter": {
        "eval_loss": 0.926274836063385,
        "eval_model_preparation_time": 0.0274,
        "eval_accuracy": 0.8519050354202565,
        "eval_precision_macro": 0.7016455040808957,
        "eval_recall_macro": 0.6845443118606881,
        "eval_f1_macro": 0.6792055260185358,
        "eval_precision_micro": 0.8519050354202565,
        "eval_recall_micro": 0.8519050354202565,
        "eval_f1_micro": 0.8519050354202565,
        "eval_runtime": 2.3518,
        "eval_samples_per_second": 190.917,
        "eval_steps_per_second": 24.237
    },
    "baseline_avg_adapter": {
        "eval_loss": 0.8822633624076843,
        "eval_model_preparation_time": 0.0285,
        "eval_accuracy": 0.8432892973386943,
        "eval_precision_macro": 0.6132784897739532,
        "eval_recall_macro": 0.6016349282850821,
        "eval_f1_macro": 0.5941106575527402,
        "eval_precision_micro": 0.8432892973386943,
        "eval_recall_micro": 0.8432892973386943,
        "eval_f1_micro": 0.8432892973386943,
        "eval_runtime": 2.5666,
        "eval_samples_per_second": 174.942,
        "eval_steps_per_second": 22.209
    },
    "baseline_closest_featural": {
        "eval_loss": 1.0374464988708496,
        "eval_model_preparation_time": 0.0275,
        "eval_accuracy": 0.79599846831323,
        "eval_precision_macro": 0.5646519974546579,
        "eval_recall_macro": 0.5331544010582157,
        "eval_f1_macro": 0.5314251197579911,
        "eval_precision_micro": 0.79599846831323,
        "eval_recall_micro": 0.79599846831323,
        "eval_f1_micro": 0.79599846831323,
        "eval_runtime": 2.5674,
        "eval_samples_per_second": 174.887,
        "eval_steps_per_second": 22.202
    },
    "no_train_gain": {
        "eval_loss": 0.9742686748504639,
        "eval_model_preparation_time": 0.0281,
        "eval_accuracy": 0.8513306528814857,
        "eval_precision_macro": 0.6534023231064929,
        "eval_recall_macro": 0.6454036009428588,
        "eval_f1_macro": 0.6366510533879757,
        "eval_precision_micro": 0.8513306528814857,
        "eval_recall_micro": 0.8513306528814857,
        "eval_f1_micro": 0.8513306528814857,
        "eval_runtime": 2.5698,
        "eval_samples_per_second": 174.72,
        "eval_steps_per_second": 22.181
    }
}
