{
    "reconstructed_featural": {
        "eval_loss": 0.951820433139801,
        "eval_model_preparation_time": 0.0281,
        "eval_accuracy": 0.8517135745739997,
        "eval_precision_macro": 0.6995006615624038,
        "eval_recall_macro": 0.6834935266730504,
        "eval_f1_macro": 0.6781849497670753,
        "eval_precision_micro": 0.8517135745739997,
        "eval_recall_micro": 0.8517135745739997,
        "eval_f1_micro": 0.8517135745739997,
        "eval_runtime": 2.3788,
        "eval_samples_per_second": 188.75,
        "eval_steps_per_second": 23.962
    }
}