{
    "reconstructed_featural": {
        "eval_loss": 1.1014502048492432,
        "eval_model_preparation_time": 0.0285,
        "eval_precision": 0.4055841293166789,
        "eval_recall": 0.49241748438893845,
        "eval_f1": 0.4448025785656729,
        "eval_accuracy": 0.781275996672426,
        "eval_runtime": 3.1407,
        "eval_samples_per_second": 318.395,
        "eval_steps_per_second": 39.799
    },
    "reconstructed_syntactic": {
        "eval_loss": 1.1056809425354004,
        "eval_model_preparation_time": 0.0335,
        "eval_precision": 0.393562545720556,
        "eval_recall": 0.47992863514719003,
        "eval_f1": 0.432475884244373,
        "eval_accuracy": 0.7792922505919242,
        "eval_runtime": 3.7468,
        "eval_samples_per_second": 266.897,
        "eval_steps_per_second": 33.362
    },
    "reconstructed_morphological": {
        "eval_loss": 1.1103184223175049,
        "eval_model_preparation_time": 0.0329,
        "eval_precision": 0.4072431633407243,
        "eval_recall": 0.4915254237288136,
        "eval_f1": 0.44543249797898143,
        "eval_accuracy": 0.7792922505919242,
        "eval_runtime": 3.6923,
        "eval_samples_per_second": 270.837,
        "eval_steps_per_second": 33.855
    }
}
