{
    "reconstructed_featural": {
        "eval_loss": 1.044157862663269,
        "eval_model_preparation_time": 0.0277,
        "eval_accuracy": 0.8461982675649663,
        "eval_precision_macro": 0.6628085605220391,
        "eval_recall_macro": 0.6407503684979277,
        "eval_f1_macro": 0.6168315164161075,
        "eval_precision_micro": 0.8461982675649663,
        "eval_recall_micro": 0.8461982675649663,
        "eval_f1_micro": 0.8461982675649663,
        "eval_runtime": 0.9377,
        "eval_samples_per_second": 296.479,
        "eval_steps_per_second": 37.327
    },
    "reconstructed_syntactic": {
        "eval_loss": 1.033782720565796,
        "eval_model_preparation_time": 0.0275,
        "eval_accuracy": 0.8461982675649663,
        "eval_precision_macro": 0.6716757378629828,
        "eval_recall_macro": 0.6411921533348472,
        "eval_f1_macro": 0.6164221896852018,
        "eval_precision_micro": 0.8461982675649663,
        "eval_recall_micro": 0.8461982675649663,
        "eval_f1_micro": 0.8461982675649663,
        "eval_runtime": 0.9083,
        "eval_samples_per_second": 306.066,
        "eval_steps_per_second": 38.533
    },
    "reconstructed_morphological": {
        "eval_loss": 1.0417423248291016,
        "eval_model_preparation_time": 0.0278,
        "eval_accuracy": 0.8448508180943215,
        "eval_precision_macro": 0.7252709843187994,
        "eval_recall_macro": 0.6442435930027635,
        "eval_f1_macro": 0.6293038308395589,
        "eval_precision_micro": 0.8448508180943215,
        "eval_recall_micro": 0.8448508180943215,
        "eval_f1_micro": 0.8448508180943215,
        "eval_runtime": 0.9193,
        "eval_samples_per_second": 302.391,
        "eval_steps_per_second": 38.071
    }
}