{
    "reconstructed_featural": {
        "eval_loss": 1.0417197942733765,
        "eval_model_preparation_time": 0.029,
        "eval_accuracy": 0.843888354186718,
        "eval_precision_macro": 0.7296337222900129,
        "eval_recall_macro": 0.6532464761418726,
        "eval_f1_macro": 0.6361192339482129,
        "eval_precision_micro": 0.843888354186718,
        "eval_recall_micro": 0.843888354186718,
        "eval_f1_micro": 0.843888354186718,
        "eval_runtime": 1.4436,
        "eval_samples_per_second": 192.571,
        "eval_steps_per_second": 24.245
    }
}
