{
    "reconstructed_featural": {
        "eval_loss": 1.046692132949829,
        "eval_model_preparation_time": 0.0284,
        "eval_accuracy": 0.843888354186718,
        "eval_precision_macro": 0.728908059049477,
        "eval_recall_macro": 0.6529121666791116,
        "eval_f1_macro": 0.6352992288241529,
        "eval_precision_micro": 0.843888354186718,
        "eval_recall_micro": 0.843888354186718,
        "eval_f1_micro": 0.843888354186718,
        "eval_runtime": 0.8871,
        "eval_samples_per_second": 313.386,
        "eval_steps_per_second": 39.455
    },
    "reconstructed_syntactic": {
        "eval_loss": 1.0446895360946655,
        "eval_model_preparation_time": 0.028,
        "eval_accuracy": 0.8446583253128007,
        "eval_precision_macro": 0.7304118965598764,
        "eval_recall_macro": 0.6535738481325274,
        "eval_f1_macro": 0.6368042396435117,
        "eval_precision_micro": 0.8446583253128007,
        "eval_recall_micro": 0.8446583253128007,
        "eval_f1_micro": 0.8446583253128007,
        "eval_runtime": 0.797,
        "eval_samples_per_second": 348.822,
        "eval_steps_per_second": 43.916
    },
    "reconstructed_morphological": {
        "eval_loss": 1.0476593971252441,
        "eval_model_preparation_time": 0.0282,
        "eval_accuracy": 0.8442733397497594,
        "eval_precision_macro": 0.7300280633832912,
        "eval_recall_macro": 0.6532046010808616,
        "eval_f1_macro": 0.6357235013218677,
        "eval_precision_micro": 0.8442733397497594,
        "eval_recall_micro": 0.8442733397497594,
        "eval_f1_micro": 0.8442733397497594,
        "eval_runtime": 0.7783,
        "eval_samples_per_second": 357.176,
        "eval_steps_per_second": 44.968
    }
}
