{
    "reconstructed_featural": {
        "eval_loss": 1.3480724096298218,
        "eval_model_preparation_time": 0.0268,
        "eval_precision": 0.4249810645183502,
        "eval_recall": 0.5391805713287324,
        "eval_f1": 0.47531767423950716,
        "eval_accuracy": 0.676893905009733,
        "eval_runtime": 28.3699,
        "eval_samples_per_second": 352.487,
        "eval_steps_per_second": 44.061
    }
}
