{
    "reconstructed_featural": {
        "eval_loss": 1.361040711402893,
        "eval_model_preparation_time": 0.0271,
        "eval_precision": 0.4273569256289743,
        "eval_recall": 0.5401415217961038,
        "eval_f1": 0.477175381053444,
        "eval_accuracy": 0.6750279887439862,
        "eval_runtime": 27.8737,
        "eval_samples_per_second": 358.762,
        "eval_steps_per_second": 44.845
    }
}
