{
    "reconstructed_featural": {
        "eval_loss": 1.2244023084640503,
        "eval_model_preparation_time": 0.034,
        "eval_precision": 0.3984745545442892,
        "eval_recall": 0.5431117323316152,
        "eval_f1": 0.4596842766830567,
        "eval_accuracy": 0.7062039194327615,
        "eval_runtime": 36.1532,
        "eval_samples_per_second": 276.601,
        "eval_steps_per_second": 34.575
    },
    "reconstructed_syntactic": {
        "eval_loss": 1.3577605485916138,
        "eval_model_preparation_time": 0.0356,
        "eval_precision": 0.3991407928139035,
        "eval_recall": 0.5356862059928366,
        "eval_f1": 0.45744125326370755,
        "eval_accuracy": 0.6976408766780638,
        "eval_runtime": 35.5697,
        "eval_samples_per_second": 281.138,
        "eval_steps_per_second": 35.142
    },
    "reconstructed_morphological": {
        "eval_loss": 1.2105660438537598,
        "eval_model_preparation_time": 0.0334,
        "eval_precision": 0.411707062128438,
        "eval_recall": 0.5505372586703939,
        "eval_f1": 0.47110712416834866,
        "eval_accuracy": 0.694342743602933,
        "eval_runtime": 36.2934,
        "eval_samples_per_second": 275.532,
        "eval_steps_per_second": 34.442
    }
}