{
    "reconstructed_featural": {
        "eval_loss": 1.1434752941131592,
        "eval_model_preparation_time": 0.0323,
        "eval_precision": 0.36075949367088606,
        "eval_recall": 0.5377358490566038,
        "eval_f1": 0.4318181818181818,
        "eval_accuracy": 0.6855295068714632,
        "eval_runtime": 1.4534,
        "eval_samples_per_second": 68.802,
        "eval_steps_per_second": 8.944
    },
    "reconstructed_syntactic": {
        "eval_loss": 1.3257324695587158,
        "eval_model_preparation_time": 0.0322,
        "eval_precision": 0.31446540880503143,
        "eval_recall": 0.4716981132075472,
        "eval_f1": 0.3773584905660377,
        "eval_accuracy": 0.650767987065481,
        "eval_runtime": 0.5461,
        "eval_samples_per_second": 183.101,
        "eval_steps_per_second": 23.803
    },
    "reconstructed_morphological": {
        "eval_loss": 1.0981035232543945,
        "eval_model_preparation_time": 0.0321,
        "eval_precision": 0.37267080745341613,
        "eval_recall": 0.5660377358490566,
        "eval_f1": 0.44943820224719105,
        "eval_accuracy": 0.7073565076798707,
        "eval_runtime": 0.391,
        "eval_samples_per_second": 255.749,
        "eval_steps_per_second": 33.247
    }
}
