{
    "reconstructed_featural": {
        "eval_loss": 1.1666756868362427,
        "eval_model_preparation_time": 0.028,
        "eval_precision": 0.35947712418300654,
        "eval_recall": 0.5188679245283019,
        "eval_f1": 0.4247104247104247,
        "eval_accuracy": 0.6806790622473726,
        "eval_runtime": 0.3362,
        "eval_samples_per_second": 297.4,
        "eval_steps_per_second": 38.662
    }
}