{
    "reconstructed_featural": {
        "eval_loss": 1.1684489250183105,
        "eval_model_preparation_time": 0.0279,
        "eval_precision": 0.37254901960784315,
        "eval_recall": 0.5377358490566038,
        "eval_f1": 0.44015444015444016,
        "eval_accuracy": 0.6806790622473726,
        "eval_runtime": 0.3526,
        "eval_samples_per_second": 283.617,
        "eval_steps_per_second": 36.87
    },
    "reconstructed_syntactic": {
        "eval_loss": 1.1544016599655151,
        "eval_model_preparation_time": 0.0274,
        "eval_precision": 0.34810126582278483,
        "eval_recall": 0.5188679245283019,
        "eval_f1": 0.41666666666666663,
        "eval_accuracy": 0.6855295068714632,
        "eval_runtime": 0.3404,
        "eval_samples_per_second": 293.804,
        "eval_steps_per_second": 38.194
    },
    "reconstructed_morphological": {
        "eval_loss": 1.1299837827682495,
        "eval_model_preparation_time": 0.0279,
        "eval_precision": 0.35802469135802467,
        "eval_recall": 0.5471698113207547,
        "eval_f1": 0.43283582089552236,
        "eval_accuracy": 0.6952303961196443,
        "eval_runtime": 0.3374,
        "eval_samples_per_second": 296.377,
        "eval_steps_per_second": 38.529
    }
}