{
    "reconstructed_featural": {
        "eval_loss": 0.8123179078102112,
        "eval_model_preparation_time": 0.0284,
        "eval_precision": 0.423841059602649,
        "eval_recall": 0.6213592233009708,
        "eval_f1": 0.5039370078740157,
        "eval_accuracy": 0.7147613762486127,
        "eval_runtime": 0.3112,
        "eval_samples_per_second": 321.358,
        "eval_steps_per_second": 41.777
    }
}
