{
    "reconstructed_featural": {
        "eval_loss": 0.711702287197113,
        "eval_model_preparation_time": 0.0291,
        "eval_precision": 0.46853146853146854,
        "eval_recall": 0.6504854368932039,
        "eval_f1": 0.5447154471544716,
        "eval_accuracy": 0.7358490566037735,
        "eval_runtime": 0.3321,
        "eval_samples_per_second": 301.074,
        "eval_steps_per_second": 39.14
    },
    "reconstructed_syntactic": {
        "eval_loss": 0.6789302825927734,
        "eval_model_preparation_time": 0.028,
        "eval_precision": 0.46153846153846156,
        "eval_recall": 0.6407766990291263,
        "eval_f1": 0.5365853658536586,
        "eval_accuracy": 0.7391786903440621,
        "eval_runtime": 0.3406,
        "eval_samples_per_second": 293.559,
        "eval_steps_per_second": 38.163
    },
    "reconstructed_morphological": {
        "eval_loss": 0.701245129108429,
        "eval_model_preparation_time": 0.0276,
        "eval_precision": 0.48936170212765956,
        "eval_recall": 0.6699029126213593,
        "eval_f1": 0.5655737704918032,
        "eval_accuracy": 0.7458379578246392,
        "eval_runtime": 0.3666,
        "eval_samples_per_second": 272.798,
        "eval_steps_per_second": 35.464
    }
}
