{
    "reconstructed_featural": {
        "eval_loss": 0.8206674456596375,
        "eval_model_preparation_time": 0.0336,
        "eval_precision": 0.4155844155844156,
        "eval_recall": 0.6213592233009708,
        "eval_f1": 0.49805447470817127,
        "eval_accuracy": 0.704772475027747,
        "eval_runtime": 0.377,
        "eval_samples_per_second": 265.276,
        "eval_steps_per_second": 34.486
    },
    "baseline_en": {
        "eval_loss": 0.8882348537445068,
        "eval_model_preparation_time": 0.0326,
        "eval_precision": 0.46258503401360546,
        "eval_recall": 0.6601941747572816,
        "eval_f1": 0.544,
        "eval_accuracy": 0.7125416204217536,
        "eval_runtime": 0.3729,
        "eval_samples_per_second": 268.198,
        "eval_steps_per_second": 34.866
    },
    "baseline_task_adapter": {
        "eval_loss": 0.930916428565979,
        "eval_model_preparation_time": 0.0327,
        "eval_precision": 0.33974358974358976,
        "eval_recall": 0.5145631067961165,
        "eval_f1": 0.4092664092664093,
        "eval_accuracy": 0.6503884572697003,
        "eval_runtime": 0.3222,
        "eval_samples_per_second": 310.325,
        "eval_steps_per_second": 40.342
    },
    "baseline_avg_adapter": {
        "eval_loss": 1.289576530456543,
        "eval_model_preparation_time": 0.0286,
        "eval_precision": 0.38016528925619836,
        "eval_recall": 0.44660194174757284,
        "eval_f1": 0.41071428571428575,
        "eval_accuracy": 0.6159822419533851,
        "eval_runtime": 0.3201,
        "eval_samples_per_second": 312.4,
        "eval_steps_per_second": 40.612
    },
    "baseline_closest_featural": {
        "eval_loss": 0.4672383964061737,
        "eval_model_preparation_time": 0.0279,
        "eval_precision": 0.5873015873015873,
        "eval_recall": 0.7184466019417476,
        "eval_f1": 0.6462882096069869,
        "eval_accuracy": 0.8346281908990011,
        "eval_runtime": 0.3228,
        "eval_samples_per_second": 309.789,
        "eval_steps_per_second": 40.273
    },
    "no_train_gain": {
        "eval_loss": 0.7979242205619812,
        "eval_model_preparation_time": 0.0279,
        "eval_precision": 0.4768211920529801,
        "eval_recall": 0.6990291262135923,
        "eval_f1": 0.5669291338582677,
        "eval_accuracy": 0.7425083240843507,
        "eval_runtime": 0.3106,
        "eval_samples_per_second": 321.908,
        "eval_steps_per_second": 41.848
    }
}