{
    "reconstructed_featural": {
        "eval_loss": 0.7982891201972961,
        "eval_model_preparation_time": 0.0278,
        "eval_precision": 0.436241610738255,
        "eval_recall": 0.6310679611650486,
        "eval_f1": 0.5158730158730159,
        "eval_accuracy": 0.7158712541620422,
        "eval_runtime": 0.3363,
        "eval_samples_per_second": 297.395,
        "eval_steps_per_second": 38.661
    },
    "reconstructed_syntactic": {
        "eval_loss": 0.7721191644668579,
        "eval_model_preparation_time": 0.0287,
        "eval_precision": 0.41830065359477125,
        "eval_recall": 0.6213592233009708,
        "eval_f1": 0.5,
        "eval_accuracy": 0.7169811320754716,
        "eval_runtime": 1.1733,
        "eval_samples_per_second": 85.228,
        "eval_steps_per_second": 11.08
    },
    "reconstructed_morphological": {
        "eval_loss": 0.805863618850708,
        "eval_model_preparation_time": 0.0289,
        "eval_precision": 0.43137254901960786,
        "eval_recall": 0.6407766990291263,
        "eval_f1": 0.5156250000000001,
        "eval_accuracy": 0.704772475027747,
        "eval_runtime": 0.3398,
        "eval_samples_per_second": 294.257,
        "eval_steps_per_second": 38.253
    }
}
