{
    "reconstructed_featural": {
        "eval_loss": 0.8134164214134216,
        "eval_model_preparation_time": 0.0271,
        "eval_precision": 0.423841059602649,
        "eval_recall": 0.6213592233009708,
        "eval_f1": 0.5039370078740157,
        "eval_accuracy": 0.7147613762486127,
        "eval_runtime": 0.3828,
        "eval_samples_per_second": 261.241,
        "eval_steps_per_second": 33.961
    }
}