{
    "reconstructed_featural": {
        "eval_loss": 0.4516742527484894,
        "eval_model_preparation_time": 0.0277,
        "eval_precision": 0.6336146272855133,
        "eval_recall": 0.7355102040816327,
        "eval_f1": 0.6807706837929731,
        "eval_accuracy": 0.8834500403985995,
        "eval_runtime": 3.0171,
        "eval_samples_per_second": 331.442,
        "eval_steps_per_second": 41.43
    },
    "reconstructed_syntactic": {
        "eval_loss": 0.4534033238887787,
        "eval_model_preparation_time": 0.0288,
        "eval_precision": 0.6332863187588152,
        "eval_recall": 0.7330612244897959,
        "eval_f1": 0.6795308361710178,
        "eval_accuracy": 0.8832480474010235,
        "eval_runtime": 3.068,
        "eval_samples_per_second": 325.95,
        "eval_steps_per_second": 40.744
    },
    "reconstructed_morphological": {
        "eval_loss": 0.41837576031684875,
        "eval_model_preparation_time": 0.0291,
        "eval_precision": 0.6392629340892984,
        "eval_recall": 0.7363265306122448,
        "eval_f1": 0.6843702579666161,
        "eval_accuracy": 0.8898464853218422,
        "eval_runtime": 3.0051,
        "eval_samples_per_second": 332.764,
        "eval_steps_per_second": 41.595
    }
}
