{
    "reconstructed_syntactic": {
        "eval_loss": 0.477634996175766,
        "eval_model_preparation_time": 0.0285,
        "eval_precision": 0.6125617501764291,
        "eval_recall": 0.7085714285714285,
        "eval_f1": 0.6570779712339138,
        "eval_accuracy": 0.8728790735254511,
        "eval_runtime": 3.1694,
        "eval_samples_per_second": 315.522,
        "eval_steps_per_second": 39.44
    },
    "reconstructed_morphological": {
        "eval_loss": 0.4757705330848694,
        "eval_model_preparation_time": 0.0281,
        "eval_precision": 0.6078706957132818,
        "eval_recall": 0.7061224489795919,
        "eval_f1": 0.6533232628398792,
        "eval_accuracy": 0.8730810665230272,
        "eval_runtime": 3.0636,
        "eval_samples_per_second": 326.415,
        "eval_steps_per_second": 40.802
    }
}