{
    "reconstructed_featural": {
        "eval_loss": 0.47886866331100464,
        "eval_model_preparation_time": 0.0292,
        "eval_precision": 0.6074438202247191,
        "eval_recall": 0.7061224489795919,
        "eval_f1": 0.6530766326915817,
        "eval_accuracy": 0.8726770805278751,
        "eval_runtime": 2.8506,
        "eval_samples_per_second": 350.806,
        "eval_steps_per_second": 43.851
    }
}
