{
    "reconstructed_syntactic": {
        "eval_loss": 0.9760561585426331,
        "eval_model_preparation_time": 0.0279,
        "eval_accuracy": 0.8648792142288293,
        "eval_precision_macro": 0.6691019919494567,
        "eval_recall_macro": 0.7037836162185778,
        "eval_f1_macro": 0.669092712493253,
        "eval_precision_micro": 0.8648792142288293,
        "eval_recall_micro": 0.8648792142288293,
        "eval_f1_micro": 0.8648792142288293,
        "eval_runtime": 5.2943,
        "eval_samples_per_second": 188.881,
        "eval_steps_per_second": 23.61
    },
    "reconstructed_morphological": {
        "eval_loss": 0.9756280779838562,
        "eval_model_preparation_time": 0.0278,
        "eval_accuracy": 0.8647730289354925,
        "eval_precision_macro": 0.6687407395578615,
        "eval_recall_macro": 0.7036547970595818,
        "eval_f1_macro": 0.6689507366198764,
        "eval_precision_micro": 0.8647730289354925,
        "eval_recall_micro": 0.8647730289354925,
        "eval_f1_micro": 0.8647730289354925,
        "eval_runtime": 5.2988,
        "eval_samples_per_second": 188.721,
        "eval_steps_per_second": 23.59
    }
}