{
    "reconstructed_featural": {
        "eval_loss": 0.977424681186676,
        "eval_model_preparation_time": 0.0275,
        "eval_accuracy": 0.8645606583488187,
        "eval_precision_macro": 0.6686971843910124,
        "eval_recall_macro": 0.7035474589138052,
        "eval_f1_macro": 0.6688659301875092,
        "eval_precision_micro": 0.8645606583488187,
        "eval_recall_micro": 0.8645606583488187,
        "eval_f1_micro": 0.8645606583488187,
        "eval_runtime": 5.2057,
        "eval_samples_per_second": 192.099,
        "eval_steps_per_second": 24.012
    }
}
