{
    "reconstructed_featural": {
        "eval_loss": 1.2034095525741577,
        "eval_model_preparation_time": 0.028,
        "eval_accuracy": 0.8544444444444445,
        "eval_precision_macro": 0.6577700166410076,
        "eval_recall_macro": 0.6855115179691563,
        "eval_f1_macro": 0.6661741879775653,
        "eval_precision_micro": 0.8544444444444445,
        "eval_recall_micro": 0.8544444444444445,
        "eval_f1_micro": 0.8544444444444445,
        "eval_runtime": 6.0949,
        "eval_samples_per_second": 175.064,
        "eval_steps_per_second": 21.986
    },
    "baseline_en": {
        "eval_loss": 1.3279072046279907,
        "eval_model_preparation_time": 0.03,
        "eval_accuracy": 0.834910394265233,
        "eval_precision_macro": 0.6533301041721635,
        "eval_recall_macro": 0.6757304384340902,
        "eval_f1_macro": 0.6550496734224596,
        "eval_precision_micro": 0.834910394265233,
        "eval_recall_micro": 0.834910394265233,
        "eval_f1_micro": 0.834910394265233,
        "eval_runtime": 6.0921,
        "eval_samples_per_second": 175.144,
        "eval_steps_per_second": 21.996
    },
    "baseline_task_adapter": {
        "eval_loss": 1.1459964513778687,
        "eval_model_preparation_time": 0.0268,
        "eval_accuracy": 0.8564516129032258,
        "eval_precision_macro": 0.6567274340819012,
        "eval_recall_macro": 0.6846681557747423,
        "eval_f1_macro": 0.6665810672489533,
        "eval_precision_micro": 0.8564516129032258,
        "eval_recall_micro": 0.8564516129032258,
        "eval_f1_micro": 0.8564516129032258,
        "eval_runtime": 5.5901,
        "eval_samples_per_second": 190.872,
        "eval_steps_per_second": 23.971
    },
    "baseline_avg_adapter": {
        "eval_loss": 1.065049648284912,
        "eval_model_preparation_time": 0.0287,
        "eval_accuracy": 0.8479569892473118,
        "eval_precision_macro": 0.6293075413223378,
        "eval_recall_macro": 0.6809815602105854,
        "eval_f1_macro": 0.644442362003505,
        "eval_precision_micro": 0.8479569892473118,
        "eval_recall_micro": 0.8479569892473118,
        "eval_f1_micro": 0.8479569892473118,
        "eval_runtime": 6.0933,
        "eval_samples_per_second": 175.11,
        "eval_steps_per_second": 21.991
    },
    "baseline_closest_featural": {
        "eval_loss": 1.1972135305404663,
        "eval_model_preparation_time": 0.0274,
        "eval_accuracy": 0.8553763440860215,
        "eval_precision_macro": 0.6584969480613011,
        "eval_recall_macro": 0.6845896626425332,
        "eval_f1_macro": 0.6658028365362614,
        "eval_precision_micro": 0.8553763440860215,
        "eval_recall_micro": 0.8553763440860215,
        "eval_f1_micro": 0.8553763440860215,
        "eval_runtime": 6.0916,
        "eval_samples_per_second": 175.159,
        "eval_steps_per_second": 21.998
    },
    "no_train_gain": {
        "eval_loss": 1.2125886678695679,
        "eval_model_preparation_time": 0.0293,
        "eval_accuracy": 0.8546594982078853,
        "eval_precision_macro": 0.6589212279622764,
        "eval_recall_macro": 0.6852644567624878,
        "eval_f1_macro": 0.6671569876502953,
        "eval_precision_micro": 0.8546594982078853,
        "eval_recall_micro": 0.8546594982078853,
        "eval_f1_micro": 0.8546594982078853,
        "eval_runtime": 6.0973,
        "eval_samples_per_second": 174.995,
        "eval_steps_per_second": 21.977
    }
}