{
    "reconstructed_featural": {
        "eval_loss": 1.2090380191802979,
        "eval_model_preparation_time": 0.0269,
        "eval_accuracy": 0.85415770609319,
        "eval_precision_macro": 0.6579742282294923,
        "eval_recall_macro": 0.6852999468014106,
        "eval_f1_macro": 0.6661355173859967,
        "eval_precision_micro": 0.85415770609319,
        "eval_recall_micro": 0.85415770609319,
        "eval_f1_micro": 0.85415770609319,
        "eval_runtime": 5.5969,
        "eval_samples_per_second": 190.64,
        "eval_steps_per_second": 23.942
    }
}
