{
    "reconstructed_featural": {
        "eval_loss": 1.2148041725158691,
        "eval_model_preparation_time": 0.0294,
        "eval_accuracy": 0.8536559139784946,
        "eval_precision_macro": 0.6578835674326143,
        "eval_recall_macro": 0.6851482956785337,
        "eval_f1_macro": 0.6660681167486073,
        "eval_precision_micro": 0.8536559139784946,
        "eval_recall_micro": 0.8536559139784946,
        "eval_f1_micro": 0.8536559139784946,
        "eval_runtime": 5.5721,
        "eval_samples_per_second": 191.489,
        "eval_steps_per_second": 24.048
    }
}