{
    "reconstructed_featural": {
        "eval_loss": 1.2080862522125244,
        "eval_model_preparation_time": 0.0276,
        "eval_accuracy": 0.8542652329749104,
        "eval_precision_macro": 0.6580412343487366,
        "eval_recall_macro": 0.685297224466688,
        "eval_f1_macro": 0.6661877980766947,
        "eval_precision_micro": 0.8542652329749104,
        "eval_recall_micro": 0.8542652329749104,
        "eval_f1_micro": 0.8542652329749104,
        "eval_runtime": 5.5976,
        "eval_samples_per_second": 190.617,
        "eval_steps_per_second": 23.939
    }
}
