{
    "reconstructed_featural": {
        "eval_loss": 1.2146661281585693,
        "eval_model_preparation_time": 0.0286,
        "eval_accuracy": 0.8538709677419355,
        "eval_precision_macro": 0.6577887860753734,
        "eval_recall_macro": 0.6853833785401364,
        "eval_f1_macro": 0.666124521998215,
        "eval_precision_micro": 0.8538709677419355,
        "eval_recall_micro": 0.8538709677419355,
        "eval_f1_micro": 0.8538709677419355,
        "eval_runtime": 3.082,
        "eval_samples_per_second": 346.207,
        "eval_steps_per_second": 43.479
    },
    "reconstructed_syntactic": {
        "eval_loss": 1.2154194116592407,
        "eval_model_preparation_time": 0.0276,
        "eval_accuracy": 0.8535483870967742,
        "eval_precision_macro": 0.657625790372632,
        "eval_recall_macro": 0.6852397602090403,
        "eval_f1_macro": 0.665954425829865,
        "eval_precision_micro": 0.8535483870967742,
        "eval_recall_micro": 0.8535483870967742,
        "eval_f1_micro": 0.8535483870967742,
        "eval_runtime": 3.3684,
        "eval_samples_per_second": 316.763,
        "eval_steps_per_second": 39.781
    },
    "reconstructed_morphological": {
        "eval_loss": 1.2194585800170898,
        "eval_model_preparation_time": 0.0318,
        "eval_accuracy": 0.8532974910394265,
        "eval_precision_macro": 0.6588513136352618,
        "eval_recall_macro": 0.6847980352948686,
        "eval_f1_macro": 0.6662534792070222,
        "eval_precision_micro": 0.8532974910394265,
        "eval_recall_micro": 0.8532974910394265,
        "eval_f1_micro": 0.8532974910394265,
        "eval_runtime": 3.7382,
        "eval_samples_per_second": 285.428,
        "eval_steps_per_second": 35.846
    }
}