{
    "reconstructed_featural": {
        "eval_loss": 1.4129985570907593,
        "eval_model_preparation_time": 0.0273,
        "eval_precision": 0.1130930489150423,
        "eval_recall": 0.22077828834003446,
        "eval_f1": 0.14956953159200348,
        "eval_accuracy": 0.6721147013334448,
        "eval_runtime": 82.1479,
        "eval_samples_per_second": 121.732,
        "eval_steps_per_second": 15.216
    }
}
