{
    "reconstructed_featural": {
        "eval_loss": 1.413589596748352,
        "eval_model_preparation_time": 0.0282,
        "eval_precision": 0.11579572446555819,
        "eval_recall": 0.22400919012062034,
        "eval_f1": 0.15267175572519084,
        "eval_accuracy": 0.6725137087549828,
        "eval_runtime": 39.3388,
        "eval_samples_per_second": 254.202,
        "eval_steps_per_second": 31.775
    },
    "reconstructed_syntactic": {
        "eval_loss": 1.401531457901001,
        "eval_model_preparation_time": 0.0279,
        "eval_precision": 0.11882037133696219,
        "eval_recall": 0.22881964388282597,
        "eval_f1": 0.15641717791411042,
        "eval_accuracy": 0.6734010252590699,
        "eval_runtime": 40.1408,
        "eval_samples_per_second": 249.123,
        "eval_steps_per_second": 31.14
    },
    "reconstructed_morphological": {
        "eval_loss": 1.404679298400879,
        "eval_model_preparation_time": 0.0294,
        "eval_precision": 0.11698627028253716,
        "eval_recall": 0.2220706490522688,
        "eval_f1": 0.15324398642455472,
        "eval_accuracy": 0.6740052364973989,
        "eval_runtime": 39.9034,
        "eval_samples_per_second": 250.605,
        "eval_steps_per_second": 31.326
    }
}