{
    "reconstructed_featural": {
        "eval_loss": 8.477585792541504,
        "eval_model_preparation_time": 0.0278,
        "eval_accuracy": 0.26853239466071865,
        "eval_precision_macro": 0.4487177471414624,
        "eval_recall_macro": 0.37925966762320334,
        "eval_f1_macro": 0.33634266958044845,
        "eval_precision_micro": 0.26853239466071865,
        "eval_recall_micro": 0.26853239466071865,
        "eval_f1_micro": 0.26853239466071865,
        "eval_runtime": 5.2712,
        "eval_samples_per_second": 189.712,
        "eval_steps_per_second": 23.714
    }
}