{
    "reconstructed_featural": {
        "eval_loss": 8.50928020477295,
        "eval_model_preparation_time": 0.0303,
        "eval_accuracy": 0.26591851671139305,
        "eval_precision_macro": 0.44874609520935294,
        "eval_recall_macro": 0.37587970150224953,
        "eval_f1_macro": 0.33421274784765637,
        "eval_precision_micro": 0.26591851671139305,
        "eval_recall_micro": 0.26591851671139305,
        "eval_f1_micro": 0.26591851671139305,
        "eval_runtime": 5.3275,
        "eval_samples_per_second": 187.707,
        "eval_steps_per_second": 23.463
    },
    "baseline_en": {
        "eval_loss": 7.33664083480835,
        "eval_model_preparation_time": 0.0281,
        "eval_accuracy": 0.33527341163349944,
        "eval_precision_macro": 0.4383952347774085,
        "eval_recall_macro": 0.44409578237038566,
        "eval_f1_macro": 0.36516849694403064,
        "eval_precision_micro": 0.33527341163349944,
        "eval_recall_micro": 0.33527341163349944,
        "eval_f1_micro": 0.33527341163349944,
        "eval_runtime": 5.1642,
        "eval_samples_per_second": 193.641,
        "eval_steps_per_second": 24.205
    },
    "baseline_task_adapter": {
        "eval_loss": 8.865449905395508,
        "eval_model_preparation_time": 0.0269,
        "eval_accuracy": 0.23702645244484719,
        "eval_precision_macro": 0.43907543660672993,
        "eval_recall_macro": 0.348912776091572,
        "eval_f1_macro": 0.3126829754041483,
        "eval_precision_micro": 0.23702645244484719,
        "eval_recall_micro": 0.23702645244484719,
        "eval_f1_micro": 0.23702645244484719,
        "eval_runtime": 4.6919,
        "eval_samples_per_second": 213.132,
        "eval_steps_per_second": 26.642
    },
    "baseline_avg_adapter": {
        "eval_loss": 8.270671844482422,
        "eval_model_preparation_time": 0.0283,
        "eval_accuracy": 0.21496532255253895,
        "eval_precision_macro": 0.4497416093280338,
        "eval_recall_macro": 0.33651599764336454,
        "eval_f1_macro": 0.3039035047245398,
        "eval_precision_micro": 0.21496532255253895,
        "eval_recall_micro": 0.21496532255253895,
        "eval_f1_micro": 0.21496532255253895,
        "eval_runtime": 5.1984,
        "eval_samples_per_second": 192.368,
        "eval_steps_per_second": 24.046
    },
    "baseline_closest_featural": {
        "eval_loss": 10.10753059387207,
        "eval_model_preparation_time": 0.0266,
        "eval_accuracy": 0.206740319938661,
        "eval_precision_macro": 0.4705437103003801,
        "eval_recall_macro": 0.3264234995045502,
        "eval_f1_macro": 0.30367403660830633,
        "eval_precision_micro": 0.206740319938661,
        "eval_recall_micro": 0.206740319938661,
        "eval_f1_micro": 0.206740319938661,
        "eval_runtime": 5.2086,
        "eval_samples_per_second": 191.992,
        "eval_steps_per_second": 23.999
    },
    "no_train_gain": {
        "eval_loss": 8.30536937713623,
        "eval_model_preparation_time": 0.028,
        "eval_accuracy": 0.3102498867319555,
        "eval_precision_macro": 0.43055479018493376,
        "eval_recall_macro": 0.4151745826324027,
        "eval_f1_macro": 0.34332991758900433,
        "eval_precision_micro": 0.3102498867319555,
        "eval_recall_micro": 0.3102498867319555,
        "eval_f1_micro": 0.3102498867319555,
        "eval_runtime": 5.2136,
        "eval_samples_per_second": 191.805,
        "eval_steps_per_second": 23.976
    }
}