{
    "reconstructed_featural": {
        "eval_loss": 0.7971600890159607,
        "eval_model_preparation_time": 0.0266,
        "eval_precision": 0.5197368421052632,
        "eval_recall": 0.6752136752136753,
        "eval_f1": 0.5873605947955391,
        "eval_accuracy": 0.8074011774600505,
        "eval_runtime": 0.3077,
        "eval_samples_per_second": 324.961,
        "eval_steps_per_second": 42.245
    }
}
