{
    "reconstructed_syntactic": {
        "eval_loss": 0.5274514555931091,
        "eval_model_preparation_time": 0.0283,
        "eval_precision": 0.47478508089081434,
        "eval_recall": 0.5371831201654285,
        "eval_f1": 0.5040603665109594,
        "eval_accuracy": 0.8518027313938799,
        "eval_runtime": 29.8135,
        "eval_samples_per_second": 335.419,
        "eval_steps_per_second": 41.927
    },
    "reconstructed_morphological": {
        "eval_loss": 0.527900755405426,
        "eval_model_preparation_time": 0.028,
        "eval_precision": 0.4756998576560699,
        "eval_recall": 0.5374894692502106,
        "eval_f1": 0.504710535778497,
        "eval_accuracy": 0.8519570797294902,
        "eval_runtime": 29.3313,
        "eval_samples_per_second": 340.932,
        "eval_steps_per_second": 42.617
    }
}