{
    "reconstructed_featural": {
        "eval_loss": 0.528895914554596,
        "eval_model_preparation_time": 0.0266,
        "eval_precision": 0.48765474317762125,
        "eval_recall": 0.5460672436241096,
        "eval_f1": 0.5152106366066912,
        "eval_accuracy": 0.8531232671541025,
        "eval_runtime": 28.575,
        "eval_samples_per_second": 349.956,
        "eval_steps_per_second": 43.744
    }
}
