{
    "reconstructed_featural": {
        "eval_loss": 0.5281292200088501,
        "eval_model_preparation_time": 0.0282,
        "eval_precision": 0.47972559940229575,
        "eval_recall": 0.5409358964540093,
        "eval_f1": 0.5084953203743702,
        "eval_accuracy": 0.8525001572066381,
        "eval_runtime": 27.9527,
        "eval_samples_per_second": 357.747,
        "eval_steps_per_second": 44.718
    }
}