{
    "reconstructed_featural": {
        "eval_loss": 0.528160035610199,
        "eval_model_preparation_time": 0.0289,
        "eval_precision": 0.479997283162399,
        "eval_recall": 0.5412422455387914,
        "eval_f1": 0.5087832973362131,
        "eval_accuracy": 0.8525058738116608,
        "eval_runtime": 27.9075,
        "eval_samples_per_second": 358.327,
        "eval_steps_per_second": 44.791
    }
}
