{
    "reconstructed_featural": {
        "eval_loss": 1.371374249458313,
        "eval_model_preparation_time": 0.0271,
        "eval_precision": 0.2537313432835821,
        "eval_recall": 0.32075471698113206,
        "eval_f1": 0.2833333333333333,
        "eval_accuracy": 0.7803812549642574,
        "eval_runtime": 0.5416,
        "eval_samples_per_second": 184.626,
        "eval_steps_per_second": 24.001
    }
}
