{
    "reconstructed_featural": {
        "eval_loss": 1.723559856414795,
        "eval_model_preparation_time": 0.0292,
        "eval_accuracy": 0.7251734390485629,
        "eval_precision_macro": 0.5467420326413104,
        "eval_recall_macro": 0.5317369607399223,
        "eval_f1_macro": 0.516416882258787,
        "eval_precision_micro": 0.7251734390485629,
        "eval_recall_micro": 0.7251734390485629,
        "eval_f1_micro": 0.7251734390485629,
        "eval_runtime": 3.8125,
        "eval_samples_per_second": 192.525,
        "eval_steps_per_second": 24.131
    }
}
