{
    "reconstructed_featural": {
        "eval_loss": 0.5441395044326782,
        "eval_model_preparation_time": 0.0286,
        "eval_precision": 0.3983739837398374,
        "eval_recall": 0.4375,
        "eval_f1": 0.41702127659574467,
        "eval_accuracy": 0.8409893992932862,
        "eval_runtime": 0.3263,
        "eval_samples_per_second": 306.489,
        "eval_steps_per_second": 39.844
    }
}
