{
    "reconstructed_featural": {
        "eval_loss": 0.5441568493843079,
        "eval_model_preparation_time": 0.0273,
        "eval_precision": 0.3951612903225806,
        "eval_recall": 0.4375,
        "eval_f1": 0.4152542372881356,
        "eval_accuracy": 0.8404004711425206,
        "eval_runtime": 0.3328,
        "eval_samples_per_second": 300.437,
        "eval_steps_per_second": 39.057
    }
}