{
    "reconstructed_featural": {
        "eval_loss": 0.8362390398979187,
        "eval_model_preparation_time": 0.0305,
        "eval_precision": 0.2859095346566873,
        "eval_recall": 0.3045829577757748,
        "eval_f1": 0.29495098697462063,
        "eval_accuracy": 0.7836792791177262,
        "eval_runtime": 33.5403,
        "eval_samples_per_second": 298.149,
        "eval_steps_per_second": 37.269
    },
    "baseline_en": {
        "eval_loss": 1.0651535987854004,
        "eval_model_preparation_time": 0.0293,
        "eval_precision": 0.2679961450070428,
        "eval_recall": 0.250641336753796,
        "eval_f1": 0.25902837489251934,
        "eval_accuracy": 0.7549145969694253,
        "eval_runtime": 33.1736,
        "eval_samples_per_second": 301.445,
        "eval_steps_per_second": 37.681
    },
    "baseline_task_adapter": {
        "eval_loss": 0.8773062229156494,
        "eval_model_preparation_time": 0.0279,
        "eval_precision": 0.23514453961456103,
        "eval_recall": 0.2436386327393746,
        "eval_f1": 0.2393162393162393,
        "eval_accuracy": 0.7683638931229265,
        "eval_runtime": 30.0302,
        "eval_samples_per_second": 332.998,
        "eval_steps_per_second": 41.625
    },
    "baseline_avg_adapter": {
        "eval_loss": 1.1930233240127563,
        "eval_model_preparation_time": 0.029,
        "eval_precision": 0.20448413805935436,
        "eval_recall": 0.15239547944255702,
        "eval_f1": 0.1746384872080089,
        "eval_accuracy": 0.7150094145073075,
        "eval_runtime": 35.0291,
        "eval_samples_per_second": 285.477,
        "eval_steps_per_second": 35.685
    },
    "baseline_closest_featural": {
        "eval_loss": 1.9923704862594604,
        "eval_model_preparation_time": 0.0275,
        "eval_precision": 0.20551108374384236,
        "eval_recall": 0.09256049365596616,
        "eval_f1": 0.1276351642047899,
        "eval_accuracy": 0.6609880749574105,
        "eval_runtime": 34.8892,
        "eval_samples_per_second": 286.622,
        "eval_steps_per_second": 35.828
    },
    "no_train_gain": {
        "eval_loss": 0.8868201375007629,
        "eval_model_preparation_time": 0.0297,
        "eval_precision": 0.28629359286293593,
        "eval_recall": 0.2936975663870207,
        "eval_f1": 0.28994832129778564,
        "eval_accuracy": 0.7789440060970143,
        "eval_runtime": 33.7893,
        "eval_samples_per_second": 295.951,
        "eval_steps_per_second": 36.994
    }
}
