{
    "reconstructed_syntactic": {
        "eval_loss": 0.8362093567848206,
        "eval_model_preparation_time": 0.0283,
        "eval_precision": 0.2854352496907351,
        "eval_recall": 0.30395895444775706,
        "eval_f1": 0.294406017057283,
        "eval_accuracy": 0.7835840132699722,
        "eval_runtime": 30.1779,
        "eval_samples_per_second": 331.368,
        "eval_steps_per_second": 41.421
    },
    "reconstructed_morphological": {
        "eval_loss": 0.8347451090812683,
        "eval_model_preparation_time": 0.0287,
        "eval_precision": 0.2876721268681068,
        "eval_recall": 0.3056229633224711,
        "eval_f1": 0.2963759833254892,
        "eval_accuracy": 0.7842004393436743,
        "eval_runtime": 31.3201,
        "eval_samples_per_second": 319.284,
        "eval_steps_per_second": 39.911
    }
}
