{
    "reconstructed_featural": {
        "eval_loss": 2.3634634017944336,
        "eval_model_preparation_time": 0.0282,
        "eval_accuracy": 0.7159913169319826,
        "eval_precision_macro": 0.44198467359820265,
        "eval_recall_macro": 0.46070900886884975,
        "eval_f1_macro": 0.4218312277900628,
        "eval_precision_micro": 0.7159913169319826,
        "eval_recall_micro": 0.7159913169319826,
        "eval_f1_micro": 0.7159913169319826,
        "eval_runtime": 5.1989,
        "eval_samples_per_second": 192.347,
        "eval_steps_per_second": 24.043
    }
}