{
    "reconstructed_featural": {
        "eval_loss": 2.361757755279541,
        "eval_model_preparation_time": 0.0276,
        "eval_accuracy": 0.7149059334298119,
        "eval_precision_macro": 0.44002722426651436,
        "eval_recall_macro": 0.4600206852750637,
        "eval_f1_macro": 0.4212457282545768,
        "eval_precision_micro": 0.7149059334298119,
        "eval_recall_micro": 0.7149059334298119,
        "eval_f1_micro": 0.7149059334298119,
        "eval_runtime": 5.6396,
        "eval_samples_per_second": 177.317,
        "eval_steps_per_second": 22.165
    },
    "baseline_en": {
        "eval_loss": 2.3465611934661865,
        "eval_model_preparation_time": 0.0264,
        "eval_accuracy": 0.7193077665219488,
        "eval_precision_macro": 0.43659164101208764,
        "eval_recall_macro": 0.4570731084026123,
        "eval_f1_macro": 0.4210725414976715,
        "eval_precision_micro": 0.7193077665219488,
        "eval_recall_micro": 0.7193077665219488,
        "eval_f1_micro": 0.7193077665219488,
        "eval_runtime": 5.6157,
        "eval_samples_per_second": 178.072,
        "eval_steps_per_second": 22.259
    },
    "baseline_task_adapter": {
        "eval_loss": 2.2696566581726074,
        "eval_model_preparation_time": 0.028,
        "eval_accuracy": 0.7079715388326098,
        "eval_precision_macro": 0.4340934399221929,
        "eval_recall_macro": 0.4586585900588246,
        "eval_f1_macro": 0.41935100066424275,
        "eval_precision_micro": 0.7079715388326098,
        "eval_recall_micro": 0.7079715388326098,
        "eval_f1_micro": 0.7079715388326098,
        "eval_runtime": 5.1552,
        "eval_samples_per_second": 193.977,
        "eval_steps_per_second": 24.247
    },
    "baseline_avg_adapter": {
        "eval_loss": 2.0876247882843018,
        "eval_model_preparation_time": 0.0296,
        "eval_accuracy": 0.6962132175590932,
        "eval_precision_macro": 0.44738033378638364,
        "eval_recall_macro": 0.4780146449873853,
        "eval_f1_macro": 0.4369078984963931,
        "eval_precision_micro": 0.6962132175590932,
        "eval_recall_micro": 0.6962132175590932,
        "eval_f1_micro": 0.6962132175590932,
        "eval_runtime": 5.6278,
        "eval_samples_per_second": 177.688,
        "eval_steps_per_second": 22.211
    },
    "baseline_closest_featural": {
        "eval_loss": 1.7549419403076172,
        "eval_model_preparation_time": 0.0267,
        "eval_accuracy": 0.7032682103232031,
        "eval_precision_macro": 0.43357179265147017,
        "eval_recall_macro": 0.41764907469426177,
        "eval_f1_macro": 0.39444809130264574,
        "eval_precision_micro": 0.7032682103232031,
        "eval_recall_micro": 0.7032682103232031,
        "eval_f1_micro": 0.7032682103232031,
        "eval_runtime": 5.6257,
        "eval_samples_per_second": 177.754,
        "eval_steps_per_second": 22.219
    },
    "no_train_gain": {
        "eval_loss": 2.329803228378296,
        "eval_model_preparation_time": 0.0276,
        "eval_accuracy": 0.7213579353593825,
        "eval_precision_macro": 0.4445682247556167,
        "eval_recall_macro": 0.4586880148111621,
        "eval_f1_macro": 0.42305045251221635,
        "eval_precision_micro": 0.7213579353593825,
        "eval_recall_micro": 0.7213579353593825,
        "eval_f1_micro": 0.7213579353593825,
        "eval_runtime": 6.3068,
        "eval_samples_per_second": 158.558,
        "eval_steps_per_second": 19.82
    }
}