{
    "reconstructed_featural": {
        "eval_loss": 2.3627891540527344,
        "eval_model_preparation_time": 0.027,
        "eval_accuracy": 0.7158707187650748,
        "eval_precision_macro": 0.44258339867874713,
        "eval_recall_macro": 0.46054516706675763,
        "eval_f1_macro": 0.4218768346217876,
        "eval_precision_micro": 0.7158707187650748,
        "eval_recall_micro": 0.7158707187650748,
        "eval_f1_micro": 0.7158707187650748,
        "eval_runtime": 5.2216,
        "eval_samples_per_second": 191.511,
        "eval_steps_per_second": 23.939
    }
}