{
    "reconstructed_featural": {
        "eval_loss": 3.5075700283050537,
        "eval_model_preparation_time": 0.0282,
        "eval_accuracy": 0.4311137772445511,
        "eval_precision_macro": 0.2701904967539537,
        "eval_recall_macro": 0.260765390596741,
        "eval_f1_macro": 0.20528912893367043,
        "eval_precision_micro": 0.4311137772445511,
        "eval_recall_micro": 0.4311137772445511,
        "eval_f1_micro": 0.4311137772445511,
        "eval_runtime": 1.2812,
        "eval_samples_per_second": 339.514,
        "eval_steps_per_second": 42.927
    },
    "reconstructed_syntactic": {
        "eval_loss": 3.5295820236206055,
        "eval_model_preparation_time": 0.028,
        "eval_accuracy": 0.4321135772845431,
        "eval_precision_macro": 0.28060463452374573,
        "eval_recall_macro": 0.261574536192188,
        "eval_f1_macro": 0.20672481056848346,
        "eval_precision_micro": 0.4321135772845431,
        "eval_recall_micro": 0.4321135772845431,
        "eval_f1_micro": 0.4321135772845431,
        "eval_runtime": 1.2776,
        "eval_samples_per_second": 340.485,
        "eval_steps_per_second": 43.05
    },
    "reconstructed_morphological": {
        "eval_loss": 3.5324103832244873,
        "eval_model_preparation_time": 0.0281,
        "eval_accuracy": 0.4323135372925415,
        "eval_precision_macro": 0.2767807273443054,
        "eval_recall_macro": 0.25851133931183284,
        "eval_f1_macro": 0.20446703846192466,
        "eval_precision_micro": 0.4323135372925415,
        "eval_recall_micro": 0.4323135372925415,
        "eval_f1_micro": 0.4323135372925415,
        "eval_runtime": 1.2842,
        "eval_samples_per_second": 338.728,
        "eval_steps_per_second": 42.828
    }
}
