{
    "reconstructed_syntactic": {
        "eval_loss": 3.4702744483947754,
        "eval_model_preparation_time": 0.0283,
        "eval_accuracy": 0.4301139772045591,
        "eval_precision_macro": 0.2711552533657479,
        "eval_recall_macro": 0.2608124637448301,
        "eval_f1_macro": 0.20476700424033312,
        "eval_precision_micro": 0.4301139772045591,
        "eval_recall_micro": 0.4301139772045591,
        "eval_f1_micro": 0.4301139772045591,
        "eval_runtime": 2.3147,
        "eval_samples_per_second": 187.931,
        "eval_steps_per_second": 23.761
    },
    "reconstructed_morphological": {
        "eval_loss": 3.4838361740112305,
        "eval_model_preparation_time": 0.0277,
        "eval_accuracy": 0.4303139372125575,
        "eval_precision_macro": 0.2715398920955048,
        "eval_recall_macro": 0.2607506486608857,
        "eval_f1_macro": 0.20518587553782094,
        "eval_precision_micro": 0.4303139372125575,
        "eval_recall_micro": 0.4303139372125575,
        "eval_f1_micro": 0.4303139372125575,
        "eval_runtime": 2.3161,
        "eval_samples_per_second": 187.814,
        "eval_steps_per_second": 23.747
    }
}