{
    "reconstructed_featural": {
        "eval_loss": 3.4727044105529785,
        "eval_model_preparation_time": 0.028,
        "eval_accuracy": 0.42911417716456707,
        "eval_precision_macro": 0.27028636542561557,
        "eval_recall_macro": 0.26066382713864733,
        "eval_f1_macro": 0.2043716796069965,
        "eval_precision_micro": 0.42911417716456707,
        "eval_recall_micro": 0.42911417716456707,
        "eval_f1_micro": 0.42911417716456707,
        "eval_runtime": 2.4676,
        "eval_samples_per_second": 176.285,
        "eval_steps_per_second": 22.289
    },
    "baseline_en": {
        "eval_loss": 3.9710028171539307,
        "eval_model_preparation_time": 0.0265,
        "eval_accuracy": 0.4539092181563687,
        "eval_precision_macro": 0.2565057934670836,
        "eval_recall_macro": 0.25829083701728117,
        "eval_f1_macro": 0.2132181252247462,
        "eval_precision_micro": 0.4539092181563687,
        "eval_recall_micro": 0.4539092181563687,
        "eval_f1_micro": 0.4539092181563687,
        "eval_runtime": 2.4514,
        "eval_samples_per_second": 177.447,
        "eval_steps_per_second": 22.436
    },
    "baseline_task_adapter": {
        "eval_loss": 3.2690210342407227,
        "eval_model_preparation_time": 0.027,
        "eval_accuracy": 0.4165166966606679,
        "eval_precision_macro": 0.26245875802832797,
        "eval_recall_macro": 0.257256060435839,
        "eval_f1_macro": 0.20362593112142785,
        "eval_precision_micro": 0.4165166966606679,
        "eval_recall_micro": 0.4165166966606679,
        "eval_f1_micro": 0.4165166966606679,
        "eval_runtime": 2.2486,
        "eval_samples_per_second": 193.452,
        "eval_steps_per_second": 24.46
    },
    "baseline_avg_adapter": {
        "eval_loss": 3.206254005432129,
        "eval_model_preparation_time": 0.0284,
        "eval_accuracy": 0.43071385722855426,
        "eval_precision_macro": 0.25523015561768675,
        "eval_recall_macro": 0.2526939033041866,
        "eval_f1_macro": 0.19174890325226654,
        "eval_precision_micro": 0.43071385722855426,
        "eval_recall_micro": 0.43071385722855426,
        "eval_f1_micro": 0.43071385722855426,
        "eval_runtime": 2.4483,
        "eval_samples_per_second": 177.674,
        "eval_steps_per_second": 22.465
    },
    "baseline_closest_featural": {
        "eval_loss": 3.9197237491607666,
        "eval_model_preparation_time": 0.0273,
        "eval_accuracy": 0.4435112977404519,
        "eval_precision_macro": 0.2651056451964462,
        "eval_recall_macro": 0.26147974856001377,
        "eval_f1_macro": 0.19572552408383498,
        "eval_precision_micro": 0.4435112977404519,
        "eval_recall_micro": 0.4435112977404519,
        "eval_f1_micro": 0.4435112977404519,
        "eval_runtime": 2.4558,
        "eval_samples_per_second": 177.132,
        "eval_steps_per_second": 22.396
    },
    "no_train_gain": {
        "eval_loss": 3.481191396713257,
        "eval_model_preparation_time": 0.0277,
        "eval_accuracy": 0.4393121375724855,
        "eval_precision_macro": 0.2675673103105482,
        "eval_recall_macro": 0.2627829546092308,
        "eval_f1_macro": 0.2051167307127664,
        "eval_precision_micro": 0.4393121375724855,
        "eval_recall_micro": 0.4393121375724855,
        "eval_f1_micro": 0.4393121375724855,
        "eval_runtime": 2.4524,
        "eval_samples_per_second": 177.374,
        "eval_steps_per_second": 22.427
    }
}
