{
    "reconstructed_featural": {
        "eval_loss": 0.5498877167701721,
        "eval_model_preparation_time": 0.0274,
        "eval_precision": 0.5298507462686567,
        "eval_recall": 0.6761904761904762,
        "eval_f1": 0.5941422594142259,
        "eval_accuracy": 0.8338509316770186,
        "eval_runtime": 0.3292,
        "eval_samples_per_second": 303.759,
        "eval_steps_per_second": 39.489
    }
}