{
    "reconstructed_featural": {
        "eval_loss": 0.860776960849762,
        "eval_model_preparation_time": 0.0276,
        "eval_precision": 0.34328358208955223,
        "eval_recall": 0.4144144144144144,
        "eval_f1": 0.37551020408163266,
        "eval_accuracy": 0.7938764352104976,
        "eval_runtime": 0.3579,
        "eval_samples_per_second": 279.374,
        "eval_steps_per_second": 36.319
    }
}
