{
    "reconstructed_featural": {
        "eval_loss": 0.946565568447113,
        "eval_model_preparation_time": 0.0279,
        "eval_precision": 0.5638766519823789,
        "eval_recall": 0.6956521739130435,
        "eval_f1": 0.6228710462287106,
        "eval_accuracy": 0.7761194029850746,
        "eval_runtime": 0.3701,
        "eval_samples_per_second": 270.219,
        "eval_steps_per_second": 35.128
    },
    "reconstructed_syntactic": {
        "eval_loss": 0.9476569294929504,
        "eval_model_preparation_time": 0.0282,
        "eval_precision": 0.5663716814159292,
        "eval_recall": 0.6956521739130435,
        "eval_f1": 0.624390243902439,
        "eval_accuracy": 0.7761194029850746,
        "eval_runtime": 0.3953,
        "eval_samples_per_second": 253.0,
        "eval_steps_per_second": 32.89
    },
    "reconstructed_morphological": {
        "eval_loss": 0.966285765171051,
        "eval_model_preparation_time": 0.0285,
        "eval_precision": 0.5377777777777778,
        "eval_recall": 0.657608695652174,
        "eval_f1": 0.5916870415647921,
        "eval_accuracy": 0.7591353576942872,
        "eval_runtime": 0.3544,
        "eval_samples_per_second": 282.186,
        "eval_steps_per_second": 36.684
    }
}