{
    "reconstructed_featural": {
        "eval_loss": 0.973115861415863,
        "eval_model_preparation_time": 0.027,
        "eval_precision": 0.5550660792951542,
        "eval_recall": 0.6847826086956522,
        "eval_f1": 0.6131386861313869,
        "eval_accuracy": 0.7591353576942872,
        "eval_runtime": 0.3369,
        "eval_samples_per_second": 296.854,
        "eval_steps_per_second": 38.591
    }
}