{
    "reconstructed_featural": {
        "eval_loss": 1.041436791419983,
        "eval_model_preparation_time": 0.0273,
        "eval_precision": 0.23622047244094488,
        "eval_recall": 0.5555555555555556,
        "eval_f1": 0.3314917127071823,
        "eval_accuracy": 0.6650390625,
        "eval_runtime": 0.4317,
        "eval_samples_per_second": 231.641,
        "eval_steps_per_second": 30.113
    }
}
