{
    "reconstructed_featural": {
        "eval_loss": 1.042328953742981,
        "eval_model_preparation_time": 0.032,
        "eval_precision": 0.23529411764705882,
        "eval_recall": 0.5555555555555556,
        "eval_f1": 0.3305785123966942,
        "eval_accuracy": 0.66552734375,
        "eval_runtime": 0.4369,
        "eval_samples_per_second": 228.866,
        "eval_steps_per_second": 29.753
    }
}