{
    "reconstructed_featural": {
        "eval_loss": 1.0513930320739746,
        "eval_model_preparation_time": 0.0296,
        "eval_precision": 0.22519083969465647,
        "eval_recall": 0.5462962962962963,
        "eval_f1": 0.3189189189189189,
        "eval_accuracy": 0.66259765625,
        "eval_runtime": 0.3718,
        "eval_samples_per_second": 268.987,
        "eval_steps_per_second": 34.968
    },
    "reconstructed_syntactic": {
        "eval_loss": 1.1025408506393433,
        "eval_model_preparation_time": 0.0286,
        "eval_precision": 0.23694779116465864,
        "eval_recall": 0.5462962962962963,
        "eval_f1": 0.33053221288515405,
        "eval_accuracy": 0.64453125,
        "eval_runtime": 0.3698,
        "eval_samples_per_second": 270.425,
        "eval_steps_per_second": 35.155
    },
    "reconstructed_morphological": {
        "eval_loss": 1.1061171293258667,
        "eval_model_preparation_time": 0.0281,
        "eval_precision": 0.22181818181818183,
        "eval_recall": 0.5648148148148148,
        "eval_f1": 0.3185378590078329,
        "eval_accuracy": 0.65673828125,
        "eval_runtime": 0.3738,
        "eval_samples_per_second": 267.554,
        "eval_steps_per_second": 34.782
    }
}
