{
    "reconstructed_featural": {
        "eval_loss": 0.4574643671512604,
        "eval_model_preparation_time": 0.0266,
        "eval_precision": 0.6221246340443329,
        "eval_recall": 0.7301210732984293,
        "eval_f1": 0.6718103123823861,
        "eval_accuracy": 0.8811363195377683,
        "eval_runtime": 27.7192,
        "eval_samples_per_second": 360.761,
        "eval_steps_per_second": 45.095
    }
}