{
    "reconstructed_featural": {
        "eval_loss": 1.1092040538787842,
        "eval_model_preparation_time": 0.0295,
        "eval_accuracy": 0.8570534876446668,
        "eval_precision_macro": 0.7343953714287426,
        "eval_recall_macro": 0.6865096033242212,
        "eval_f1_macro": 0.6691481250799833,
        "eval_precision_micro": 0.8570534876446668,
        "eval_recall_micro": 0.8570534876446668,
        "eval_f1_micro": 0.8570534876446668,
        "eval_runtime": 0.8913,
        "eval_samples_per_second": 171.653,
        "eval_steps_per_second": 22.438
    },
    "baseline_en": {
        "eval_loss": 1.101527452468872,
        "eval_model_preparation_time": 0.0269,
        "eval_accuracy": 0.8526743822333438,
        "eval_precision_macro": 0.7216468813311769,
        "eval_recall_macro": 0.7056718473317086,
        "eval_f1_macro": 0.6760269179562111,
        "eval_precision_micro": 0.8526743822333438,
        "eval_recall_micro": 0.8526743822333438,
        "eval_f1_micro": 0.8526743822333438,
        "eval_runtime": 0.8857,
        "eval_samples_per_second": 172.752,
        "eval_steps_per_second": 22.582
    },
    "baseline_task_adapter": {
        "eval_loss": 1.0806766748428345,
        "eval_model_preparation_time": 0.0265,
        "eval_accuracy": 0.856427901157335,
        "eval_precision_macro": 0.7344937654440744,
        "eval_recall_macro": 0.6840063433227495,
        "eval_f1_macro": 0.6691326871531619,
        "eval_precision_micro": 0.856427901157335,
        "eval_recall_micro": 0.856427901157335,
        "eval_f1_micro": 0.856427901157335,
        "eval_runtime": 0.8156,
        "eval_samples_per_second": 187.602,
        "eval_steps_per_second": 24.523
    },
    "baseline_avg_adapter": {
        "eval_loss": 1.0210717916488647,
        "eval_model_preparation_time": 0.0296,
        "eval_accuracy": 0.8495464497966844,
        "eval_precision_macro": 0.7273407124879896,
        "eval_recall_macro": 0.6801456350594591,
        "eval_f1_macro": 0.6605922707807509,
        "eval_precision_micro": 0.8495464497966844,
        "eval_recall_micro": 0.8495464497966844,
        "eval_f1_micro": 0.8495464497966844,
        "eval_runtime": 0.8895,
        "eval_samples_per_second": 172.015,
        "eval_steps_per_second": 22.486
    },
    "baseline_closest_featural": {
        "eval_loss": 1.1124850511550903,
        "eval_model_preparation_time": 0.0271,
        "eval_accuracy": 0.8507976227713482,
        "eval_precision_macro": 0.7328910847936827,
        "eval_recall_macro": 0.6782043135525249,
        "eval_f1_macro": 0.6616311916863958,
        "eval_precision_micro": 0.8507976227713482,
        "eval_recall_micro": 0.8507976227713482,
        "eval_f1_micro": 0.8507976227713482,
        "eval_runtime": 0.8839,
        "eval_samples_per_second": 173.103,
        "eval_steps_per_second": 22.628
    },
    "no_train_gain": {
        "eval_loss": 1.117870569229126,
        "eval_model_preparation_time": 0.0276,
        "eval_accuracy": 0.8561151079136691,
        "eval_precision_macro": 0.7326022669165089,
        "eval_recall_macro": 0.6849255284327951,
        "eval_f1_macro": 0.6669672939315082,
        "eval_precision_micro": 0.8561151079136691,
        "eval_recall_micro": 0.8561151079136691,
        "eval_f1_micro": 0.8561151079136691,
        "eval_runtime": 0.8865,
        "eval_samples_per_second": 172.593,
        "eval_steps_per_second": 22.561
    }
}