{
    "reconstructed_featural": {
        "eval_loss": 1.1096328496932983,
        "eval_model_preparation_time": 0.0284,
        "eval_accuracy": 0.8573662808883328,
        "eval_precision_macro": 0.7345972787238605,
        "eval_recall_macro": 0.686607719493766,
        "eval_f1_macro": 0.6693065430088858,
        "eval_precision_micro": 0.8573662808883328,
        "eval_recall_micro": 0.8573662808883328,
        "eval_f1_micro": 0.8573662808883328,
        "eval_runtime": 0.8362,
        "eval_samples_per_second": 182.978,
        "eval_steps_per_second": 23.919
    }
}