{
    "reconstructed_featural": {
        "eval_loss": 0.407084584236145,
        "eval_model_preparation_time": 0.0282,
        "eval_precision": 0.6229485492694412,
        "eval_recall": 0.7084022363965666,
        "eval_f1": 0.6629329403095062,
        "eval_accuracy": 0.8859579503311736,
        "eval_runtime": 32.0902,
        "eval_samples_per_second": 311.622,
        "eval_steps_per_second": 38.953
    },
    "reconstructed_syntactic": {
        "eval_loss": 0.4212530851364136,
        "eval_model_preparation_time": 0.0287,
        "eval_precision": 0.6292189679218968,
        "eval_recall": 0.7105283880620521,
        "eval_f1": 0.6674063389918266,
        "eval_accuracy": 0.8852075787529402,
        "eval_runtime": 31.343,
        "eval_samples_per_second": 319.05,
        "eval_steps_per_second": 39.881
    },
    "reconstructed_morphological": {
        "eval_loss": 0.39553341269493103,
        "eval_model_preparation_time": 0.0306,
        "eval_precision": 0.6294971452156566,
        "eval_recall": 0.7206079218836129,
        "eval_f1": 0.6719782640622706,
        "eval_accuracy": 0.88980360466962,
        "eval_runtime": 32.1999,
        "eval_samples_per_second": 310.56,
        "eval_steps_per_second": 38.82
    }
}