{
    "reconstructed_featural": {
        "eval_loss": 0.41344785690307617,
        "eval_model_preparation_time": 0.03,
        "eval_precision": 0.5968382105617221,
        "eval_recall": 0.6986376880069297,
        "eval_f1": 0.643738209258453,
        "eval_accuracy": 0.8844067013954026,
        "eval_runtime": 34.2321,
        "eval_samples_per_second": 292.124,
        "eval_steps_per_second": 36.515
    },
    "baseline_en": {
        "eval_loss": 0.5420695543289185,
        "eval_model_preparation_time": 0.0282,
        "eval_precision": 0.5993193499097097,
        "eval_recall": 0.6795023230175604,
        "eval_f1": 0.6368970734767686,
        "eval_accuracy": 0.8630644020837241,
        "eval_runtime": 32.9325,
        "eval_samples_per_second": 303.652,
        "eval_steps_per_second": 37.956
    },
    "baseline_task_adapter": {
        "eval_loss": 0.4667277932167053,
        "eval_model_preparation_time": 0.0283,
        "eval_precision": 0.5136482939632546,
        "eval_recall": 0.6164264902748248,
        "eval_f1": 0.5603636493790042,
        "eval_accuracy": 0.8612173335834572,
        "eval_runtime": 28.3839,
        "eval_samples_per_second": 352.312,
        "eval_steps_per_second": 44.039
    },
    "baseline_avg_adapter": {
        "eval_loss": 0.5752164125442505,
        "eval_model_preparation_time": 0.0293,
        "eval_precision": 0.4970276008492569,
        "eval_recall": 0.5530356721001654,
        "eval_f1": 0.5235379626523537,
        "eval_accuracy": 0.8354666012496573,
        "eval_runtime": 32.0887,
        "eval_samples_per_second": 311.636,
        "eval_steps_per_second": 38.954
    },
    "baseline_closest_featural": {
        "eval_loss": 0.5306246876716614,
        "eval_model_preparation_time": 0.0276,
        "eval_precision": 0.5028359216745443,
        "eval_recall": 0.5864241278840854,
        "eval_f1": 0.541422807081319,
        "eval_accuracy": 0.841130463643054,
        "eval_runtime": 32.7925,
        "eval_samples_per_second": 304.948,
        "eval_steps_per_second": 38.119
    },
    "no_train_gain": {
        "eval_loss": 0.43759647011756897,
        "eval_model_preparation_time": 0.0306,
        "eval_precision": 0.5804578522325302,
        "eval_recall": 0.6848570753602646,
        "eval_f1": 0.6283505527057294,
        "eval_accuracy": 0.8765783056032554,
        "eval_runtime": 32.1612,
        "eval_samples_per_second": 310.934,
        "eval_steps_per_second": 38.867
    }
}