{
    "reconstructed_featural": {
        "eval_loss": 0.4129035770893097,
        "eval_model_preparation_time": 0.0274,
        "eval_precision": 0.6064104305310335,
        "eval_recall": 0.7032049767698244,
        "eval_f1": 0.6512306289881494,
        "eval_accuracy": 0.8853374507568652,
        "eval_runtime": 28.0735,
        "eval_samples_per_second": 356.208,
        "eval_steps_per_second": 44.526
    }
}
