{
    "reconstructed_featural": {
        "eval_loss": 1.1318817138671875,
        "eval_model_preparation_time": 0.027,
        "eval_accuracy": 0.852706166139002,
        "eval_precision_macro": 0.6167252597068642,
        "eval_recall_macro": 0.6338331556754752,
        "eval_f1_macro": 0.6108907145516206,
        "eval_precision_micro": 0.852706166139002,
        "eval_recall_micro": 0.852706166139002,
        "eval_f1_micro": 0.852706166139002,
        "eval_runtime": 9.4862,
        "eval_samples_per_second": 192.173,
        "eval_steps_per_second": 24.035
    }
}
