{
    "reconstructed_featural": {
        "eval_loss": 1.1422545909881592,
        "eval_model_preparation_time": 0.0293,
        "eval_accuracy": 0.851387004372079,
        "eval_precision_macro": 0.6161541935699345,
        "eval_recall_macro": 0.6319138305353723,
        "eval_f1_macro": 0.6093994243110475,
        "eval_precision_micro": 0.851387004372079,
        "eval_recall_micro": 0.851387004372079,
        "eval_f1_micro": 0.851387004372079,
        "eval_runtime": 9.4508,
        "eval_samples_per_second": 192.894,
        "eval_steps_per_second": 24.125
    }
}
