{
    "reconstructed_featural": {
        "eval_loss": 3.158466339111328,
        "eval_model_preparation_time": 0.0278,
        "eval_accuracy": 0.4848084544253633,
        "eval_precision_macro": 0.33981138758361834,
        "eval_recall_macro": 0.29224773344088695,
        "eval_f1_macro": 0.2360899044455745,
        "eval_precision_micro": 0.4848084544253633,
        "eval_recall_micro": 0.4848084544253633,
        "eval_f1_micro": 0.4848084544253633,
        "eval_runtime": 0.928,
        "eval_samples_per_second": 179.962,
        "eval_steps_per_second": 22.63
    },
    "baseline_en": {
        "eval_loss": 3.798830986022949,
        "eval_model_preparation_time": 0.0263,
        "eval_accuracy": 0.5072655217965654,
        "eval_precision_macro": 0.2984502738513489,
        "eval_recall_macro": 0.2752110832307394,
        "eval_f1_macro": 0.2617778460118264,
        "eval_precision_micro": 0.5072655217965654,
        "eval_recall_micro": 0.5072655217965654,
        "eval_f1_micro": 0.5072655217965654,
        "eval_runtime": 0.9267,
        "eval_samples_per_second": 180.208,
        "eval_steps_per_second": 22.661
    },
    "baseline_task_adapter": {
        "eval_loss": 2.750988721847534,
        "eval_model_preparation_time": 0.0266,
        "eval_accuracy": 0.5046235138705416,
        "eval_precision_macro": 0.3366754500909859,
        "eval_recall_macro": 0.31417818284165244,
        "eval_f1_macro": 0.2733102055621898,
        "eval_precision_micro": 0.5046235138705416,
        "eval_recall_micro": 0.5046235138705416,
        "eval_f1_micro": 0.5046235138705416,
        "eval_runtime": 0.8457,
        "eval_samples_per_second": 197.474,
        "eval_steps_per_second": 24.832
    },
    "baseline_avg_adapter": {
        "eval_loss": 2.6683425903320312,
        "eval_model_preparation_time": 0.0283,
        "eval_accuracy": 0.5105680317040951,
        "eval_precision_macro": 0.3761432459503888,
        "eval_recall_macro": 0.33198699757282024,
        "eval_f1_macro": 0.2979540826382351,
        "eval_precision_micro": 0.5105680317040951,
        "eval_recall_micro": 0.5105680317040951,
        "eval_f1_micro": 0.5105680317040951,
        "eval_runtime": 0.925,
        "eval_samples_per_second": 180.533,
        "eval_steps_per_second": 22.702
    },
    "baseline_closest_featural": {
        "eval_loss": 4.040802001953125,
        "eval_model_preparation_time": 0.0276,
        "eval_accuracy": 0.49207397622192867,
        "eval_precision_macro": 0.2636700897464249,
        "eval_recall_macro": 0.3040864968716693,
        "eval_f1_macro": 0.25035593619022106,
        "eval_precision_micro": 0.49207397622192867,
        "eval_recall_micro": 0.49207397622192867,
        "eval_f1_micro": 0.49207397622192867,
        "eval_runtime": 0.9273,
        "eval_samples_per_second": 180.096,
        "eval_steps_per_second": 22.647
    },
    "no_train_gain": {
        "eval_loss": 3.357320547103882,
        "eval_model_preparation_time": 0.0288,
        "eval_accuracy": 0.48018494055482164,
        "eval_precision_macro": 0.2909750592635491,
        "eval_recall_macro": 0.29775207741473364,
        "eval_f1_macro": 0.24009466331101342,
        "eval_precision_micro": 0.48018494055482164,
        "eval_recall_micro": 0.48018494055482164,
        "eval_f1_micro": 0.48018494055482164,
        "eval_runtime": 0.9291,
        "eval_samples_per_second": 179.744,
        "eval_steps_per_second": 22.603
    }
}
