{
    "reconstructed_featural": {
        "eval_loss": 3.212161064147949,
        "eval_model_preparation_time": 0.029,
        "eval_accuracy": 0.48348745046235136,
        "eval_precision_macro": 0.2808431425420785,
        "eval_recall_macro": 0.2907922373499945,
        "eval_f1_macro": 0.23323719469236392,
        "eval_precision_micro": 0.48348745046235136,
        "eval_recall_micro": 0.48348745046235136,
        "eval_f1_micro": 0.48348745046235136,
        "eval_runtime": 0.8801,
        "eval_samples_per_second": 189.754,
        "eval_steps_per_second": 23.861
    }
}
