{
    "reconstructed_syntactic": {
        "eval_loss": 3.159588575363159,
        "eval_model_preparation_time": 0.0293,
        "eval_accuracy": 0.4848084544253633,
        "eval_precision_macro": 0.33981138758361834,
        "eval_recall_macro": 0.29224773344088695,
        "eval_f1_macro": 0.2360899044455745,
        "eval_precision_micro": 0.4848084544253633,
        "eval_recall_micro": 0.4848084544253633,
        "eval_f1_micro": 0.4848084544253633,
        "eval_runtime": 0.9118,
        "eval_samples_per_second": 183.163,
        "eval_steps_per_second": 23.032
    },
    "reconstructed_morphological": {
        "eval_loss": 3.1708106994628906,
        "eval_model_preparation_time": 0.0291,
        "eval_accuracy": 0.4848084544253633,
        "eval_precision_macro": 0.3364175850528287,
        "eval_recall_macro": 0.29211998018717134,
        "eval_f1_macro": 0.2336106551683892,
        "eval_precision_micro": 0.4848084544253633,
        "eval_recall_micro": 0.4848084544253633,
        "eval_f1_micro": 0.4848084544253633,
        "eval_runtime": 0.9067,
        "eval_samples_per_second": 184.176,
        "eval_steps_per_second": 23.16
    }
}
