{
    "reconstructed_featural": {
        "eval_loss": 0.824312686920166,
        "eval_model_preparation_time": 0.0269,
        "eval_precision": 0.34782608695652173,
        "eval_recall": 0.43243243243243246,
        "eval_f1": 0.38554216867469876,
        "eval_accuracy": 0.7638157894736842,
        "eval_runtime": 0.3357,
        "eval_samples_per_second": 297.876,
        "eval_steps_per_second": 38.724
    }
}