{
    "reconstructed_featural": {
        "eval_loss": 0.8387770056724548,
        "eval_model_preparation_time": 0.0279,
        "eval_precision": 0.3582089552238806,
        "eval_recall": 0.43243243243243246,
        "eval_f1": 0.39183673469387753,
        "eval_accuracy": 0.7625,
        "eval_runtime": 0.355,
        "eval_samples_per_second": 281.715,
        "eval_steps_per_second": 36.623
    },
    "reconstructed_syntactic": {
        "eval_loss": 0.8719549775123596,
        "eval_model_preparation_time": 0.0282,
        "eval_precision": 0.3475177304964539,
        "eval_recall": 0.44144144144144143,
        "eval_f1": 0.3888888888888889,
        "eval_accuracy": 0.7578947368421053,
        "eval_runtime": 0.3494,
        "eval_samples_per_second": 286.2,
        "eval_steps_per_second": 37.206
    },
    "reconstructed_morphological": {
        "eval_loss": 0.8256295919418335,
        "eval_model_preparation_time": 0.0289,
        "eval_precision": 0.35294117647058826,
        "eval_recall": 0.43243243243243246,
        "eval_f1": 0.38866396761133604,
        "eval_accuracy": 0.7625,
        "eval_runtime": 0.3525,
        "eval_samples_per_second": 283.673,
        "eval_steps_per_second": 36.878
    }
}
