{
    "reconstructed_featural": {
        "eval_loss": 0.8305211067199707,
        "eval_model_preparation_time": 0.0271,
        "eval_precision": 0.3533834586466165,
        "eval_recall": 0.42342342342342343,
        "eval_f1": 0.3852459016393442,
        "eval_accuracy": 0.7625,
        "eval_runtime": 0.3664,
        "eval_samples_per_second": 272.897,
        "eval_steps_per_second": 35.477
    }
}