{
    "reconstructed_featural": {
        "eval_loss": 1.1265015602111816,
        "eval_model_preparation_time": 0.0276,
        "eval_precision": 0.3333333333333333,
        "eval_recall": 0.6190476190476191,
        "eval_f1": 0.43333333333333335,
        "eval_accuracy": 0.7393548387096774,
        "eval_runtime": 0.3397,
        "eval_samples_per_second": 294.339,
        "eval_steps_per_second": 38.264
    }
}
