{
    "reconstructed_featural": {
        "eval_loss": 1.132577896118164,
        "eval_model_preparation_time": 0.0267,
        "eval_precision": 0.3385416666666667,
        "eval_recall": 0.6190476190476191,
        "eval_f1": 0.43771043771043766,
        "eval_accuracy": 0.74,
        "eval_runtime": 0.3202,
        "eval_samples_per_second": 312.296,
        "eval_steps_per_second": 40.598
    }
}
