{
    "reconstructed_featural": {
        "eval_loss": 1.1264454126358032,
        "eval_model_preparation_time": 0.0281,
        "eval_precision": 0.3333333333333333,
        "eval_recall": 0.6190476190476191,
        "eval_f1": 0.43333333333333335,
        "eval_accuracy": 0.74,
        "eval_runtime": 0.3219,
        "eval_samples_per_second": 310.643,
        "eval_steps_per_second": 40.384
    }
}