{
    "reconstructed_featural": {
        "eval_loss": 0.2504608631134033,
        "eval_model_preparation_time": 0.0291,
        "eval_precision": 0.7097722263041881,
        "eval_recall": 0.8023255813953488,
        "eval_f1": 0.7532163742690059,
        "eval_accuracy": 0.9297594900028977,
        "eval_runtime": 3.3218,
        "eval_samples_per_second": 301.046,
        "eval_steps_per_second": 37.631
    },
    "baseline_en": {
        "eval_loss": 0.5003449320793152,
        "eval_model_preparation_time": 0.0298,
        "eval_precision": 0.630755864465682,
        "eval_recall": 0.6029900332225914,
        "eval_f1": 0.6165605095541401,
        "eval_accuracy": 0.8859461025789627,
        "eval_runtime": 3.2977,
        "eval_samples_per_second": 303.239,
        "eval_steps_per_second": 37.905
    },
    "baseline_task_adapter": {
        "eval_loss": 0.2932673990726471,
        "eval_model_preparation_time": 0.0289,
        "eval_precision": 0.6282871357498223,
        "eval_recall": 0.7342192691029901,
        "eval_f1": 0.6771351972424359,
        "eval_accuracy": 0.9176470588235294,
        "eval_runtime": 2.9596,
        "eval_samples_per_second": 337.882,
        "eval_steps_per_second": 42.235
    },
    "baseline_avg_adapter": {
        "eval_loss": 0.453025758266449,
        "eval_model_preparation_time": 0.029,
        "eval_precision": 0.6426282051282052,
        "eval_recall": 0.6661129568106312,
        "eval_f1": 0.6541598694942903,
        "eval_accuracy": 0.8907563025210085,
        "eval_runtime": 3.2933,
        "eval_samples_per_second": 303.648,
        "eval_steps_per_second": 37.956
    },
    "baseline_closest_featural": {
        "eval_loss": 0.3551694452762604,
        "eval_model_preparation_time": 0.028,
        "eval_precision": 0.5562330623306233,
        "eval_recall": 0.6818936877076412,
        "eval_f1": 0.612686567164179,
        "eval_accuracy": 0.8964937699217618,
        "eval_runtime": 3.3326,
        "eval_samples_per_second": 300.069,
        "eval_steps_per_second": 37.509
    },
    "no_train_gain": {
        "eval_loss": 0.2678113579750061,
        "eval_model_preparation_time": 0.0308,
        "eval_precision": 0.680565371024735,
        "eval_recall": 0.7998338870431894,
        "eval_f1": 0.7353951890034365,
        "eval_accuracy": 0.9279049550854824,
        "eval_runtime": 3.308,
        "eval_samples_per_second": 302.298,
        "eval_steps_per_second": 37.787
    }
}
