{
    "reconstructed_featural": {
        "eval_loss": 0.7186750769615173,
        "eval_model_preparation_time": 0.0279,
        "eval_precision": 0.40627333831217327,
        "eval_recall": 0.45182724252491696,
        "eval_f1": 0.42784113252064493,
        "eval_accuracy": 0.8164760241167521,
        "eval_runtime": 3.3727,
        "eval_samples_per_second": 296.495,
        "eval_steps_per_second": 37.062
    },
    "reconstructed_syntactic": {
        "eval_loss": 0.7204548120498657,
        "eval_model_preparation_time": 0.0286,
        "eval_precision": 0.38568298027757486,
        "eval_recall": 0.43853820598006643,
        "eval_f1": 0.41041585697629224,
        "eval_accuracy": 0.8136586465318082,
        "eval_runtime": 3.3518,
        "eval_samples_per_second": 298.347,
        "eval_steps_per_second": 37.293
    },
    "reconstructed_morphological": {
        "eval_loss": 0.7334873080253601,
        "eval_model_preparation_time": 0.0276,
        "eval_precision": 0.38807069219440354,
        "eval_recall": 0.4377076411960133,
        "eval_f1": 0.41139734582357534,
        "eval_accuracy": 0.8136022989801093,
        "eval_runtime": 3.2833,
        "eval_samples_per_second": 304.573,
        "eval_steps_per_second": 38.072
    }
}