{
    "reconstructed_featural": {
        "eval_loss": 0.7625218629837036,
        "eval_model_preparation_time": 0.0273,
        "eval_precision": 0.38288288288288286,
        "eval_recall": 0.42358803986710963,
        "eval_f1": 0.4022082018927445,
        "eval_accuracy": 0.8052065137769764,
        "eval_runtime": 2.8907,
        "eval_samples_per_second": 345.933,
        "eval_steps_per_second": 43.242
    }
}