{
    "reconstructed_featural": {
        "eval_loss": 0.4622305929660797,
        "eval_model_preparation_time": 0.0307,
        "eval_precision": 0.5887096774193549,
        "eval_recall": 0.6460176991150443,
        "eval_f1": 0.6160337552742616,
        "eval_accuracy": 0.867816091954023,
        "eval_runtime": 0.4446,
        "eval_samples_per_second": 224.907,
        "eval_steps_per_second": 29.238
    },
    "baseline_en": {
        "eval_loss": 0.9820464849472046,
        "eval_model_preparation_time": 0.0268,
        "eval_precision": 0.5514018691588785,
        "eval_recall": 0.5221238938053098,
        "eval_f1": 0.5363636363636363,
        "eval_accuracy": 0.7873563218390804,
        "eval_runtime": 0.2786,
        "eval_samples_per_second": 358.991,
        "eval_steps_per_second": 46.669
    },
    "baseline_task_adapter": {
        "eval_loss": 0.574047863483429,
        "eval_model_preparation_time": 0.0279,
        "eval_precision": 0.4732824427480916,
        "eval_recall": 0.5486725663716814,
        "eval_f1": 0.5081967213114754,
        "eval_accuracy": 0.8119868637110016,
        "eval_runtime": 0.2707,
        "eval_samples_per_second": 369.434,
        "eval_steps_per_second": 48.026
    },
    "baseline_avg_adapter": {
        "eval_loss": 0.9372018575668335,
        "eval_model_preparation_time": 0.029,
        "eval_precision": 0.4424778761061947,
        "eval_recall": 0.4424778761061947,
        "eval_f1": 0.4424778761061947,
        "eval_accuracy": 0.7684729064039408,
        "eval_runtime": 0.2885,
        "eval_samples_per_second": 346.617,
        "eval_steps_per_second": 45.06
    },
    "baseline_closest_featural": {
        "eval_loss": 1.2216931581497192,
        "eval_model_preparation_time": 0.0268,
        "eval_precision": 0.49523809523809526,
        "eval_recall": 0.46017699115044247,
        "eval_f1": 0.4770642201834862,
        "eval_accuracy": 0.7348111658456487,
        "eval_runtime": 0.284,
        "eval_samples_per_second": 352.143,
        "eval_steps_per_second": 45.779
    },
    "no_train_gain": {
        "eval_loss": 0.5745733380317688,
        "eval_model_preparation_time": 0.0282,
        "eval_precision": 0.6048387096774194,
        "eval_recall": 0.6637168141592921,
        "eval_f1": 0.6329113924050633,
        "eval_accuracy": 0.8587848932676518,
        "eval_runtime": 0.2863,
        "eval_samples_per_second": 349.303,
        "eval_steps_per_second": 45.409
    }
}