{
    "reconstructed_featural": {
        "eval_loss": 0.4616827070713043,
        "eval_model_preparation_time": 0.0273,
        "eval_precision": 0.5826771653543307,
        "eval_recall": 0.6548672566371682,
        "eval_f1": 0.6166666666666667,
        "eval_accuracy": 0.8661740558292282,
        "eval_runtime": 1.0387,
        "eval_samples_per_second": 96.278,
        "eval_steps_per_second": 12.516
    }
}