{
    "reconstructed_featural": {
        "eval_loss": 0.5828051567077637,
        "eval_model_preparation_time": 0.0275,
        "eval_precision": 0.47542134831460675,
        "eval_recall": 0.5356012658227848,
        "eval_f1": 0.503720238095238,
        "eval_accuracy": 0.8450490263775722,
        "eval_runtime": 4.0529,
        "eval_samples_per_second": 246.738,
        "eval_steps_per_second": 30.842
    },
    "reconstructed_syntactic": {
        "eval_loss": 0.5851548314094543,
        "eval_model_preparation_time": 0.0281,
        "eval_precision": 0.47494707127734653,
        "eval_recall": 0.5324367088607594,
        "eval_f1": 0.5020514733308467,
        "eval_accuracy": 0.8449109239055379,
        "eval_runtime": 3.2412,
        "eval_samples_per_second": 308.525,
        "eval_steps_per_second": 38.566
    },
    "reconstructed_morphological": {
        "eval_loss": 0.6052054166793823,
        "eval_model_preparation_time": 0.0275,
        "eval_precision": 0.47155049786628733,
        "eval_recall": 0.5245253164556962,
        "eval_f1": 0.4966292134831461,
        "eval_accuracy": 0.8390415688440823,
        "eval_runtime": 3.217,
        "eval_samples_per_second": 310.847,
        "eval_steps_per_second": 38.856
    }
}