{
    "reconstructed_featural": {
        "eval_loss": 3.511876106262207,
        "eval_model_preparation_time": 0.0277,
        "eval_accuracy": 0.6339285714285714,
        "eval_precision_macro": 0.5001478157346302,
        "eval_recall_macro": 0.41904325780995066,
        "eval_f1_macro": 0.4330170082322163,
        "eval_precision_micro": 0.6339285714285714,
        "eval_recall_micro": 0.6339285714285714,
        "eval_f1_micro": 0.6339285714285714,
        "eval_runtime": 0.1513,
        "eval_samples_per_second": 310.602,
        "eval_steps_per_second": 39.651
    },
    "reconstructed_syntactic": {
        "eval_loss": 3.527336359024048,
        "eval_model_preparation_time": 0.0279,
        "eval_accuracy": 0.6339285714285714,
        "eval_precision_macro": 0.5010236916105061,
        "eval_recall_macro": 0.41904325780995066,
        "eval_f1_macro": 0.4333683080415106,
        "eval_precision_micro": 0.6339285714285714,
        "eval_recall_micro": 0.6339285714285714,
        "eval_f1_micro": 0.6339285714285714,
        "eval_runtime": 0.1522,
        "eval_samples_per_second": 308.815,
        "eval_steps_per_second": 39.423
    },
    "reconstructed_morphological": {
        "eval_loss": 3.454819440841675,
        "eval_model_preparation_time": 0.0281,
        "eval_accuracy": 0.640625,
        "eval_precision_macro": 0.5082574427253613,
        "eval_recall_macro": 0.3980795370098853,
        "eval_f1_macro": 0.4207974766639929,
        "eval_precision_micro": 0.640625,
        "eval_recall_micro": 0.640625,
        "eval_f1_micro": 0.640625,
        "eval_runtime": 0.1538,
        "eval_samples_per_second": 305.537,
        "eval_steps_per_second": 39.005
    }
}
