{
    "reconstructed_featural": {
        "eval_loss": 3.4282066822052,
        "eval_model_preparation_time": 0.0324,
        "eval_accuracy": 0.6361607142857143,
        "eval_precision_macro": 0.49791249825125167,
        "eval_recall_macro": 0.413299732329583,
        "eval_f1_macro": 0.4297051572805258,
        "eval_precision_micro": 0.6361607142857143,
        "eval_recall_micro": 0.6361607142857143,
        "eval_f1_micro": 0.6361607142857143,
        "eval_runtime": 0.1927,
        "eval_samples_per_second": 243.887,
        "eval_steps_per_second": 31.134
    },
    "reconstructed_syntactic": {
        "eval_loss": 3.438685655593872,
        "eval_model_preparation_time": 0.0322,
        "eval_accuracy": 0.6383928571428571,
        "eval_precision_macro": 0.4985447094097785,
        "eval_recall_macro": 0.41453430023081755,
        "eval_f1_macro": 0.43070101061255306,
        "eval_precision_micro": 0.6383928571428571,
        "eval_recall_micro": 0.6383928571428571,
        "eval_f1_micro": 0.6383928571428571,
        "eval_runtime": 0.187,
        "eval_samples_per_second": 251.383,
        "eval_steps_per_second": 32.091
    },
    "reconstructed_morphological": {
        "eval_loss": 3.364356517791748,
        "eval_model_preparation_time": 0.0278,
        "eval_accuracy": 0.640625,
        "eval_precision_macro": 0.4979903954356103,
        "eval_recall_macro": 0.4153634876271692,
        "eval_f1_macro": 0.4314347231954083,
        "eval_precision_micro": 0.640625,
        "eval_recall_micro": 0.640625,
        "eval_f1_micro": 0.640625,
        "eval_runtime": 0.163,
        "eval_samples_per_second": 288.432,
        "eval_steps_per_second": 36.821
    }
}
