{
    "reconstructed_featural": {
        "eval_loss": 0.7749305367469788,
        "eval_model_preparation_time": 0.0286,
        "eval_precision": 0.5530685920577617,
        "eval_recall": 0.6869955156950672,
        "eval_f1": 0.6128,
        "eval_accuracy": 0.7971170395869192,
        "eval_runtime": 3.1414,
        "eval_samples_per_second": 318.334,
        "eval_steps_per_second": 39.792
    },
    "reconstructed_syntactic": {
        "eval_loss": 0.7749305367469788,
        "eval_model_preparation_time": 0.0283,
        "eval_precision": 0.5530685920577617,
        "eval_recall": 0.6869955156950672,
        "eval_f1": 0.6128,
        "eval_accuracy": 0.7971170395869192,
        "eval_runtime": 3.0964,
        "eval_samples_per_second": 322.957,
        "eval_steps_per_second": 40.37
    },
    "reconstructed_morphological": {
        "eval_loss": 0.7749305367469788,
        "eval_model_preparation_time": 0.0293,
        "eval_precision": 0.5530685920577617,
        "eval_recall": 0.6869955156950672,
        "eval_f1": 0.6128,
        "eval_accuracy": 0.7971170395869192,
        "eval_runtime": 3.0988,
        "eval_samples_per_second": 322.71,
        "eval_steps_per_second": 40.339
    }
}