{
    "reconstructed_featural": {
        "eval_loss": 5.51563835144043,
        "eval_model_preparation_time": 0.0289,
        "eval_accuracy": 0.30199818346957313,
        "eval_precision_macro": 0.23444747826779308,
        "eval_recall_macro": 0.24893985298973417,
        "eval_f1_macro": 0.17772371871117565,
        "eval_precision_micro": 0.30199818346957313,
        "eval_recall_micro": 0.30199818346957313,
        "eval_f1_micro": 0.30199818346957313,
        "eval_runtime": 2.7206,
        "eval_samples_per_second": 190.397,
        "eval_steps_per_second": 23.891
    }
}
