{
    "reconstructed_featural": {
        "eval_loss": 5.445096492767334,
        "eval_model_preparation_time": 0.027,
        "eval_accuracy": 0.3013623978201635,
        "eval_precision_macro": 0.22751028687070857,
        "eval_recall_macro": 0.24863086500066986,
        "eval_f1_macro": 0.17586168543277972,
        "eval_precision_micro": 0.3013623978201635,
        "eval_recall_micro": 0.3013623978201635,
        "eval_f1_micro": 0.3013623978201635,
        "eval_runtime": 2.7298,
        "eval_samples_per_second": 189.758,
        "eval_steps_per_second": 23.811
    }
}