{
    "reconstructed_featural": {
        "eval_loss": 5.399168491363525,
        "eval_model_preparation_time": 0.029,
        "eval_accuracy": 0.3013623978201635,
        "eval_precision_macro": 0.22426906788818002,
        "eval_recall_macro": 0.248835561872835,
        "eval_f1_macro": 0.17266073054521286,
        "eval_precision_micro": 0.3013623978201635,
        "eval_recall_micro": 0.3013623978201635,
        "eval_f1_micro": 0.3013623978201635,
        "eval_runtime": 2.9027,
        "eval_samples_per_second": 178.457,
        "eval_steps_per_second": 22.393
    },
    "baseline_en": {
        "eval_loss": 6.022732257843018,
        "eval_model_preparation_time": 0.0272,
        "eval_accuracy": 0.3270663033605813,
        "eval_precision_macro": 0.24247614174216547,
        "eval_recall_macro": 0.2514173707128617,
        "eval_f1_macro": 0.18674109328700886,
        "eval_precision_micro": 0.3270663033605813,
        "eval_recall_micro": 0.3270663033605813,
        "eval_f1_micro": 0.3270663033605813,
        "eval_runtime": 2.89,
        "eval_samples_per_second": 179.237,
        "eval_steps_per_second": 22.491
    },
    "baseline_task_adapter": {
        "eval_loss": 5.01495361328125,
        "eval_model_preparation_time": 0.0266,
        "eval_accuracy": 0.29473206176203454,
        "eval_precision_macro": 0.20546514938850574,
        "eval_recall_macro": 0.24775575824066465,
        "eval_f1_macro": 0.1613763079119786,
        "eval_precision_micro": 0.29473206176203454,
        "eval_recall_micro": 0.29473206176203454,
        "eval_f1_micro": 0.29473206176203454,
        "eval_runtime": 2.6523,
        "eval_samples_per_second": 195.302,
        "eval_steps_per_second": 24.507
    },
    "baseline_avg_adapter": {
        "eval_loss": 4.863718509674072,
        "eval_model_preparation_time": 0.0298,
        "eval_accuracy": 0.3081743869209809,
        "eval_precision_macro": 0.21971499429904923,
        "eval_recall_macro": 0.24177528996580977,
        "eval_f1_macro": 0.15637583323635226,
        "eval_precision_micro": 0.3081743869209809,
        "eval_recall_micro": 0.3081743869209809,
        "eval_f1_micro": 0.3081743869209809,
        "eval_runtime": 2.899,
        "eval_samples_per_second": 178.681,
        "eval_steps_per_second": 22.421
    },
    "baseline_closest_featural": {
        "eval_loss": 5.295096397399902,
        "eval_model_preparation_time": 0.0267,
        "eval_accuracy": 0.30208900999091737,
        "eval_precision_macro": 0.19695694825105392,
        "eval_recall_macro": 0.25210702003802987,
        "eval_f1_macro": 0.17230535500299532,
        "eval_precision_micro": 0.30208900999091737,
        "eval_recall_micro": 0.30208900999091737,
        "eval_f1_micro": 0.30208900999091737,
        "eval_runtime": 2.8937,
        "eval_samples_per_second": 179.011,
        "eval_steps_per_second": 22.463
    },
    "no_train_gain": {
        "eval_loss": 5.276261329650879,
        "eval_model_preparation_time": 0.0288,
        "eval_accuracy": 0.30626702997275207,
        "eval_precision_macro": 0.21534933756120997,
        "eval_recall_macro": 0.2551068309224424,
        "eval_f1_macro": 0.17125160335569023,
        "eval_precision_micro": 0.30626702997275207,
        "eval_recall_micro": 0.30626702997275207,
        "eval_f1_micro": 0.30626702997275207,
        "eval_runtime": 2.8933,
        "eval_samples_per_second": 179.035,
        "eval_steps_per_second": 22.466
    }
}