{
    "reconstructed_featural": {
        "eval_loss": 0.8617452383041382,
        "eval_model_preparation_time": 0.028,
        "eval_precision": 0.2597402597402597,
        "eval_recall": 0.33613445378151263,
        "eval_f1": 0.29304029304029305,
        "eval_accuracy": 0.8125213821416353,
        "eval_runtime": 0.5123,
        "eval_samples_per_second": 195.201,
        "eval_steps_per_second": 25.376
    }
}
