{
    "reconstructed_featural": {
        "eval_loss": 0.8572490215301514,
        "eval_model_preparation_time": 0.0291,
        "eval_precision": 0.25806451612903225,
        "eval_recall": 0.33613445378151263,
        "eval_f1": 0.29197080291970806,
        "eval_accuracy": 0.8142319534724598,
        "eval_runtime": 0.3739,
        "eval_samples_per_second": 267.48,
        "eval_steps_per_second": 34.772
    },
    "reconstructed_syntactic": {
        "eval_loss": 0.8347072601318359,
        "eval_model_preparation_time": 0.0282,
        "eval_precision": 0.2684563758389262,
        "eval_recall": 0.33613445378151263,
        "eval_f1": 0.2985074626865672,
        "eval_accuracy": 0.8159425248032843,
        "eval_runtime": 0.3677,
        "eval_samples_per_second": 271.94,
        "eval_steps_per_second": 35.352
    },
    "reconstructed_morphological": {
        "eval_loss": 0.8433427214622498,
        "eval_model_preparation_time": 0.0287,
        "eval_precision": 0.2684563758389262,
        "eval_recall": 0.33613445378151263,
        "eval_f1": 0.2985074626865672,
        "eval_accuracy": 0.8135477249401301,
        "eval_runtime": 0.3646,
        "eval_samples_per_second": 274.304,
        "eval_steps_per_second": 35.66
    }
}
