{
    "reconstructed_featural": {
        "eval_loss": 0.8364236354827881,
        "eval_model_preparation_time": 0.0283,
        "eval_precision": 0.25477707006369427,
        "eval_recall": 0.33613445378151263,
        "eval_f1": 0.2898550724637681,
        "eval_accuracy": 0.8121792678754705,
        "eval_runtime": 0.4313,
        "eval_samples_per_second": 231.847,
        "eval_steps_per_second": 30.14
    },
    "reconstructed_syntactic": {
        "eval_loss": 0.8014084696769714,
        "eval_model_preparation_time": 0.0279,
        "eval_precision": 0.21511627906976744,
        "eval_recall": 0.31092436974789917,
        "eval_f1": 0.25429553264604815,
        "eval_accuracy": 0.8104686965446459,
        "eval_runtime": 0.3781,
        "eval_samples_per_second": 264.458,
        "eval_steps_per_second": 34.38
    },
    "reconstructed_morphological": {
        "eval_loss": 0.7960157990455627,
        "eval_model_preparation_time": 0.0277,
        "eval_precision": 0.27631578947368424,
        "eval_recall": 0.35294117647058826,
        "eval_f1": 0.30996309963099633,
        "eval_accuracy": 0.8183373246664386,
        "eval_runtime": 0.4088,
        "eval_samples_per_second": 244.595,
        "eval_steps_per_second": 31.797
    }
}
