{
    "reconstructed_featural": {
        "eval_loss": 4.771324634552002,
        "eval_model_preparation_time": 0.0279,
        "eval_accuracy": 0.2826086956521739,
        "eval_precision_macro": 0.11104585518648018,
        "eval_recall_macro": 0.12221065307643177,
        "eval_f1_macro": 0.1084549508462552,
        "eval_precision_micro": 0.2826086956521739,
        "eval_recall_micro": 0.2826086956521739,
        "eval_f1_micro": 0.2826086956521739,
        "eval_runtime": 0.3538,
        "eval_samples_per_second": 175.25,
        "eval_steps_per_second": 22.613
    },
    "baseline_en": {
        "eval_loss": 5.091632843017578,
        "eval_model_preparation_time": 0.0262,
        "eval_accuracy": 0.3007246376811594,
        "eval_precision_macro": 0.12553155266343827,
        "eval_recall_macro": 0.1283435570576964,
        "eval_f1_macro": 0.12528789293495177,
        "eval_precision_micro": 0.3007246376811594,
        "eval_recall_micro": 0.3007246376811594,
        "eval_f1_micro": 0.3007246376811594,
        "eval_runtime": 0.3534,
        "eval_samples_per_second": 175.457,
        "eval_steps_per_second": 22.64
    },
    "baseline_task_adapter": {
        "eval_loss": 4.005959987640381,
        "eval_model_preparation_time": 0.0268,
        "eval_accuracy": 0.286231884057971,
        "eval_precision_macro": 0.12164286387631976,
        "eval_recall_macro": 0.12450361861222516,
        "eval_f1_macro": 0.10843390984015984,
        "eval_precision_micro": 0.286231884057971,
        "eval_recall_micro": 0.286231884057971,
        "eval_f1_micro": 0.286231884057971,
        "eval_runtime": 0.3242,
        "eval_samples_per_second": 191.25,
        "eval_steps_per_second": 24.677
    },
    "baseline_avg_adapter": {
        "eval_loss": 3.683107614517212,
        "eval_model_preparation_time": 0.0288,
        "eval_accuracy": 0.30434782608695654,
        "eval_precision_macro": 0.10153816088910743,
        "eval_recall_macro": 0.12747853239656518,
        "eval_f1_macro": 0.1064471879286694,
        "eval_precision_micro": 0.30434782608695654,
        "eval_recall_micro": 0.30434782608695654,
        "eval_f1_micro": 0.30434782608695654,
        "eval_runtime": 0.3553,
        "eval_samples_per_second": 174.503,
        "eval_steps_per_second": 22.517
    },
    "baseline_closest_featural": {
        "eval_loss": 4.656740665435791,
        "eval_model_preparation_time": 0.0269,
        "eval_accuracy": 0.3188405797101449,
        "eval_precision_macro": 0.2483766233766234,
        "eval_recall_macro": 0.11735834423188053,
        "eval_f1_macro": 0.1236925125738593,
        "eval_precision_micro": 0.3188405797101449,
        "eval_recall_micro": 0.3188405797101449,
        "eval_f1_micro": 0.3188405797101449,
        "eval_runtime": 0.3566,
        "eval_samples_per_second": 173.878,
        "eval_steps_per_second": 22.436
    },
    "no_train_gain": {
        "eval_loss": 5.010645389556885,
        "eval_model_preparation_time": 0.0277,
        "eval_accuracy": 0.2898550724637681,
        "eval_precision_macro": 0.13335636773136772,
        "eval_recall_macro": 0.14721065307643177,
        "eval_f1_macro": 0.13585144546242212,
        "eval_precision_micro": 0.2898550724637681,
        "eval_recall_micro": 0.2898550724637681,
        "eval_f1_micro": 0.2898550724637681,
        "eval_runtime": 0.3574,
        "eval_samples_per_second": 173.452,
        "eval_steps_per_second": 22.381
    }
}