{
    "reconstructed_featural": {
        "eval_loss": 4.78740930557251,
        "eval_model_preparation_time": 0.0279,
        "eval_accuracy": 0.2826086956521739,
        "eval_precision_macro": 0.11293566856685668,
        "eval_recall_macro": 0.12221065307643177,
        "eval_f1_macro": 0.1096926132866518,
        "eval_precision_micro": 0.2826086956521739,
        "eval_recall_micro": 0.2826086956521739,
        "eval_f1_micro": 0.2826086956521739,
        "eval_runtime": 0.3399,
        "eval_samples_per_second": 182.425,
        "eval_steps_per_second": 23.539
    }
}
