{
    "reconstructed_featural": {
        "eval_loss": 5.099489688873291,
        "eval_model_preparation_time": 0.0286,
        "eval_accuracy": 0.2898550724637681,
        "eval_precision_macro": 0.13405036575266838,
        "eval_recall_macro": 0.13522294815839897,
        "eval_f1_macro": 0.12904572568256725,
        "eval_precision_micro": 0.2898550724637681,
        "eval_recall_micro": 0.2898550724637681,
        "eval_f1_micro": 0.2898550724637681,
        "eval_runtime": 0.195,
        "eval_samples_per_second": 318.03,
        "eval_steps_per_second": 41.036
    },
    "reconstructed_syntactic": {
        "eval_loss": 4.840916633605957,
        "eval_model_preparation_time": 0.0271,
        "eval_accuracy": 0.3007246376811594,
        "eval_precision_macro": 0.1428740317059989,
        "eval_recall_macro": 0.1367598334043006,
        "eval_f1_macro": 0.12708946904643625,
        "eval_precision_micro": 0.3007246376811594,
        "eval_recall_micro": 0.3007246376811594,
        "eval_f1_micro": 0.3007246376811594,
        "eval_runtime": 0.1904,
        "eval_samples_per_second": 325.577,
        "eval_steps_per_second": 42.01
    },
    "reconstructed_morphological": {
        "eval_loss": 4.565610408782959,
        "eval_model_preparation_time": 0.0299,
        "eval_accuracy": 0.3079710144927536,
        "eval_precision_macro": 0.11945996773830346,
        "eval_recall_macro": 0.12967945747598592,
        "eval_f1_macro": 0.11711910871574738,
        "eval_precision_micro": 0.3079710144927536,
        "eval_recall_micro": 0.3079710144927536,
        "eval_f1_micro": 0.3079710144927536,
        "eval_runtime": 0.1936,
        "eval_samples_per_second": 320.247,
        "eval_steps_per_second": 41.322
    }
}
