{
    "reconstructed_featural": {
        "eval_loss": 3.103093147277832,
        "eval_model_preparation_time": 0.0278,
        "eval_accuracy": 0.5057096247960848,
        "eval_precision_macro": 0.24570789148253822,
        "eval_recall_macro": 0.22531982940561793,
        "eval_f1_macro": 0.19592428518817517,
        "eval_precision_micro": 0.5057096247960848,
        "eval_recall_micro": 0.5057096247960848,
        "eval_f1_micro": 0.5057096247960848,
        "eval_runtime": 9.2006,
        "eval_samples_per_second": 183.685,
        "eval_steps_per_second": 23.042
    },
    "baseline_en": {
        "eval_loss": 3.806401491165161,
        "eval_model_preparation_time": 0.0271,
        "eval_accuracy": 0.5118270799347472,
        "eval_precision_macro": 0.25576801007692285,
        "eval_recall_macro": 0.19931474594671267,
        "eval_f1_macro": 0.19765828756895423,
        "eval_precision_micro": 0.5118270799347472,
        "eval_recall_micro": 0.5118270799347472,
        "eval_f1_micro": 0.5118270799347472,
        "eval_runtime": 9.2014,
        "eval_samples_per_second": 183.668,
        "eval_steps_per_second": 23.04
    },
    "baseline_task_adapter": {
        "eval_loss": 2.739466428756714,
        "eval_model_preparation_time": 0.0266,
        "eval_accuracy": 0.5052435329759962,
        "eval_precision_macro": 0.23159603313656607,
        "eval_recall_macro": 0.23513369449887125,
        "eval_f1_macro": 0.20789569939161126,
        "eval_precision_micro": 0.5052435329759962,
        "eval_recall_micro": 0.5052435329759962,
        "eval_f1_micro": 0.5052435329759962,
        "eval_runtime": 8.4093,
        "eval_samples_per_second": 200.968,
        "eval_steps_per_second": 25.21
    },
    "baseline_avg_adapter": {
        "eval_loss": 2.6914844512939453,
        "eval_model_preparation_time": 0.0283,
        "eval_accuracy": 0.5044278722908413,
        "eval_precision_macro": 0.2394716733454731,
        "eval_recall_macro": 0.2015200892947246,
        "eval_f1_macro": 0.18507447182058834,
        "eval_precision_micro": 0.5044278722908413,
        "eval_recall_micro": 0.5044278722908413,
        "eval_f1_micro": 0.5044278722908413,
        "eval_runtime": 9.2213,
        "eval_samples_per_second": 183.271,
        "eval_steps_per_second": 22.99
    },
    "baseline_closest_featural": {
        "eval_loss": 3.9516611099243164,
        "eval_model_preparation_time": 0.0275,
        "eval_accuracy": 0.5053017944535073,
        "eval_precision_macro": 0.2766194864598842,
        "eval_recall_macro": 0.2176166609324981,
        "eval_f1_macro": 0.18672906865874203,
        "eval_precision_micro": 0.5053017944535073,
        "eval_recall_micro": 0.5053017944535073,
        "eval_f1_micro": 0.5053017944535073,
        "eval_runtime": 9.2337,
        "eval_samples_per_second": 183.026,
        "eval_steps_per_second": 22.959
    },
    "no_train_gain": {
        "eval_loss": 3.390011787414551,
        "eval_model_preparation_time": 0.0285,
        "eval_accuracy": 0.4921347005360056,
        "eval_precision_macro": 0.2576127638380819,
        "eval_recall_macro": 0.20965775384225865,
        "eval_f1_macro": 0.1816065703747127,
        "eval_precision_micro": 0.4921347005360056,
        "eval_recall_micro": 0.4921347005360056,
        "eval_f1_micro": 0.4921347005360056,
        "eval_runtime": 9.2217,
        "eval_samples_per_second": 183.263,
        "eval_steps_per_second": 22.989
    }
}
