{
    "reconstructed_featural": {
        "eval_loss": 3.1241626739501953,
        "eval_model_preparation_time": 0.0273,
        "eval_accuracy": 0.505884409228618,
        "eval_precision_macro": 0.24757911997893733,
        "eval_recall_macro": 0.22450983433531935,
        "eval_f1_macro": 0.19578331482873762,
        "eval_precision_micro": 0.505884409228618,
        "eval_recall_micro": 0.505884409228618,
        "eval_f1_micro": 0.505884409228618,
        "eval_runtime": 8.7167,
        "eval_samples_per_second": 193.88,
        "eval_steps_per_second": 24.321
    }
}
