{
    "reconstructed_featural": {
        "eval_loss": 0.7329913377761841,
        "eval_model_preparation_time": 0.0294,
        "eval_precision": 0.2645161290322581,
        "eval_recall": 0.3761467889908257,
        "eval_f1": 0.3106060606060606,
        "eval_accuracy": 0.8019390581717452,
        "eval_runtime": 0.327,
        "eval_samples_per_second": 305.788,
        "eval_steps_per_second": 39.752
    }
}