{
    "reconstructed_featural": {
        "eval_loss": 0.7152135372161865,
        "eval_model_preparation_time": 0.0283,
        "eval_precision": 0.26973684210526316,
        "eval_recall": 0.3761467889908257,
        "eval_f1": 0.31417624521072796,
        "eval_accuracy": 0.8074792243767313,
        "eval_runtime": 0.3219,
        "eval_samples_per_second": 310.688,
        "eval_steps_per_second": 40.389
    },
    "baseline_en": {
        "eval_loss": 1.2737926244735718,
        "eval_model_preparation_time": 0.0278,
        "eval_precision": 0.2564102564102564,
        "eval_recall": 0.1834862385321101,
        "eval_f1": 0.21390374331550802,
        "eval_accuracy": 0.7444598337950139,
        "eval_runtime": 0.2978,
        "eval_samples_per_second": 335.838,
        "eval_steps_per_second": 43.659
    },
    "baseline_task_adapter": {
        "eval_loss": 0.7479788064956665,
        "eval_model_preparation_time": 0.0281,
        "eval_precision": 0.30327868852459017,
        "eval_recall": 0.3394495412844037,
        "eval_f1": 0.3203463203463204,
        "eval_accuracy": 0.8178670360110804,
        "eval_runtime": 0.2613,
        "eval_samples_per_second": 382.663,
        "eval_steps_per_second": 49.746
    },
    "baseline_avg_adapter": {
        "eval_loss": 0.834135890007019,
        "eval_model_preparation_time": 0.0293,
        "eval_precision": 0.30337078651685395,
        "eval_recall": 0.24770642201834864,
        "eval_f1": 0.27272727272727276,
        "eval_accuracy": 0.7991689750692521,
        "eval_runtime": 0.3008,
        "eval_samples_per_second": 332.449,
        "eval_steps_per_second": 43.218
    },
    "baseline_closest_featural": {
        "eval_loss": 1.362626552581787,
        "eval_model_preparation_time": 0.0275,
        "eval_precision": 0.1694915254237288,
        "eval_recall": 0.1834862385321101,
        "eval_f1": 0.1762114537444934,
        "eval_accuracy": 0.659972299168975,
        "eval_runtime": 0.3001,
        "eval_samples_per_second": 333.23,
        "eval_steps_per_second": 43.32
    },
    "no_train_gain": {
        "eval_loss": 0.9046012163162231,
        "eval_model_preparation_time": 0.0279,
        "eval_precision": 0.29927007299270075,
        "eval_recall": 0.3761467889908257,
        "eval_f1": 0.33333333333333337,
        "eval_accuracy": 0.7617728531855956,
        "eval_runtime": 0.3008,
        "eval_samples_per_second": 332.483,
        "eval_steps_per_second": 43.223
    }
}