{
    "reconstructed_featural": {
        "eval_loss": 0.9138343930244446,
        "eval_model_preparation_time": 0.0267,
        "eval_precision": 0.41420118343195267,
        "eval_recall": 0.660377358490566,
        "eval_f1": 0.509090909090909,
        "eval_accuracy": 0.7760314341846758,
        "eval_runtime": 0.3767,
        "eval_samples_per_second": 265.445,
        "eval_steps_per_second": 34.508
    }
}
