{
    "reconstructed_featural": {
        "eval_loss": 0.9090693593025208,
        "eval_model_preparation_time": 0.0272,
        "eval_precision": 0.4093567251461988,
        "eval_recall": 0.660377358490566,
        "eval_f1": 0.5054151624548736,
        "eval_accuracy": 0.7753765553372626,
        "eval_runtime": 0.3916,
        "eval_samples_per_second": 255.35,
        "eval_steps_per_second": 33.196
    }
}