{
    "reconstructed_featural": {
        "eval_loss": 0.4315466582775116,
        "eval_model_preparation_time": 0.0285,
        "eval_precision": 0.5310734463276836,
        "eval_recall": 0.7401574803149606,
        "eval_f1": 0.618421052631579,
        "eval_accuracy": 0.8696450428396573,
        "eval_runtime": 0.3497,
        "eval_samples_per_second": 285.961,
        "eval_steps_per_second": 37.175
    },
    "reconstructed_syntactic": {
        "eval_loss": 0.42901670932769775,
        "eval_model_preparation_time": 0.0284,
        "eval_precision": 0.5406976744186046,
        "eval_recall": 0.7322834645669292,
        "eval_f1": 0.6220735785953176,
        "eval_accuracy": 0.8696450428396573,
        "eval_runtime": 0.341,
        "eval_samples_per_second": 293.224,
        "eval_steps_per_second": 38.119
    },
    "reconstructed_morphological": {
        "eval_loss": 0.42901670932769775,
        "eval_model_preparation_time": 0.0282,
        "eval_precision": 0.5406976744186046,
        "eval_recall": 0.7322834645669292,
        "eval_f1": 0.6220735785953176,
        "eval_accuracy": 0.8696450428396573,
        "eval_runtime": 0.3409,
        "eval_samples_per_second": 293.314,
        "eval_steps_per_second": 38.131
    }
}