{
    "reconstructed_featural": {
        "eval_loss": 0.5023443698883057,
        "eval_model_preparation_time": 0.0267,
        "eval_precision": 0.48148148148148145,
        "eval_recall": 0.5508474576271186,
        "eval_f1": 0.5138339920948617,
        "eval_accuracy": 0.874439461883408,
        "eval_runtime": 0.3366,
        "eval_samples_per_second": 297.071,
        "eval_steps_per_second": 38.619
    }
}