{
    "reconstructed_featural": {
        "eval_loss": 0.502707839012146,
        "eval_model_preparation_time": 0.0288,
        "eval_precision": 0.4962962962962963,
        "eval_recall": 0.5677966101694916,
        "eval_f1": 0.5296442687747036,
        "eval_accuracy": 0.8736920777279522,
        "eval_runtime": 0.3581,
        "eval_samples_per_second": 279.247,
        "eval_steps_per_second": 36.302
    }
}
