{
    "reconstructed_featural": {
        "eval_loss": 0.5028942227363586,
        "eval_model_preparation_time": 0.0276,
        "eval_precision": 0.4962962962962963,
        "eval_recall": 0.5677966101694916,
        "eval_f1": 0.5296442687747036,
        "eval_accuracy": 0.8736920777279522,
        "eval_runtime": 0.3633,
        "eval_samples_per_second": 275.258,
        "eval_steps_per_second": 35.784
    }
}
