{
    "reconstructed_featural": {
        "eval_loss": 0.5038414001464844,
        "eval_model_preparation_time": 0.0296,
        "eval_precision": 0.48905109489051096,
        "eval_recall": 0.5677966101694916,
        "eval_f1": 0.5254901960784314,
        "eval_accuracy": 0.874439461883408,
        "eval_runtime": 0.3502,
        "eval_samples_per_second": 285.539,
        "eval_steps_per_second": 37.12
    },
    "reconstructed_syntactic": {
        "eval_loss": 0.504612386226654,
        "eval_model_preparation_time": 0.0285,
        "eval_precision": 0.48905109489051096,
        "eval_recall": 0.5677966101694916,
        "eval_f1": 0.5254901960784314,
        "eval_accuracy": 0.8714499252615845,
        "eval_runtime": 0.353,
        "eval_samples_per_second": 283.305,
        "eval_steps_per_second": 36.83
    },
    "reconstructed_morphological": {
        "eval_loss": 0.501473069190979,
        "eval_model_preparation_time": 0.0285,
        "eval_precision": 0.48148148148148145,
        "eval_recall": 0.5508474576271186,
        "eval_f1": 0.5138339920948617,
        "eval_accuracy": 0.874439461883408,
        "eval_runtime": 0.3506,
        "eval_samples_per_second": 285.253,
        "eval_steps_per_second": 37.083
    }
}
