{
    "reconstructed_syntactic": {
        "eval_loss": 0.31581738591194153,
        "eval_model_preparation_time": 0.0331,
        "eval_precision": 0.7263763896241398,
        "eval_recall": 0.7997814207650273,
        "eval_f1": 0.7613135901792835,
        "eval_accuracy": 0.9127843945929963,
        "eval_runtime": 34.6292,
        "eval_samples_per_second": 288.773,
        "eval_steps_per_second": 36.097
    },
    "reconstructed_morphological": {
        "eval_loss": 0.3154074549674988,
        "eval_model_preparation_time": 0.0288,
        "eval_precision": 0.728309896524277,
        "eval_recall": 0.8,
        "eval_f1": 0.7624735252248186,
        "eval_accuracy": 0.9129815091392918,
        "eval_runtime": 29.772,
        "eval_samples_per_second": 335.886,
        "eval_steps_per_second": 41.986
    }
}