{
    "reconstructed_featural": {
        "eval_loss": 0.3145533800125122,
        "eval_model_preparation_time": 0.0274,
        "eval_precision": 0.7298930729893073,
        "eval_recall": 0.8007285974499089,
        "eval_f1": 0.7636717392814953,
        "eval_accuracy": 0.9134060635466972,
        "eval_runtime": 29.0252,
        "eval_samples_per_second": 344.528,
        "eval_steps_per_second": 43.066
    }
}