{
    "reconstructed_featural": {
        "eval_loss": 0.3153238892555237,
        "eval_model_preparation_time": 0.0275,
        "eval_precision": 0.7363121040346782,
        "eval_recall": 0.8044444444444444,
        "eval_f1": 0.7688718662952645,
        "eval_accuracy": 0.9137396420096586,
        "eval_runtime": 33.0591,
        "eval_samples_per_second": 302.489,
        "eval_steps_per_second": 37.811
    },
    "reconstructed_syntactic": {
        "eval_loss": 0.31366539001464844,
        "eval_model_preparation_time": 0.0286,
        "eval_precision": 0.7449875947160196,
        "eval_recall": 0.809471766848816,
        "eval_f1": 0.7758921712410084,
        "eval_accuracy": 0.914854097329098,
        "eval_runtime": 33.1058,
        "eval_samples_per_second": 302.062,
        "eval_steps_per_second": 37.758
    },
    "reconstructed_morphological": {
        "eval_loss": 0.32932645082473755,
        "eval_model_preparation_time": 0.0279,
        "eval_precision": 0.7444182124789207,
        "eval_recall": 0.8040801457194899,
        "eval_f1": 0.7730998248686514,
        "eval_accuracy": 0.911556219343002,
        "eval_runtime": 33.0973,
        "eval_samples_per_second": 302.139,
        "eval_steps_per_second": 37.767
    }
}