{
    "reconstructed_featural": {
        "eval_loss": 0.3136354386806488,
        "eval_model_preparation_time": 0.0269,
        "eval_precision": 0.7309276980329612,
        "eval_recall": 0.801384335154827,
        "eval_f1": 0.7645361971292531,
        "eval_accuracy": 0.9138381992828063,
        "eval_runtime": 29.9452,
        "eval_samples_per_second": 333.943,
        "eval_steps_per_second": 41.743
    }
}