{
    "reconstructed_featural": {
        "eval_loss": 0.6888854503631592,
        "eval_model_preparation_time": 0.0273,
        "eval_accuracy": 0.9060530178741041,
        "eval_precision_macro": 0.7308223679477321,
        "eval_recall_macro": 0.7243820297514707,
        "eval_f1_macro": 0.7215307429801816,
        "eval_precision_micro": 0.9060530178741041,
        "eval_recall_micro": 0.9060530178741041,
        "eval_f1_micro": 0.9060530178741041,
        "eval_runtime": 4.523,
        "eval_samples_per_second": 193.454,
        "eval_steps_per_second": 24.32
    }
}
