{
    "reconstructed_featural": {
        "eval_loss": 2.0953006744384766,
        "eval_model_preparation_time": 0.0285,
        "eval_accuracy": 0.644489247311828,
        "eval_precision_macro": 0.4117827279330667,
        "eval_recall_macro": 0.381836808157954,
        "eval_f1_macro": 0.3708187847222789,
        "eval_precision_micro": 0.644489247311828,
        "eval_recall_micro": 0.644489247311828,
        "eval_f1_micro": 0.644489247311828,
        "eval_runtime": 0.3398,
        "eval_samples_per_second": 311.91,
        "eval_steps_per_second": 41.196
    },
    "reconstructed_syntactic": {
        "eval_loss": 2.0499420166015625,
        "eval_model_preparation_time": 0.0276,
        "eval_accuracy": 0.6532258064516129,
        "eval_precision_macro": 0.41622645773659694,
        "eval_recall_macro": 0.36916197853667876,
        "eval_f1_macro": 0.3694352362068019,
        "eval_precision_micro": 0.6532258064516129,
        "eval_recall_micro": 0.6532258064516129,
        "eval_f1_micro": 0.6532258064516129,
        "eval_runtime": 0.3446,
        "eval_samples_per_second": 307.616,
        "eval_steps_per_second": 40.629
    },
    "reconstructed_morphological": {
        "eval_loss": 2.0530643463134766,
        "eval_model_preparation_time": 0.0284,
        "eval_accuracy": 0.6538978494623656,
        "eval_precision_macro": 0.4414857040792091,
        "eval_recall_macro": 0.3875771507455281,
        "eval_f1_macro": 0.39040959019899046,
        "eval_precision_micro": 0.6538978494623656,
        "eval_recall_micro": 0.6538978494623656,
        "eval_f1_micro": 0.6538978494623656,
        "eval_runtime": 0.3502,
        "eval_samples_per_second": 302.692,
        "eval_steps_per_second": 39.978
    }
}
