{
    "reconstructed_featural": {
        "eval_loss": 2.006770610809326,
        "eval_model_preparation_time": 0.0272,
        "eval_accuracy": 0.6498655913978495,
        "eval_precision_macro": 0.41139050212276973,
        "eval_recall_macro": 0.36623352999542175,
        "eval_f1_macro": 0.36659944602353184,
        "eval_precision_micro": 0.6498655913978495,
        "eval_recall_micro": 0.6498655913978495,
        "eval_f1_micro": 0.6498655913978495,
        "eval_runtime": 0.5779,
        "eval_samples_per_second": 183.437,
        "eval_steps_per_second": 24.228
    }
}
