{
    "reconstructed_featural": {
        "eval_loss": 1.6332876682281494,
        "eval_model_preparation_time": 0.0279,
        "eval_precision": 0.2642857142857143,
        "eval_recall": 0.3394495412844037,
        "eval_f1": 0.29718875502008035,
        "eval_accuracy": 0.582109479305741,
        "eval_runtime": 0.3335,
        "eval_samples_per_second": 299.815,
        "eval_steps_per_second": 38.976
    },
    "reconstructed_syntactic": {
        "eval_loss": 1.6332876682281494,
        "eval_model_preparation_time": 0.0282,
        "eval_precision": 0.2642857142857143,
        "eval_recall": 0.3394495412844037,
        "eval_f1": 0.29718875502008035,
        "eval_accuracy": 0.582109479305741,
        "eval_runtime": 0.3373,
        "eval_samples_per_second": 296.454,
        "eval_steps_per_second": 38.539
    },
    "reconstructed_morphological": {
        "eval_loss": 1.6332876682281494,
        "eval_model_preparation_time": 0.0282,
        "eval_precision": 0.2642857142857143,
        "eval_recall": 0.3394495412844037,
        "eval_f1": 0.29718875502008035,
        "eval_accuracy": 0.582109479305741,
        "eval_runtime": 0.3457,
        "eval_samples_per_second": 289.247,
        "eval_steps_per_second": 37.602
    }
}
