{
    "reconstructed_featural": {
        "eval_loss": 0.9012619256973267,
        "eval_model_preparation_time": 0.028,
        "eval_precision": 0.2893081761006289,
        "eval_recall": 0.39316239316239315,
        "eval_f1": 0.3333333333333333,
        "eval_accuracy": 0.7203663793103449,
        "eval_runtime": 0.3841,
        "eval_samples_per_second": 260.37,
        "eval_steps_per_second": 33.848
    }
}