{
    "reconstructed_featural": {
        "eval_loss": 0.9141809344291687,
        "eval_model_preparation_time": 0.0281,
        "eval_precision": 0.2893081761006289,
        "eval_recall": 0.39316239316239315,
        "eval_f1": 0.3333333333333333,
        "eval_accuracy": 0.7198275862068966,
        "eval_runtime": 0.3431,
        "eval_samples_per_second": 291.423,
        "eval_steps_per_second": 37.885
    },
    "reconstructed_syntactic": {
        "eval_loss": 0.9187849164009094,
        "eval_model_preparation_time": 0.0279,
        "eval_precision": 0.3018867924528302,
        "eval_recall": 0.41025641025641024,
        "eval_f1": 0.34782608695652173,
        "eval_accuracy": 0.7209051724137931,
        "eval_runtime": 0.3361,
        "eval_samples_per_second": 297.573,
        "eval_steps_per_second": 38.684
    },
    "reconstructed_morphological": {
        "eval_loss": 0.8729522824287415,
        "eval_model_preparation_time": 0.0282,
        "eval_precision": 0.3,
        "eval_recall": 0.41025641025641024,
        "eval_f1": 0.3465703971119134,
        "eval_accuracy": 0.7365301724137931,
        "eval_runtime": 0.3391,
        "eval_samples_per_second": 294.883,
        "eval_steps_per_second": 38.335
    }
}
