{
    "reconstructed_featural": {
        "eval_loss": 1.5519415140151978,
        "eval_model_preparation_time": 0.0278,
        "eval_precision": 0.38596491228070173,
        "eval_recall": 0.42718446601941745,
        "eval_f1": 0.4055299539170507,
        "eval_accuracy": 0.6709241172051089,
        "eval_runtime": 0.3779,
        "eval_samples_per_second": 264.593,
        "eval_steps_per_second": 34.397
    }
}