{
    "reconstructed_featural": {
        "eval_loss": 4.528494358062744,
        "eval_model_preparation_time": 0.0272,
        "eval_accuracy": 0.4454297884225962,
        "eval_precision_macro": 0.4683044868821551,
        "eval_recall_macro": 0.4901296025381435,
        "eval_f1_macro": 0.4441434804288396,
        "eval_precision_micro": 0.4454297884225962,
        "eval_recall_micro": 0.4454297884225962,
        "eval_f1_micro": 0.4454297884225962,
        "eval_runtime": 5.0868,
        "eval_samples_per_second": 191.084,
        "eval_steps_per_second": 23.984
    }
}
