{
    "reconstructed_featural": {
        "eval_loss": 4.523128032684326,
        "eval_model_preparation_time": 0.0285,
        "eval_accuracy": 0.4454297884225962,
        "eval_precision_macro": 0.46776513803506287,
        "eval_recall_macro": 0.4896421875775972,
        "eval_f1_macro": 0.4438085272088418,
        "eval_precision_micro": 0.4454297884225962,
        "eval_recall_micro": 0.4454297884225962,
        "eval_f1_micro": 0.4454297884225962,
        "eval_runtime": 5.327,
        "eval_samples_per_second": 182.467,
        "eval_steps_per_second": 22.902
    },
    "baseline_en": {
        "eval_loss": 4.732677936553955,
        "eval_model_preparation_time": 0.0265,
        "eval_accuracy": 0.4496194399832414,
        "eval_precision_macro": 0.4776171547208015,
        "eval_recall_macro": 0.4920391631075691,
        "eval_f1_macro": 0.4554604324363226,
        "eval_precision_micro": 0.4496194399832414,
        "eval_recall_micro": 0.4496194399832414,
        "eval_f1_micro": 0.4496194399832414,
        "eval_runtime": 5.2799,
        "eval_samples_per_second": 184.095,
        "eval_steps_per_second": 23.107
    },
    "baseline_task_adapter": {
        "eval_loss": 4.342642784118652,
        "eval_model_preparation_time": 0.0261,
        "eval_accuracy": 0.4451504783185532,
        "eval_precision_macro": 0.4727618359443329,
        "eval_recall_macro": 0.4871814905573422,
        "eval_f1_macro": 0.44675376712014514,
        "eval_precision_micro": 0.4451504783185532,
        "eval_recall_micro": 0.4451504783185532,
        "eval_f1_micro": 0.4451504783185532,
        "eval_runtime": 4.8261,
        "eval_samples_per_second": 201.406,
        "eval_steps_per_second": 25.279
    },
    "baseline_avg_adapter": {
        "eval_loss": 4.023480415344238,
        "eval_model_preparation_time": 0.0278,
        "eval_accuracy": 0.416870330284198,
        "eval_precision_macro": 0.4646494296752033,
        "eval_recall_macro": 0.46204401081679425,
        "eval_f1_macro": 0.4266578144359143,
        "eval_precision_micro": 0.416870330284198,
        "eval_recall_micro": 0.416870330284198,
        "eval_f1_micro": 0.416870330284198,
        "eval_runtime": 5.3104,
        "eval_samples_per_second": 183.038,
        "eval_steps_per_second": 22.974
    },
    "baseline_closest_featural": {
        "eval_loss": 4.269728183746338,
        "eval_model_preparation_time": 0.0269,
        "eval_accuracy": 0.43949444871168214,
        "eval_precision_macro": 0.4564122036376743,
        "eval_recall_macro": 0.4852107193155198,
        "eval_f1_macro": 0.4311076668120916,
        "eval_precision_micro": 0.43949444871168214,
        "eval_recall_micro": 0.43949444871168214,
        "eval_f1_micro": 0.43949444871168214,
        "eval_runtime": 5.2843,
        "eval_samples_per_second": 183.942,
        "eval_steps_per_second": 23.087
    },
    "no_train_gain": {
        "eval_loss": 4.503513336181641,
        "eval_model_preparation_time": 0.0275,
        "eval_accuracy": 0.44717547657286505,
        "eval_precision_macro": 0.4701398200799249,
        "eval_recall_macro": 0.4917361796387023,
        "eval_f1_macro": 0.4483311338109406,
        "eval_precision_micro": 0.44717547657286505,
        "eval_recall_micro": 0.44717547657286505,
        "eval_f1_micro": 0.44717547657286505,
        "eval_runtime": 5.2937,
        "eval_samples_per_second": 183.614,
        "eval_steps_per_second": 23.046
    }
}