{
    "reconstructed_featural": {
        "eval_loss": 0.3514501452445984,
        "eval_model_preparation_time": 0.0287,
        "eval_precision": 0.7020865999276323,
        "eval_recall": 0.7815520945220193,
        "eval_f1": 0.7396912129106042,
        "eval_accuracy": 0.9056470540764104,
        "eval_runtime": 31.4119,
        "eval_samples_per_second": 318.35,
        "eval_steps_per_second": 39.794
    },
    "reconstructed_syntactic": {
        "eval_loss": 0.35057592391967773,
        "eval_model_preparation_time": 0.028,
        "eval_precision": 0.7045605557233464,
        "eval_recall": 0.7830290010741139,
        "eval_f1": 0.741725223363327,
        "eval_accuracy": 0.9059967585089141,
        "eval_runtime": 31.3576,
        "eval_samples_per_second": 318.902,
        "eval_steps_per_second": 39.863
    },
    "reconstructed_morphological": {
        "eval_loss": 0.3526338040828705,
        "eval_model_preparation_time": 0.0286,
        "eval_precision": 0.7016794076927707,
        "eval_recall": 0.7825590762620838,
        "eval_f1": 0.7399155796756482,
        "eval_accuracy": 0.9060505591908378,
        "eval_runtime": 32.1827,
        "eval_samples_per_second": 310.726,
        "eval_steps_per_second": 38.841
    }
}