{
    "reconstructed_featural": {
        "eval_loss": 1.3628984689712524,
        "eval_model_preparation_time": 0.0327,
        "eval_accuracy": 0.8381603210760387,
        "eval_precision_macro": 0.7300699467336317,
        "eval_recall_macro": 0.6952945632794514,
        "eval_f1_macro": 0.664370051028099,
        "eval_precision_micro": 0.8381603210760387,
        "eval_recall_micro": 0.8381603210760387,
        "eval_f1_micro": 0.8381603210760387,
        "eval_runtime": 3.3726,
        "eval_samples_per_second": 296.51,
        "eval_steps_per_second": 37.064
    },
    "reconstructed_syntactic": {
        "eval_loss": 1.350448727607727,
        "eval_model_preparation_time": 0.0346,
        "eval_accuracy": 0.839461980692049,
        "eval_precision_macro": 0.7327164976456492,
        "eval_recall_macro": 0.695078739874989,
        "eval_f1_macro": 0.6623855465414441,
        "eval_precision_micro": 0.839461980692049,
        "eval_recall_micro": 0.839461980692049,
        "eval_f1_micro": 0.839461980692049,
        "eval_runtime": 3.3379,
        "eval_samples_per_second": 299.588,
        "eval_steps_per_second": 37.449
    },
    "reconstructed_morphological": {
        "eval_loss": 1.345278024673462,
        "eval_model_preparation_time": 0.029,
        "eval_accuracy": 0.8419025924720686,
        "eval_precision_macro": 0.7351736896711765,
        "eval_recall_macro": 0.7015310728991265,
        "eval_f1_macro": 0.6707468204971199,
        "eval_precision_micro": 0.8419025924720686,
        "eval_recall_micro": 0.8419025924720686,
        "eval_f1_micro": 0.8419025924720686,
        "eval_runtime": 2.7409,
        "eval_samples_per_second": 364.842,
        "eval_steps_per_second": 45.605
    }
}