{
    "reconstructed_featural": {
        "eval_loss": 1.3486900329589844,
        "eval_model_preparation_time": 0.0282,
        "eval_accuracy": 0.8411975268467295,
        "eval_precision_macro": 0.7348150340411898,
        "eval_recall_macro": 0.7017049898471818,
        "eval_f1_macro": 0.6703389244782578,
        "eval_precision_micro": 0.8411975268467295,
        "eval_recall_micro": 0.8411975268467295,
        "eval_f1_micro": 0.8411975268467295,
        "eval_runtime": 3.0371,
        "eval_samples_per_second": 329.259,
        "eval_steps_per_second": 41.157
    },
    "reconstructed_syntactic": {
        "eval_loss": 1.3498985767364502,
        "eval_model_preparation_time": 0.0281,
        "eval_accuracy": 0.841089055212062,
        "eval_precision_macro": 0.7346018005700623,
        "eval_recall_macro": 0.7016667397142644,
        "eval_f1_macro": 0.6701900527179137,
        "eval_precision_micro": 0.841089055212062,
        "eval_recall_micro": 0.841089055212062,
        "eval_f1_micro": 0.841089055212062,
        "eval_runtime": 3.0205,
        "eval_samples_per_second": 331.076,
        "eval_steps_per_second": 41.384
    },
    "reconstructed_morphological": {
        "eval_loss": 1.3525669574737549,
        "eval_model_preparation_time": 0.0273,
        "eval_accuracy": 0.8404924612213907,
        "eval_precision_macro": 0.7338019183127216,
        "eval_recall_macro": 0.7009284035408021,
        "eval_f1_macro": 0.6695553048861878,
        "eval_precision_micro": 0.8404924612213907,
        "eval_recall_micro": 0.8404924612213907,
        "eval_f1_micro": 0.8404924612213907,
        "eval_runtime": 3.0063,
        "eval_samples_per_second": 332.636,
        "eval_steps_per_second": 41.58
    }
}