{
    "reconstructed_featural": {
        "eval_loss": 1.3426340818405151,
        "eval_model_preparation_time": 0.028,
        "eval_accuracy": 0.8414687059333984,
        "eval_precision_macro": 0.7341346838329436,
        "eval_recall_macro": 0.7027275125395073,
        "eval_f1_macro": 0.6700318354880632,
        "eval_precision_micro": 0.8414687059333984,
        "eval_recall_micro": 0.8414687059333984,
        "eval_f1_micro": 0.8414687059333984,
        "eval_runtime": 5.4492,
        "eval_samples_per_second": 183.512,
        "eval_steps_per_second": 22.939
    },
    "baseline_en": {
        "eval_loss": 1.360702633857727,
        "eval_model_preparation_time": 0.0263,
        "eval_accuracy": 0.8387026792493762,
        "eval_precision_macro": 0.7293599372490505,
        "eval_recall_macro": 0.7020553984093745,
        "eval_f1_macro": 0.6697375870123282,
        "eval_precision_micro": 0.8387026792493762,
        "eval_recall_micro": 0.8387026792493762,
        "eval_f1_micro": 0.8387026792493762,
        "eval_runtime": 5.4221,
        "eval_samples_per_second": 184.43,
        "eval_steps_per_second": 23.054
    },
    "baseline_task_adapter": {
        "eval_loss": 1.2925382852554321,
        "eval_model_preparation_time": 0.0266,
        "eval_accuracy": 0.8431500162707452,
        "eval_precision_macro": 0.7368345839921262,
        "eval_recall_macro": 0.7023847986721986,
        "eval_f1_macro": 0.6685865300133671,
        "eval_precision_micro": 0.8431500162707452,
        "eval_recall_micro": 0.8431500162707452,
        "eval_f1_micro": 0.8431500162707452,
        "eval_runtime": 4.9624,
        "eval_samples_per_second": 201.514,
        "eval_steps_per_second": 25.189
    },
    "baseline_avg_adapter": {
        "eval_loss": 1.2268708944320679,
        "eval_model_preparation_time": 0.0289,
        "eval_accuracy": 0.8297537693893047,
        "eval_precision_macro": 0.675725225133363,
        "eval_recall_macro": 0.6440107157333007,
        "eval_f1_macro": 0.6090588852282148,
        "eval_precision_micro": 0.8297537693893047,
        "eval_recall_micro": 0.8297537693893047,
        "eval_f1_micro": 0.8297537693893047,
        "eval_runtime": 5.4343,
        "eval_samples_per_second": 184.018,
        "eval_steps_per_second": 23.002
    },
    "baseline_closest_featural": {
        "eval_loss": 1.2967172861099243,
        "eval_model_preparation_time": 0.0269,
        "eval_accuracy": 0.8369671330946957,
        "eval_precision_macro": 0.6934311402002837,
        "eval_recall_macro": 0.6512744117306357,
        "eval_f1_macro": 0.6175624245640017,
        "eval_precision_micro": 0.8369671330946957,
        "eval_recall_micro": 0.8369671330946957,
        "eval_f1_micro": 0.8369671330946957,
        "eval_runtime": 5.4328,
        "eval_samples_per_second": 184.068,
        "eval_steps_per_second": 23.008
    },
    "no_train_gain": {
        "eval_loss": 1.3413676023483276,
        "eval_model_preparation_time": 0.0277,
        "eval_accuracy": 0.8421195357414036,
        "eval_precision_macro": 0.7334572653886708,
        "eval_recall_macro": 0.7055686893801654,
        "eval_f1_macro": 0.6721868769960313,
        "eval_precision_micro": 0.8421195357414036,
        "eval_recall_micro": 0.8421195357414036,
        "eval_f1_micro": 0.8421195357414036,
        "eval_runtime": 5.4357,
        "eval_samples_per_second": 183.971,
        "eval_steps_per_second": 22.996
    }
}