{
    "reconstructed_featural": {
        "eval_loss": 1.3486442565917969,
        "eval_model_preparation_time": 0.0284,
        "eval_accuracy": 0.8411975268467295,
        "eval_precision_macro": 0.7348282746823764,
        "eval_recall_macro": 0.7017126385791653,
        "eval_f1_macro": 0.6703050573050577,
        "eval_precision_micro": 0.8411975268467295,
        "eval_recall_micro": 0.8411975268467295,
        "eval_f1_micro": 0.8411975268467295,
        "eval_runtime": 5.2561,
        "eval_samples_per_second": 190.256,
        "eval_steps_per_second": 23.782
    }
}
