{
    "reconstructed_featural": {
        "eval_loss": 0.8720887899398804,
        "eval_model_preparation_time": 0.027,
        "eval_precision": 0.5,
        "eval_recall": 0.4956521739130435,
        "eval_f1": 0.4978165938864629,
        "eval_accuracy": 0.7554240631163708,
        "eval_runtime": 0.3315,
        "eval_samples_per_second": 301.662,
        "eval_steps_per_second": 39.216
    }
}
