{
    "reconstructed_featural": {
        "eval_loss": 0.8523377776145935,
        "eval_model_preparation_time": 0.0285,
        "eval_precision": 0.5087719298245614,
        "eval_recall": 0.5043478260869565,
        "eval_f1": 0.5065502183406113,
        "eval_accuracy": 0.757396449704142,
        "eval_runtime": 0.3183,
        "eval_samples_per_second": 314.21,
        "eval_steps_per_second": 40.847
    }
}
