{
    "reconstructed_featural": {
        "eval_loss": 0.8702697157859802,
        "eval_model_preparation_time": 0.0279,
        "eval_precision": 0.5454545454545454,
        "eval_recall": 0.5217391304347826,
        "eval_f1": 0.5333333333333332,
        "eval_accuracy": 0.7603550295857988,
        "eval_runtime": 0.3251,
        "eval_samples_per_second": 307.592,
        "eval_steps_per_second": 39.987
    },
    "reconstructed_syntactic": {
        "eval_loss": 1.002303957939148,
        "eval_model_preparation_time": 0.0279,
        "eval_precision": 0.5504587155963303,
        "eval_recall": 0.5217391304347826,
        "eval_f1": 0.5357142857142858,
        "eval_accuracy": 0.752465483234714,
        "eval_runtime": 0.3252,
        "eval_samples_per_second": 307.53,
        "eval_steps_per_second": 39.979
    },
    "reconstructed_morphological": {
        "eval_loss": 0.88625168800354,
        "eval_model_preparation_time": 0.0283,
        "eval_precision": 0.48717948717948717,
        "eval_recall": 0.4956521739130435,
        "eval_f1": 0.49137931034482757,
        "eval_accuracy": 0.7485207100591716,
        "eval_runtime": 0.3264,
        "eval_samples_per_second": 306.389,
        "eval_steps_per_second": 39.831
    }
}