{
    "reconstructed_featural": {
        "eval_loss": 0.5396859645843506,
        "eval_model_preparation_time": 0.0267,
        "eval_precision": 0.7044596672724731,
        "eval_recall": 0.785931529283319,
        "eval_f1": 0.7429687787975966,
        "eval_accuracy": 0.8632734927317499,
        "eval_runtime": 28.6229,
        "eval_samples_per_second": 349.371,
        "eval_steps_per_second": 43.671
    }
}