{
    "reconstructed_syntactic": {
        "eval_loss": 0.5408151149749756,
        "eval_model_preparation_time": 0.0283,
        "eval_precision": 0.6999094644473849,
        "eval_recall": 0.783747952897138,
        "eval_f1": 0.7394599367228312,
        "eval_accuracy": 0.8627075224402256,
        "eval_runtime": 28.4121,
        "eval_samples_per_second": 351.962,
        "eval_steps_per_second": 43.995
    },
    "reconstructed_morphological": {
        "eval_loss": 0.5406853556632996,
        "eval_model_preparation_time": 0.0283,
        "eval_precision": 0.7014998256016742,
        "eval_recall": 0.7842158621227482,
        "eval_f1": 0.7405552691656234,
        "eval_accuracy": 0.8628564619906267,
        "eval_runtime": 28.3936,
        "eval_samples_per_second": 352.192,
        "eval_steps_per_second": 44.024
    }
}
