{
    "reconstructed_featural": {
        "eval_loss": 1.3469874858856201,
        "eval_model_preparation_time": 0.0278,
        "eval_accuracy": 0.8506412575885498,
        "eval_precision_macro": 0.6871069864807763,
        "eval_recall_macro": 0.7627098557106675,
        "eval_f1_macro": 0.7132303806808916,
        "eval_precision_micro": 0.8506412575885498,
        "eval_recall_micro": 0.8506412575885498,
        "eval_f1_micro": 0.8506412575885498,
        "eval_runtime": 5.4554,
        "eval_samples_per_second": 183.303,
        "eval_steps_per_second": 22.913
    },
    "baseline_en": {
        "eval_loss": 1.4953513145446777,
        "eval_model_preparation_time": 0.027,
        "eval_accuracy": 0.8442889880593415,
        "eval_precision_macro": 0.6858565200939568,
        "eval_recall_macro": 0.7599091015029895,
        "eval_f1_macro": 0.7107876690521724,
        "eval_precision_micro": 0.8442889880593415,
        "eval_recall_micro": 0.8442889880593415,
        "eval_f1_micro": 0.8442889880593415,
        "eval_runtime": 5.4334,
        "eval_samples_per_second": 184.047,
        "eval_steps_per_second": 23.006
    },
    "baseline_task_adapter": {
        "eval_loss": 1.2527729272842407,
        "eval_model_preparation_time": 0.0267,
        "eval_accuracy": 0.8515257508141358,
        "eval_precision_macro": 0.6858659492103742,
        "eval_recall_macro": 0.7637857338854078,
        "eval_f1_macro": 0.7131852195471281,
        "eval_precision_micro": 0.8515257508141358,
        "eval_recall_micro": 0.8515257508141358,
        "eval_f1_micro": 0.8515257508141358,
        "eval_runtime": 5.689,
        "eval_samples_per_second": 175.777,
        "eval_steps_per_second": 21.972
    },
    "baseline_avg_adapter": {
        "eval_loss": 1.1576664447784424,
        "eval_model_preparation_time": 0.0285,
        "eval_accuracy": 0.845655932135247,
        "eval_precision_macro": 0.6714187211315863,
        "eval_recall_macro": 0.761524464196524,
        "eval_f1_macro": 0.6993655917129267,
        "eval_precision_micro": 0.845655932135247,
        "eval_recall_micro": 0.845655932135247,
        "eval_f1_micro": 0.845655932135247,
        "eval_runtime": 5.446,
        "eval_samples_per_second": 183.622,
        "eval_steps_per_second": 22.953
    },
    "baseline_closest_featural": {
        "eval_loss": 1.4307360649108887,
        "eval_model_preparation_time": 0.0264,
        "eval_accuracy": 0.8391026414184055,
        "eval_precision_macro": 0.6734624703443197,
        "eval_recall_macro": 0.7563532095157475,
        "eval_f1_macro": 0.6976537664608687,
        "eval_precision_micro": 0.8391026414184055,
        "eval_recall_micro": 0.8391026414184055,
        "eval_f1_micro": 0.8391026414184055,
        "eval_runtime": 5.4413,
        "eval_samples_per_second": 183.78,
        "eval_steps_per_second": 22.972
    },
    "no_train_gain": {
        "eval_loss": 1.459578037261963,
        "eval_model_preparation_time": 0.0278,
        "eval_accuracy": 0.8465806295983597,
        "eval_precision_macro": 0.6864945976340987,
        "eval_recall_macro": 0.7600407412023052,
        "eval_f1_macro": 0.7111048612720067,
        "eval_precision_micro": 0.8465806295983597,
        "eval_recall_micro": 0.8465806295983597,
        "eval_f1_micro": 0.8465806295983597,
        "eval_runtime": 5.4478,
        "eval_samples_per_second": 183.562,
        "eval_steps_per_second": 22.945
    }
}
