{
    "reconstructed_featural": {
        "eval_loss": 1.363882303237915,
        "eval_model_preparation_time": 0.0276,
        "eval_accuracy": 0.85040003216339,
        "eval_precision_macro": 0.6873940815779735,
        "eval_recall_macro": 0.7626668023261376,
        "eval_f1_macro": 0.7133298384013024,
        "eval_precision_micro": 0.85040003216339,
        "eval_recall_micro": 0.85040003216339,
        "eval_f1_micro": 0.85040003216339,
        "eval_runtime": 3.0422,
        "eval_samples_per_second": 328.712,
        "eval_steps_per_second": 41.089
    },
    "reconstructed_syntactic": {
        "eval_loss": 1.368751883506775,
        "eval_model_preparation_time": 0.0275,
        "eval_accuracy": 0.8497165601254372,
        "eval_precision_macro": 0.6868315530114627,
        "eval_recall_macro": 0.7624232960605195,
        "eval_f1_macro": 0.7129205733075549,
        "eval_precision_micro": 0.8497165601254372,
        "eval_recall_micro": 0.8497165601254372,
        "eval_f1_micro": 0.8497165601254372,
        "eval_runtime": 3.035,
        "eval_samples_per_second": 329.494,
        "eval_steps_per_second": 41.187
    },
    "reconstructed_morphological": {
        "eval_loss": 1.369968056678772,
        "eval_model_preparation_time": 0.0323,
        "eval_accuracy": 0.8495959474128573,
        "eval_precision_macro": 0.6868507874305142,
        "eval_recall_macro": 0.7621014165046899,
        "eval_f1_macro": 0.7127302206402526,
        "eval_precision_micro": 0.8495959474128573,
        "eval_recall_micro": 0.8495959474128573,
        "eval_f1_micro": 0.8495959474128573,
        "eval_runtime": 3.6604,
        "eval_samples_per_second": 273.191,
        "eval_steps_per_second": 34.149
    }
}
