{
    "reconstructed_syntactic": {
        "eval_loss": 0.8476390242576599,
        "eval_model_preparation_time": 0.0282,
        "eval_precision": 0.5069444444444444,
        "eval_recall": 0.6403508771929824,
        "eval_f1": 0.565891472868217,
        "eval_accuracy": 0.7379110251450677,
        "eval_runtime": 0.3242,
        "eval_samples_per_second": 308.464,
        "eval_steps_per_second": 40.1
    },
    "reconstructed_morphological": {
        "eval_loss": 0.84531569480896,
        "eval_model_preparation_time": 0.0289,
        "eval_precision": 0.503448275862069,
        "eval_recall": 0.6403508771929824,
        "eval_f1": 0.5637065637065637,
        "eval_accuracy": 0.7437137330754352,
        "eval_runtime": 0.325,
        "eval_samples_per_second": 307.648,
        "eval_steps_per_second": 39.994
    }
}
