{
    "reconstructed_featural": {
        "eval_loss": 0.8222997188568115,
        "eval_model_preparation_time": 0.0269,
        "eval_precision": 0.5241379310344828,
        "eval_recall": 0.6666666666666666,
        "eval_f1": 0.5868725868725868,
        "eval_accuracy": 0.746615087040619,
        "eval_runtime": 0.3337,
        "eval_samples_per_second": 299.668,
        "eval_steps_per_second": 38.957
    }
}
