{
    "reconstructed_featural": {
        "eval_loss": 0.5218967199325562,
        "eval_model_preparation_time": 0.0283,
        "eval_precision": 0.41228070175438597,
        "eval_recall": 0.7768595041322314,
        "eval_f1": 0.5386819484240687,
        "eval_accuracy": 0.8529529931699478,
        "eval_runtime": 0.4152,
        "eval_samples_per_second": 240.829,
        "eval_steps_per_second": 31.308
    },
    "baseline_en": {
        "eval_loss": 0.6788622140884399,
        "eval_model_preparation_time": 0.0265,
        "eval_precision": 0.41346153846153844,
        "eval_recall": 0.7107438016528925,
        "eval_f1": 0.5227963525835866,
        "eval_accuracy": 0.8272398553635998,
        "eval_runtime": 0.4118,
        "eval_samples_per_second": 242.82,
        "eval_steps_per_second": 31.567
    },
    "baseline_task_adapter": {
        "eval_loss": 0.44298458099365234,
        "eval_model_preparation_time": 0.0268,
        "eval_precision": 0.3888888888888889,
        "eval_recall": 0.6942148760330579,
        "eval_f1": 0.49851632047477745,
        "eval_accuracy": 0.8666130976295701,
        "eval_runtime": 0.3759,
        "eval_samples_per_second": 266.009,
        "eval_steps_per_second": 34.581
    },
    "baseline_avg_adapter": {
        "eval_loss": 0.33105382323265076,
        "eval_model_preparation_time": 0.0293,
        "eval_precision": 0.43870967741935485,
        "eval_recall": 0.5619834710743802,
        "eval_f1": 0.49275362318840576,
        "eval_accuracy": 0.8983527521092808,
        "eval_runtime": 0.4123,
        "eval_samples_per_second": 242.561,
        "eval_steps_per_second": 31.533
    },
    "baseline_closest_featural": {
        "eval_loss": 0.4590224027633667,
        "eval_model_preparation_time": 0.0269,
        "eval_precision": 0.3891625615763547,
        "eval_recall": 0.6528925619834711,
        "eval_f1": 0.4876543209876544,
        "eval_accuracy": 0.8722378465247087,
        "eval_runtime": 0.4128,
        "eval_samples_per_second": 242.268,
        "eval_steps_per_second": 31.495
    },
    "no_train_gain": {
        "eval_loss": 0.5559021234512329,
        "eval_model_preparation_time": 0.028,
        "eval_precision": 0.38961038961038963,
        "eval_recall": 0.743801652892562,
        "eval_f1": 0.5113636363636364,
        "eval_accuracy": 0.8425070309361189,
        "eval_runtime": 0.4121,
        "eval_samples_per_second": 242.666,
        "eval_steps_per_second": 31.547
    }
}