{
    "reconstructed_featural": {
        "eval_loss": 0.5389528274536133,
        "eval_model_preparation_time": 0.0269,
        "eval_precision": 0.42081447963800905,
        "eval_recall": 0.768595041322314,
        "eval_f1": 0.543859649122807,
        "eval_accuracy": 0.8541582965046204,
        "eval_runtime": 0.4314,
        "eval_samples_per_second": 231.791,
        "eval_steps_per_second": 30.133
    }
}