{
    "reconstructed_featural": {
        "eval_loss": 0.5319452285766602,
        "eval_model_preparation_time": 0.0277,
        "eval_precision": 0.41150442477876104,
        "eval_recall": 0.768595041322314,
        "eval_f1": 0.5360230547550432,
        "eval_accuracy": 0.8541582965046204,
        "eval_runtime": 1.4747,
        "eval_samples_per_second": 67.813,
        "eval_steps_per_second": 8.816
    }
}