{
    "reconstructed_featural": {
        "eval_loss": 0.6803336143493652,
        "eval_model_preparation_time": 0.0276,
        "eval_accuracy": 0.8958161299201761,
        "eval_precision_macro": 0.6799754439735214,
        "eval_recall_macro": 0.6880022787436705,
        "eval_f1_macro": 0.6625383651990416,
        "eval_precision_micro": 0.8958161299201761,
        "eval_recall_micro": 0.8958161299201761,
        "eval_f1_micro": 0.8958161299201761,
        "eval_runtime": 2.7017,
        "eval_samples_per_second": 181.739,
        "eval_steps_per_second": 22.949
    },
    "baseline_en": {
        "eval_loss": 0.6972484588623047,
        "eval_model_preparation_time": 0.0267,
        "eval_accuracy": 0.8967795210569777,
        "eval_precision_macro": 0.6902383292791419,
        "eval_recall_macro": 0.6913378594809648,
        "eval_f1_macro": 0.6670761152760027,
        "eval_precision_micro": 0.8967795210569777,
        "eval_recall_micro": 0.8967795210569777,
        "eval_f1_micro": 0.8967795210569777,
        "eval_runtime": 2.6955,
        "eval_samples_per_second": 182.154,
        "eval_steps_per_second": 23.001
    },
    "baseline_task_adapter": {
        "eval_loss": 0.6465470194816589,
        "eval_model_preparation_time": 0.0265,
        "eval_accuracy": 0.8958849435728048,
        "eval_precision_macro": 0.681121846988197,
        "eval_recall_macro": 0.6844948454919134,
        "eval_f1_macro": 0.6619346445257911,
        "eval_precision_micro": 0.8958849435728048,
        "eval_recall_micro": 0.8958849435728048,
        "eval_f1_micro": 0.8958849435728048,
        "eval_runtime": 2.457,
        "eval_samples_per_second": 199.839,
        "eval_steps_per_second": 25.234
    },
    "baseline_avg_adapter": {
        "eval_loss": 0.7115828394889832,
        "eval_model_preparation_time": 0.0287,
        "eval_accuracy": 0.873589320121112,
        "eval_precision_macro": 0.6779681123976209,
        "eval_recall_macro": 0.6743241080946493,
        "eval_f1_macro": 0.6478651034345234,
        "eval_precision_micro": 0.873589320121112,
        "eval_recall_micro": 0.873589320121112,
        "eval_f1_micro": 0.873589320121112,
        "eval_runtime": 2.6983,
        "eval_samples_per_second": 181.965,
        "eval_steps_per_second": 22.977
    },
    "baseline_closest_featural": {
        "eval_loss": 0.6501602530479431,
        "eval_model_preparation_time": 0.0267,
        "eval_accuracy": 0.8903798513625103,
        "eval_precision_macro": 0.71841093823093,
        "eval_recall_macro": 0.7355929945994129,
        "eval_f1_macro": 0.7076223636575126,
        "eval_precision_micro": 0.8903798513625103,
        "eval_recall_micro": 0.8903798513625103,
        "eval_f1_micro": 0.8903798513625103,
        "eval_runtime": 2.6967,
        "eval_samples_per_second": 182.077,
        "eval_steps_per_second": 22.991
    },
    "no_train_gain": {
        "eval_loss": 0.6706039309501648,
        "eval_model_preparation_time": 0.029,
        "eval_accuracy": 0.896917148362235,
        "eval_precision_macro": 0.6906712312660498,
        "eval_recall_macro": 0.6895484187501872,
        "eval_f1_macro": 0.6656603437058776,
        "eval_precision_micro": 0.896917148362235,
        "eval_recall_micro": 0.896917148362235,
        "eval_f1_micro": 0.896917148362235,
        "eval_runtime": 2.6907,
        "eval_samples_per_second": 182.481,
        "eval_steps_per_second": 23.042
    }
}
