{
    "reconstructed_featural": {
        "exact_match": 63.78151260504202,
        "f1": 78.3300018726719
    }
}