{
    "reconstructed_syntactic": {
        "exact_match": 64.2016806722689,
        "f1": 78.82394102099164
    },
    "reconstructed_morphological": {
        "exact_match": 64.28571428571429,
        "f1": 78.90797463443702
    }
}