{
    "reconstructed_featural": {
        "exact_match": 63.19327731092437,
        "f1": 77.98246806280734
    }
}