{
    "reconstructed_featural": {
        "exact_match": 64.28571428571429,
        "f1": 78.90797463443702
    }
}
