{
    "reconstructed_syntactic": {
        "eval_loss": 0.7013177871704102,
        "eval_model_preparation_time": 0.028,
        "eval_precision": 0.5668785310734463,
        "eval_recall": 0.659193561632586,
        "eval_f1": 0.609560694080571,
        "eval_accuracy": 0.8393870974813126,
        "eval_runtime": 30.0046,
        "eval_samples_per_second": 333.282,
        "eval_steps_per_second": 41.66
    },
    "reconstructed_morphological": {
        "eval_loss": 0.6977832317352295,
        "eval_model_preparation_time": 0.028,
        "eval_precision": 0.5676248322621654,
        "eval_recall": 0.6600147819660015,
        "eval_f1": 0.6103432563791009,
        "eval_accuracy": 0.8399351147548171,
        "eval_runtime": 29.9754,
        "eval_samples_per_second": 333.607,
        "eval_steps_per_second": 41.701
    }
}