{
    "reconstructed_featural": {
        "eval_loss": 0.6907976269721985,
        "eval_model_preparation_time": 0.0356,
        "eval_precision": 0.5704290055834335,
        "eval_recall": 0.662806931099614,
        "eval_f1": 0.6131580946592722,
        "eval_accuracy": 0.8413891872538489,
        "eval_runtime": 35.3239,
        "eval_samples_per_second": 283.095,
        "eval_steps_per_second": 35.387
    },
    "reconstructed_syntactic": {
        "eval_loss": 0.7124502658843994,
        "eval_model_preparation_time": 0.0331,
        "eval_precision": 0.5706587250939517,
        "eval_recall": 0.6609181243327584,
        "eval_f1": 0.6124809741248097,
        "eval_accuracy": 0.8386198732984064,
        "eval_runtime": 36.243,
        "eval_samples_per_second": 275.916,
        "eval_steps_per_second": 34.489
    },
    "reconstructed_morphological": {
        "eval_loss": 0.694786012172699,
        "eval_model_preparation_time": 0.0332,
        "eval_precision": 0.5721781055019852,
        "eval_recall": 0.6627248090662725,
        "eval_f1": 0.6141318823484646,
        "eval_accuracy": 0.8405781216890623,
        "eval_runtime": 35.3511,
        "eval_samples_per_second": 282.877,
        "eval_steps_per_second": 35.36
    }
}
