{
    "reconstructed_syntactic": {
        "eval_loss": 0.9039614200592041,
        "eval_model_preparation_time": 0.0279,
        "eval_accuracy": 0.8691232528589581,
        "eval_precision_macro": 0.6789618219224247,
        "eval_recall_macro": 0.6802271087704821,
        "eval_f1_macro": 0.6520594623325736,
        "eval_precision_micro": 0.8691232528589581,
        "eval_recall_micro": 0.8691232528589581,
        "eval_f1_micro": 0.8691232528589581,
        "eval_runtime": 4.7457,
        "eval_samples_per_second": 185.641,
        "eval_steps_per_second": 23.39
    },
    "reconstructed_morphological": {
        "eval_loss": 0.9049040675163269,
        "eval_model_preparation_time": 0.0278,
        "eval_accuracy": 0.8690255107027661,
        "eval_precision_macro": 0.6793170440683206,
        "eval_recall_macro": 0.6794321568228342,
        "eval_f1_macro": 0.6520263626684604,
        "eval_precision_micro": 0.8690255107027661,
        "eval_recall_micro": 0.8690255107027661,
        "eval_f1_micro": 0.8690255107027661,
        "eval_runtime": 4.7437,
        "eval_samples_per_second": 185.722,
        "eval_steps_per_second": 23.4
    }
}