{
    "reconstructed_featural": {
        "eval_loss": 0.9038306474685669,
        "eval_model_preparation_time": 0.0281,
        "eval_accuracy": 0.8691232528589581,
        "eval_precision_macro": 0.6792730696345373,
        "eval_recall_macro": 0.6802271087704821,
        "eval_f1_macro": 0.6522223665911407,
        "eval_precision_micro": 0.8691232528589581,
        "eval_recall_micro": 0.8691232528589581,
        "eval_f1_micro": 0.8691232528589581,
        "eval_runtime": 4.7518,
        "eval_samples_per_second": 185.405,
        "eval_steps_per_second": 23.36
    },
    "baseline_en": {
        "eval_loss": 0.9593600034713745,
        "eval_model_preparation_time": 0.0269,
        "eval_accuracy": 0.8659955038608151,
        "eval_precision_macro": 0.6778256659113334,
        "eval_recall_macro": 0.6886423758157433,
        "eval_f1_macro": 0.653686113572665,
        "eval_precision_micro": 0.8659955038608151,
        "eval_recall_micro": 0.8659955038608151,
        "eval_f1_micro": 0.8659955038608151,
        "eval_runtime": 4.7381,
        "eval_samples_per_second": 185.939,
        "eval_steps_per_second": 23.427
    },
    "baseline_task_adapter": {
        "eval_loss": 0.8544449210166931,
        "eval_model_preparation_time": 0.0278,
        "eval_accuracy": 0.8639429185807839,
        "eval_precision_macro": 0.7075414478031695,
        "eval_recall_macro": 0.7070035451320584,
        "eval_f1_macro": 0.6809102117430543,
        "eval_precision_micro": 0.8639429185807839,
        "eval_recall_micro": 0.8639429185807839,
        "eval_f1_micro": 0.8639429185807839,
        "eval_runtime": 4.3163,
        "eval_samples_per_second": 204.111,
        "eval_steps_per_second": 25.717
    },
    "baseline_avg_adapter": {
        "eval_loss": 0.8328762650489807,
        "eval_model_preparation_time": 0.0284,
        "eval_accuracy": 0.8508454696510604,
        "eval_precision_macro": 0.6565689455442022,
        "eval_recall_macro": 0.6506514719533096,
        "eval_f1_macro": 0.6243033664081475,
        "eval_precision_micro": 0.8508454696510604,
        "eval_recall_micro": 0.8508454696510604,
        "eval_f1_micro": 0.8508454696510604,
        "eval_runtime": 4.7449,
        "eval_samples_per_second": 185.673,
        "eval_steps_per_second": 23.394
    },
    "baseline_closest_featural": {
        "eval_loss": 0.9136059284210205,
        "eval_model_preparation_time": 0.0272,
        "eval_accuracy": 0.8689277685465742,
        "eval_precision_macro": 0.6810846548244807,
        "eval_recall_macro": 0.6742015230941178,
        "eval_f1_macro": 0.6504421487315166,
        "eval_precision_micro": 0.8689277685465742,
        "eval_recall_micro": 0.8689277685465742,
        "eval_f1_micro": 0.8689277685465742,
        "eval_runtime": 4.7491,
        "eval_samples_per_second": 185.509,
        "eval_steps_per_second": 23.373
    },
    "no_train_gain": {
        "eval_loss": 0.9164411425590515,
        "eval_model_preparation_time": 0.0278,
        "eval_accuracy": 0.8688300263903822,
        "eval_precision_macro": 0.6788055371886907,
        "eval_recall_macro": 0.6830035039796172,
        "eval_f1_macro": 0.6534242323245842,
        "eval_precision_micro": 0.8688300263903822,
        "eval_recall_micro": 0.8688300263903822,
        "eval_f1_micro": 0.8688300263903822,
        "eval_runtime": 4.7526,
        "eval_samples_per_second": 185.373,
        "eval_steps_per_second": 23.356
    }
}
