{
    "reconstructed_featural": {
        "eval_loss": 0.911275327205658,
        "eval_model_preparation_time": 0.0324,
        "eval_accuracy": 0.8690255107027661,
        "eval_precision_macro": 0.6795928815890274,
        "eval_recall_macro": 0.6799085475105939,
        "eval_f1_macro": 0.6522757713575656,
        "eval_precision_micro": 0.8690255107027661,
        "eval_recall_micro": 0.8690255107027661,
        "eval_f1_micro": 0.8690255107027661,
        "eval_runtime": 3.2016,
        "eval_samples_per_second": 275.174,
        "eval_steps_per_second": 34.67
    },
    "reconstructed_syntactic": {
        "eval_loss": 0.9145135283470154,
        "eval_model_preparation_time": 0.0318,
        "eval_accuracy": 0.869318737171342,
        "eval_precision_macro": 0.6796517388908595,
        "eval_recall_macro": 0.6798768209310772,
        "eval_f1_macro": 0.6519359217973766,
        "eval_precision_micro": 0.869318737171342,
        "eval_recall_micro": 0.869318737171342,
        "eval_f1_micro": 0.869318737171342,
        "eval_runtime": 3.2025,
        "eval_samples_per_second": 275.097,
        "eval_steps_per_second": 34.66
    },
    "reconstructed_morphological": {
        "eval_loss": 0.9113014340400696,
        "eval_model_preparation_time": 0.0318,
        "eval_accuracy": 0.8688300263903822,
        "eval_precision_macro": 0.6779510088317714,
        "eval_recall_macro": 0.6773787456827578,
        "eval_f1_macro": 0.6499208452109573,
        "eval_precision_micro": 0.8688300263903822,
        "eval_recall_micro": 0.8688300263903822,
        "eval_f1_micro": 0.8688300263903822,
        "eval_runtime": 3.2295,
        "eval_samples_per_second": 272.794,
        "eval_steps_per_second": 34.37
    }
}
