{
    "reconstructed_featural": {
        "eval_loss": 0.9064483642578125,
        "eval_model_preparation_time": 0.0275,
        "eval_accuracy": 0.869318737171342,
        "eval_precision_macro": 0.6809704436894111,
        "eval_recall_macro": 0.6813130550287706,
        "eval_f1_macro": 0.6536080578814225,
        "eval_precision_micro": 0.869318737171342,
        "eval_recall_micro": 0.869318737171342,
        "eval_f1_micro": 0.869318737171342,
        "eval_runtime": 4.641,
        "eval_samples_per_second": 189.83,
        "eval_steps_per_second": 23.917
    }
}
