{
    "reconstructed_syntactic": {
        "exact_match": 56.97478991596638,
        "f1": 74.22930676527791
    },
    "reconstructed_morphological": {
        "exact_match": 57.142857142857146,
        "f1": 74.43738999857122
    }
}
