{
    "reconstructed_featural": {
        "exact_match": 56.890756302521005,
        "f1": 74.33354846195657
    },
    "reconstructed_syntactic": {
        "exact_match": 57.05882352941177,
        "f1": 74.30213589693057
    },
    "reconstructed_morphological": {
        "exact_match": 57.39495798319328,
        "f1": 74.70456881074574
    }
}
