{
    "reconstructed_featural": {
        "eval_loss": 1.0862536430358887,
        "eval_model_preparation_time": 0.0268,
        "eval_precision": 0.5625,
        "eval_recall": 0.6923076923076923,
        "eval_f1": 0.6206896551724138,
        "eval_accuracy": 0.7056367432150313,
        "eval_runtime": 0.361,
        "eval_samples_per_second": 277.037,
        "eval_steps_per_second": 36.015
    }
}