{
    "reconstructed_featural": {
        "eval_loss": 1.0930986404418945,
        "eval_model_preparation_time": 0.0286,
        "eval_precision": 0.5503875968992248,
        "eval_recall": 0.6826923076923077,
        "eval_f1": 0.609442060085837,
        "eval_accuracy": 0.7045929018789144,
        "eval_runtime": 0.3257,
        "eval_samples_per_second": 307.032,
        "eval_steps_per_second": 39.914
    },
    "reconstructed_syntactic": {
        "eval_loss": 1.0957907438278198,
        "eval_model_preparation_time": 0.0328,
        "eval_precision": 0.5625,
        "eval_recall": 0.6923076923076923,
        "eval_f1": 0.6206896551724138,
        "eval_accuracy": 0.6983298538622129,
        "eval_runtime": 0.3972,
        "eval_samples_per_second": 251.754,
        "eval_steps_per_second": 32.728
    },
    "reconstructed_morphological": {
        "eval_loss": 1.0848476886749268,
        "eval_model_preparation_time": 0.0332,
        "eval_precision": 0.5625,
        "eval_recall": 0.6923076923076923,
        "eval_f1": 0.6206896551724138,
        "eval_accuracy": 0.7056367432150313,
        "eval_runtime": 0.3901,
        "eval_samples_per_second": 256.371,
        "eval_steps_per_second": 33.328
    }
}