{
    "reconstructed_featural": {
        "eval_loss": 0.9164133667945862,
        "eval_model_preparation_time": 0.0272,
        "eval_precision": 0.31343283582089554,
        "eval_recall": 0.4117647058823529,
        "eval_f1": 0.35593220338983045,
        "eval_accuracy": 0.7419889502762431,
        "eval_runtime": 0.3586,
        "eval_samples_per_second": 278.872,
        "eval_steps_per_second": 36.253
    }
}
