{
    "reconstructed_featural": {
        "eval_loss": 0.9163262248039246,
        "eval_model_preparation_time": 0.0271,
        "eval_precision": 0.31343283582089554,
        "eval_recall": 0.4117647058823529,
        "eval_f1": 0.35593220338983045,
        "eval_accuracy": 0.7419889502762431,
        "eval_runtime": 0.3386,
        "eval_samples_per_second": 295.333,
        "eval_steps_per_second": 38.393
    }
}
