{
    "reconstructed_featural": {
        "eval_loss": 1.4131214618682861,
        "eval_model_preparation_time": 0.0279,
        "eval_precision": 0.464,
        "eval_recall": 0.5523809523809524,
        "eval_f1": 0.5043478260869566,
        "eval_accuracy": 0.660262891809909,
        "eval_runtime": 0.3093,
        "eval_samples_per_second": 323.338,
        "eval_steps_per_second": 42.034
    },
    "reconstructed_syntactic": {
        "eval_loss": 1.4126710891723633,
        "eval_model_preparation_time": 0.0277,
        "eval_precision": 0.464,
        "eval_recall": 0.5523809523809524,
        "eval_f1": 0.5043478260869566,
        "eval_accuracy": 0.6622851365015167,
        "eval_runtime": 0.3075,
        "eval_samples_per_second": 325.164,
        "eval_steps_per_second": 42.271
    },
    "reconstructed_morphological": {
        "eval_loss": 1.4174801111221313,
        "eval_model_preparation_time": 0.0276,
        "eval_precision": 0.4789915966386555,
        "eval_recall": 0.5428571428571428,
        "eval_f1": 0.5089285714285715,
        "eval_accuracy": 0.6491405460060667,
        "eval_runtime": 0.3069,
        "eval_samples_per_second": 325.878,
        "eval_steps_per_second": 42.364
    }
}
