{
    "reconstructed_featural": {
        "eval_loss": 1.252839207649231,
        "eval_model_preparation_time": 0.0284,
        "eval_precision": 0.44696969696969696,
        "eval_recall": 0.5619047619047619,
        "eval_f1": 0.4978902953586497,
        "eval_accuracy": 0.7168857431749242,
        "eval_runtime": 0.3189,
        "eval_samples_per_second": 313.56,
        "eval_steps_per_second": 40.763
    },
    "reconstructed_syntactic": {
        "eval_loss": 1.2518112659454346,
        "eval_model_preparation_time": 0.0282,
        "eval_precision": 0.4580152671755725,
        "eval_recall": 0.5714285714285714,
        "eval_f1": 0.5084745762711863,
        "eval_accuracy": 0.7259858442871587,
        "eval_runtime": 0.3192,
        "eval_samples_per_second": 313.271,
        "eval_steps_per_second": 40.725
    },
    "reconstructed_morphological": {
        "eval_loss": 1.4652246236801147,
        "eval_model_preparation_time": 0.0303,
        "eval_precision": 0.4418604651162791,
        "eval_recall": 0.5428571428571428,
        "eval_f1": 0.48717948717948717,
        "eval_accuracy": 0.6622851365015167,
        "eval_runtime": 0.3304,
        "eval_samples_per_second": 302.673,
        "eval_steps_per_second": 39.348
    }
}