{
    "reconstructed_syntactic": {
        "eval_loss": 1.2364906072616577,
        "eval_model_preparation_time": 0.0279,
        "eval_precision": 0.4444444444444444,
        "eval_recall": 0.5714285714285714,
        "eval_f1": 0.5,
        "eval_accuracy": 0.7290192113245703,
        "eval_runtime": 0.3676,
        "eval_samples_per_second": 272.025,
        "eval_steps_per_second": 35.363
    },
    "reconstructed_morphological": {
        "eval_loss": 1.2353012561798096,
        "eval_model_preparation_time": 0.0277,
        "eval_precision": 0.44525547445255476,
        "eval_recall": 0.580952380952381,
        "eval_f1": 0.5041322314049587,
        "eval_accuracy": 0.731041456016178,
        "eval_runtime": 0.3623,
        "eval_samples_per_second": 276.023,
        "eval_steps_per_second": 35.883
    }
}