{
    "reconstructed_featural": {
        "eval_loss": 1.2394132614135742,
        "eval_model_preparation_time": 0.0275,
        "eval_precision": 0.4125874125874126,
        "eval_recall": 0.5619047619047619,
        "eval_f1": 0.4758064516129032,
        "eval_accuracy": 0.7320525783619818,
        "eval_runtime": 0.322,
        "eval_samples_per_second": 310.551,
        "eval_steps_per_second": 40.372
    }
}
