{
    "reconstructed_featural": {
        "eval_loss": 1.2457338571548462,
        "eval_model_preparation_time": 0.0265,
        "eval_precision": 0.4393939393939394,
        "eval_recall": 0.5523809523809524,
        "eval_f1": 0.48945147679324896,
        "eval_accuracy": 0.7269969666329625,
        "eval_runtime": 0.3421,
        "eval_samples_per_second": 292.337,
        "eval_steps_per_second": 38.004
    }
}