{
    "reconstructed_featural": {
        "eval_loss": 0.42782092094421387,
        "eval_model_preparation_time": 0.0292,
        "eval_precision": 0.7132352941176471,
        "eval_recall": 0.751937984496124,
        "eval_f1": 0.732075471698113,
        "eval_accuracy": 0.8774468085106383,
        "eval_runtime": 0.3534,
        "eval_samples_per_second": 282.999,
        "eval_steps_per_second": 36.79
    }
}