{
    "reconstructed_featural": {
        "eval_loss": 0.8061427474021912,
        "eval_model_preparation_time": 0.0274,
        "eval_precision": 0.4172661870503597,
        "eval_recall": 0.5321100917431193,
        "eval_f1": 0.467741935483871,
        "eval_accuracy": 0.7466165413533835,
        "eval_runtime": 0.3395,
        "eval_samples_per_second": 294.552,
        "eval_steps_per_second": 38.292
    }
}