{
    "reconstructed_featural": {
        "eval_loss": 0.8142530918121338,
        "eval_model_preparation_time": 0.0266,
        "eval_precision": 0.4318181818181818,
        "eval_recall": 0.5229357798165137,
        "eval_f1": 0.47302904564315346,
        "eval_accuracy": 0.7406015037593985,
        "eval_runtime": 0.3373,
        "eval_samples_per_second": 296.493,
        "eval_steps_per_second": 38.544
    }
}
