{
    "reconstructed_featural": {
        "eval_loss": 0.7983108758926392,
        "eval_model_preparation_time": 0.0279,
        "eval_precision": 0.4154929577464789,
        "eval_recall": 0.5412844036697247,
        "eval_f1": 0.47011952191235057,
        "eval_accuracy": 0.7518796992481203,
        "eval_runtime": 0.3418,
        "eval_samples_per_second": 292.553,
        "eval_steps_per_second": 38.032
    },
    "baseline_en": {
        "eval_loss": 2.145537853240967,
        "eval_model_preparation_time": 0.0273,
        "eval_precision": 0.5,
        "eval_recall": 0.3669724770642202,
        "eval_f1": 0.4232804232804233,
        "eval_accuracy": 0.6578947368421053,
        "eval_runtime": 0.355,
        "eval_samples_per_second": 281.729,
        "eval_steps_per_second": 36.625
    },
    "baseline_task_adapter": {
        "eval_loss": 0.9026292562484741,
        "eval_model_preparation_time": 0.0274,
        "eval_precision": 0.3288590604026846,
        "eval_recall": 0.44954128440366975,
        "eval_f1": 0.37984496124031014,
        "eval_accuracy": 0.7406015037593985,
        "eval_runtime": 0.3136,
        "eval_samples_per_second": 318.911,
        "eval_steps_per_second": 41.458
    },
    "baseline_avg_adapter": {
        "eval_loss": 1.43916654586792,
        "eval_model_preparation_time": 0.0284,
        "eval_precision": 0.319672131147541,
        "eval_recall": 0.3577981651376147,
        "eval_f1": 0.33766233766233766,
        "eval_accuracy": 0.6646616541353384,
        "eval_runtime": 0.3703,
        "eval_samples_per_second": 270.057,
        "eval_steps_per_second": 35.107
    },
    "baseline_closest_featural": {
        "eval_loss": 3.204638719558716,
        "eval_model_preparation_time": 0.0273,
        "eval_precision": 0.15789473684210525,
        "eval_recall": 0.08256880733944955,
        "eval_f1": 0.10843373493975904,
        "eval_accuracy": 0.4924812030075188,
        "eval_runtime": 0.366,
        "eval_samples_per_second": 273.255,
        "eval_steps_per_second": 35.523
    },
    "no_train_gain": {
        "eval_loss": 0.9637976288795471,
        "eval_model_preparation_time": 0.0282,
        "eval_precision": 0.4214876033057851,
        "eval_recall": 0.46788990825688076,
        "eval_f1": 0.44347826086956527,
        "eval_accuracy": 0.7165413533834587,
        "eval_runtime": 0.3528,
        "eval_samples_per_second": 283.413,
        "eval_steps_per_second": 36.844
    }
}