{
    "reconstructed_featural": {
        "eval_loss": 0.39810606837272644,
        "eval_model_preparation_time": 0.028,
        "eval_precision": 0.6486364515505125,
        "eval_recall": 0.7576054216867469,
        "eval_f1": 0.6988989614810184,
        "eval_accuracy": 0.8904806251182282,
        "eval_runtime": 30.4456,
        "eval_samples_per_second": 328.455,
        "eval_steps_per_second": 41.057
    },
    "reconstructed_syntactic": {
        "eval_loss": 0.39810606837272644,
        "eval_model_preparation_time": 0.0281,
        "eval_precision": 0.6486364515505125,
        "eval_recall": 0.7576054216867469,
        "eval_f1": 0.6988989614810184,
        "eval_accuracy": 0.8904806251182282,
        "eval_runtime": 29.4394,
        "eval_samples_per_second": 339.681,
        "eval_steps_per_second": 42.46
    },
    "reconstructed_morphological": {
        "eval_loss": 0.39810606837272644,
        "eval_model_preparation_time": 0.028,
        "eval_precision": 0.6486364515505125,
        "eval_recall": 0.7576054216867469,
        "eval_f1": 0.6988989614810184,
        "eval_accuracy": 0.8904806251182282,
        "eval_runtime": 29.067,
        "eval_samples_per_second": 344.033,
        "eval_steps_per_second": 43.004
    }
}