{
    "reconstructed_featural": {
        "eval_loss": 1.0699357986450195,
        "eval_model_preparation_time": 0.028,
        "eval_accuracy": 0.8599693251533742,
        "eval_precision_macro": 0.7362954229854676,
        "eval_recall_macro": 0.6845675364967351,
        "eval_f1_macro": 0.6478213293597875,
        "eval_precision_micro": 0.8599693251533742,
        "eval_recall_micro": 0.8599693251533742,
        "eval_f1_micro": 0.8599693251533742,
        "eval_runtime": 4.1263,
        "eval_samples_per_second": 257.128,
        "eval_steps_per_second": 32.232
    },
    "reconstructed_syntactic": {
        "eval_loss": 1.0699357986450195,
        "eval_model_preparation_time": 0.0282,
        "eval_accuracy": 0.8599693251533742,
        "eval_precision_macro": 0.7362954229854676,
        "eval_recall_macro": 0.6845675364967351,
        "eval_f1_macro": 0.6478213293597875,
        "eval_precision_micro": 0.8599693251533742,
        "eval_recall_micro": 0.8599693251533742,
        "eval_f1_micro": 0.8599693251533742,
        "eval_runtime": 3.4518,
        "eval_samples_per_second": 307.375,
        "eval_steps_per_second": 38.53
    },
    "reconstructed_morphological": {
        "eval_loss": 1.0699357986450195,
        "eval_model_preparation_time": 0.0282,
        "eval_accuracy": 0.8599693251533742,
        "eval_precision_macro": 0.7362954229854676,
        "eval_recall_macro": 0.6845675364967351,
        "eval_f1_macro": 0.6478213293597875,
        "eval_precision_micro": 0.8599693251533742,
        "eval_recall_micro": 0.8599693251533742,
        "eval_f1_micro": 0.8599693251533742,
        "eval_runtime": 3.3618,
        "eval_samples_per_second": 315.606,
        "eval_steps_per_second": 39.562
    }
}