{
    "reconstructed_featural": {
        "eval_loss": 0.4176444709300995,
        "eval_model_preparation_time": 0.027,
        "eval_precision": 0.7147778160523597,
        "eval_recall": 0.8113709235942754,
        "eval_f1": 0.7600175811295876,
        "eval_accuracy": 0.900008302200083,
        "eval_runtime": 29.8489,
        "eval_samples_per_second": 335.021,
        "eval_steps_per_second": 41.878
    }
}
