{
    "reconstructed_featural": {
        "eval_loss": 0.4183919429779053,
        "eval_model_preparation_time": 0.028,
        "eval_precision": 0.7138234889164258,
        "eval_recall": 0.8109016970360522,
        "eval_f1": 0.7592721414710943,
        "eval_accuracy": 0.9000664176006642,
        "eval_runtime": 31.6135,
        "eval_samples_per_second": 316.32,
        "eval_steps_per_second": 39.54
    },
    "reconstructed_syntactic": {
        "eval_loss": 0.4194520115852356,
        "eval_model_preparation_time": 0.0292,
        "eval_precision": 0.7179309867920614,
        "eval_recall": 0.8119183545788692,
        "eval_f1": 0.7620375807398708,
        "eval_accuracy": 0.8999252801992528,
        "eval_runtime": 31.4809,
        "eval_samples_per_second": 317.653,
        "eval_steps_per_second": 39.707
    },
    "reconstructed_morphological": {
        "eval_loss": 0.422620952129364,
        "eval_model_preparation_time": 0.0288,
        "eval_precision": 0.7225381414701803,
        "eval_recall": 0.8148119183545789,
        "eval_f1": 0.7659058330576689,
        "eval_accuracy": 0.8999335823993359,
        "eval_runtime": 30.1676,
        "eval_samples_per_second": 331.481,
        "eval_steps_per_second": 41.435
    }
}