{
    "reconstructed_featural": {
        "eval_loss": 2.520581007003784,
        "eval_model_preparation_time": 0.027,
        "eval_accuracy": 0.6666000998502246,
        "eval_precision_macro": 0.5791119932791309,
        "eval_recall_macro": 0.5486938786626232,
        "eval_f1_macro": 0.5369732522879849,
        "eval_precision_micro": 0.6666000998502246,
        "eval_recall_micro": 0.6666000998502246,
        "eval_f1_micro": 0.6666000998502246,
        "eval_runtime": 3.4655,
        "eval_samples_per_second": 320.301,
        "eval_steps_per_second": 40.11
    },
    "reconstructed_syntactic": {
        "eval_loss": 2.516921043395996,
        "eval_model_preparation_time": 0.0278,
        "eval_accuracy": 0.6664003994008987,
        "eval_precision_macro": 0.5797802074319365,
        "eval_recall_macro": 0.548042456517324,
        "eval_f1_macro": 0.5367272880752602,
        "eval_precision_micro": 0.6664003994008987,
        "eval_recall_micro": 0.6664003994008987,
        "eval_f1_micro": 0.6664003994008987,
        "eval_runtime": 3.4374,
        "eval_samples_per_second": 322.915,
        "eval_steps_per_second": 40.437
    },
    "reconstructed_morphological": {
        "eval_loss": 2.527374744415283,
        "eval_model_preparation_time": 0.028,
        "eval_accuracy": 0.6676984523215177,
        "eval_precision_macro": 0.5799849238459059,
        "eval_recall_macro": 0.5497873330305434,
        "eval_f1_macro": 0.5378003899786178,
        "eval_precision_micro": 0.6676984523215177,
        "eval_recall_micro": 0.6676984523215177,
        "eval_f1_micro": 0.6676984523215177,
        "eval_runtime": 3.4194,
        "eval_samples_per_second": 324.615,
        "eval_steps_per_second": 40.65
    }
}