{
    "reconstructed_featural": {
        "eval_loss": 2.4884021282196045,
        "eval_model_preparation_time": 0.028,
        "eval_accuracy": 0.6678981527708437,
        "eval_precision_macro": 0.5783638458932031,
        "eval_recall_macro": 0.5497716367852984,
        "eval_f1_macro": 0.5375572573174612,
        "eval_precision_micro": 0.6678981527708437,
        "eval_recall_micro": 0.6678981527708437,
        "eval_f1_micro": 0.6678981527708437,
        "eval_runtime": 5.9044,
        "eval_samples_per_second": 187.994,
        "eval_steps_per_second": 23.542
    },
    "baseline_en": {
        "eval_loss": 2.8456974029541016,
        "eval_model_preparation_time": 0.0266,
        "eval_accuracy": 0.6445332001997004,
        "eval_precision_macro": 0.5587239539299982,
        "eval_recall_macro": 0.5292749885235425,
        "eval_f1_macro": 0.5184815219909696,
        "eval_precision_micro": 0.6445332001997004,
        "eval_recall_micro": 0.6445332001997004,
        "eval_f1_micro": 0.6445332001997004,
        "eval_runtime": 5.8705,
        "eval_samples_per_second": 189.081,
        "eval_steps_per_second": 23.678
    },
    "baseline_task_adapter": {
        "eval_loss": 2.334076404571533,
        "eval_model_preparation_time": 0.0266,
        "eval_accuracy": 0.6647029455816276,
        "eval_precision_macro": 0.5758702757696302,
        "eval_recall_macro": 0.5455420296242216,
        "eval_f1_macro": 0.5364285136072977,
        "eval_precision_micro": 0.6647029455816276,
        "eval_recall_micro": 0.6647029455816276,
        "eval_f1_micro": 0.6647029455816276,
        "eval_runtime": 5.3438,
        "eval_samples_per_second": 207.716,
        "eval_steps_per_second": 26.011
    },
    "baseline_avg_adapter": {
        "eval_loss": 2.233236074447632,
        "eval_model_preparation_time": 0.0292,
        "eval_accuracy": 0.6250624063904143,
        "eval_precision_macro": 0.6004581206072875,
        "eval_recall_macro": 0.5431853920554989,
        "eval_f1_macro": 0.5397307569675222,
        "eval_precision_micro": 0.6250624063904143,
        "eval_recall_micro": 0.6250624063904143,
        "eval_f1_micro": 0.6250624063904143,
        "eval_runtime": 5.8695,
        "eval_samples_per_second": 189.113,
        "eval_steps_per_second": 23.682
    },
    "baseline_closest_featural": {
        "eval_loss": 2.456118106842041,
        "eval_model_preparation_time": 0.0263,
        "eval_accuracy": 0.6526210683974039,
        "eval_precision_macro": 0.5751825810065225,
        "eval_recall_macro": 0.5328033358498772,
        "eval_f1_macro": 0.5293840092938171,
        "eval_precision_micro": 0.6526210683974039,
        "eval_recall_micro": 0.6526210683974039,
        "eval_f1_micro": 0.6526210683974039,
        "eval_runtime": 5.8594,
        "eval_samples_per_second": 189.439,
        "eval_steps_per_second": 23.723
    },
    "no_train_gain": {
        "eval_loss": 2.4971187114715576,
        "eval_model_preparation_time": 0.0277,
        "eval_accuracy": 0.6660009985022466,
        "eval_precision_macro": 0.5786716414398758,
        "eval_recall_macro": 0.5484997096821858,
        "eval_f1_macro": 0.5367734399491516,
        "eval_precision_micro": 0.6660009985022466,
        "eval_recall_micro": 0.6660009985022466,
        "eval_f1_micro": 0.6660009985022466,
        "eval_runtime": 6.5631,
        "eval_samples_per_second": 169.127,
        "eval_steps_per_second": 21.179
    }
}