{
    "reconstructed_featural": {
        "eval_loss": 2.5050785541534424,
        "eval_model_preparation_time": 0.0272,
        "eval_accuracy": 0.6666000998502246,
        "eval_precision_macro": 0.579299154174432,
        "eval_recall_macro": 0.5484624159891927,
        "eval_f1_macro": 0.536836787473296,
        "eval_precision_micro": 0.6666000998502246,
        "eval_recall_micro": 0.6666000998502246,
        "eval_f1_micro": 0.6666000998502246,
        "eval_runtime": 5.8039,
        "eval_samples_per_second": 191.25,
        "eval_steps_per_second": 23.949
    }
}
