{
    "reconstructed_featural": {
        "eval_loss": 2.5210494995117188,
        "eval_model_preparation_time": 0.0287,
        "eval_accuracy": 0.6658012980529207,
        "eval_precision_macro": 0.5790993090679621,
        "eval_recall_macro": 0.5482316482362943,
        "eval_f1_macro": 0.5365532680226285,
        "eval_precision_micro": 0.6658012980529207,
        "eval_recall_micro": 0.6658012980529207,
        "eval_f1_micro": 0.6658012980529207,
        "eval_runtime": 5.7799,
        "eval_samples_per_second": 192.045,
        "eval_steps_per_second": 24.049
    }
}