{
    "reconstructed_featural": {
        "eval_loss": 2.4997920989990234,
        "eval_model_preparation_time": 0.0271,
        "eval_accuracy": 0.6667998002995507,
        "eval_precision_macro": 0.5782676639385469,
        "eval_recall_macro": 0.5487925213047982,
        "eval_f1_macro": 0.5368085845772453,
        "eval_precision_micro": 0.6667998002995507,
        "eval_recall_micro": 0.6667998002995507,
        "eval_f1_micro": 0.6667998002995507,
        "eval_runtime": 5.808,
        "eval_samples_per_second": 191.115,
        "eval_steps_per_second": 23.932
    }
}
