{
    "reconstructed_featural": {
        "eval_loss": 3.8199453353881836,
        "eval_model_preparation_time": 0.027,
        "eval_accuracy": 0.40620384047267355,
        "eval_precision_macro": 0.2565674014992523,
        "eval_recall_macro": 0.25389360364840086,
        "eval_f1_macro": 0.20730473898035584,
        "eval_precision_micro": 0.40620384047267355,
        "eval_recall_micro": 0.40620384047267355,
        "eval_f1_micro": 0.40620384047267355,
        "eval_runtime": 0.5612,
        "eval_samples_per_second": 185.326,
        "eval_steps_per_second": 23.166
    }
}