{
    "reconstructed_featural": {
        "eval_loss": 0.7654002904891968,
        "eval_model_preparation_time": 0.0278,
        "eval_precision": 0.5104895104895105,
        "eval_recall": 0.6886792452830188,
        "eval_f1": 0.5863453815261045,
        "eval_accuracy": 0.7920398009950249,
        "eval_runtime": 0.36,
        "eval_samples_per_second": 277.787,
        "eval_steps_per_second": 36.112
    },
    "baseline_en": {
        "eval_loss": 1.205491304397583,
        "eval_model_preparation_time": 0.0268,
        "eval_precision": 0.44285714285714284,
        "eval_recall": 0.5849056603773585,
        "eval_f1": 0.5040650406504066,
        "eval_accuracy": 0.718407960199005,
        "eval_runtime": 0.3525,
        "eval_samples_per_second": 283.696,
        "eval_steps_per_second": 36.881
    },
    "baseline_task_adapter": {
        "eval_loss": 0.6292356848716736,
        "eval_model_preparation_time": 0.0267,
        "eval_precision": 0.4066666666666667,
        "eval_recall": 0.5754716981132075,
        "eval_f1": 0.47656249999999994,
        "eval_accuracy": 0.7950248756218905,
        "eval_runtime": 0.3139,
        "eval_samples_per_second": 318.61,
        "eval_steps_per_second": 41.419
    },
    "baseline_avg_adapter": {
        "eval_loss": 0.6860588788986206,
        "eval_model_preparation_time": 0.028,
        "eval_precision": 0.4262295081967213,
        "eval_recall": 0.49056603773584906,
        "eval_f1": 0.456140350877193,
        "eval_accuracy": 0.8069651741293532,
        "eval_runtime": 0.3546,
        "eval_samples_per_second": 281.987,
        "eval_steps_per_second": 36.658
    },
    "baseline_closest_featural": {
        "eval_loss": 0.694864809513092,
        "eval_model_preparation_time": 0.0282,
        "eval_precision": 0.45985401459854014,
        "eval_recall": 0.5943396226415094,
        "eval_f1": 0.5185185185185185,
        "eval_accuracy": 0.7910447761194029,
        "eval_runtime": 0.3559,
        "eval_samples_per_second": 280.973,
        "eval_steps_per_second": 36.526
    },
    "no_train_gain": {
        "eval_loss": 1.004684329032898,
        "eval_model_preparation_time": 0.0275,
        "eval_precision": 0.47101449275362317,
        "eval_recall": 0.6132075471698113,
        "eval_f1": 0.5327868852459017,
        "eval_accuracy": 0.7442786069651741,
        "eval_runtime": 0.3573,
        "eval_samples_per_second": 279.882,
        "eval_steps_per_second": 36.385
    }
}