{
    "reconstructed_featural": {
        "eval_loss": 0.8359667062759399,
        "eval_model_preparation_time": 0.0286,
        "eval_precision": 0.4697986577181208,
        "eval_recall": 0.660377358490566,
        "eval_f1": 0.5490196078431372,
        "eval_accuracy": 0.7711442786069652,
        "eval_runtime": 0.3239,
        "eval_samples_per_second": 308.743,
        "eval_steps_per_second": 40.137
    },
    "reconstructed_syntactic": {
        "eval_loss": 0.7983753681182861,
        "eval_model_preparation_time": 0.0286,
        "eval_precision": 0.4794520547945205,
        "eval_recall": 0.660377358490566,
        "eval_f1": 0.5555555555555555,
        "eval_accuracy": 0.7751243781094528,
        "eval_runtime": 0.3242,
        "eval_samples_per_second": 308.461,
        "eval_steps_per_second": 40.1
    },
    "reconstructed_morphological": {
        "eval_loss": 0.8730522990226746,
        "eval_model_preparation_time": 0.0283,
        "eval_precision": 0.5,
        "eval_recall": 0.6792452830188679,
        "eval_f1": 0.5760000000000001,
        "eval_accuracy": 0.764179104477612,
        "eval_runtime": 0.3113,
        "eval_samples_per_second": 321.261,
        "eval_steps_per_second": 41.764
    }
}