{
    "reconstructed_featural": {
        "eval_loss": 0.41737475991249084,
        "eval_model_preparation_time": 0.027,
        "eval_precision": 0.654320987654321,
        "eval_recall": 0.7895716945996276,
        "eval_f1": 0.7156118143459916,
        "eval_accuracy": 0.8799239806496199,
        "eval_runtime": 2.9216,
        "eval_samples_per_second": 342.28,
        "eval_steps_per_second": 42.785
    }
}
