{
    "reconstructed_featural": {
        "eval_loss": 1.2783050537109375,
        "eval_model_preparation_time": 0.0284,
        "eval_accuracy": 0.8036876355748374,
        "eval_precision_macro": 0.6356103877225221,
        "eval_recall_macro": 0.6508786678465245,
        "eval_f1_macro": 0.6303205322458114,
        "eval_precision_micro": 0.8036876355748374,
        "eval_recall_micro": 0.8036876355748374,
        "eval_f1_micro": 0.8036876355748374,
        "eval_runtime": 0.327,
        "eval_samples_per_second": 183.493,
        "eval_steps_per_second": 24.466
    },
    "baseline_en": {
        "eval_loss": 1.4589091539382935,
        "eval_model_preparation_time": 0.0274,
        "eval_accuracy": 0.789587852494577,
        "eval_precision_macro": 0.6645258180873788,
        "eval_recall_macro": 0.6873830857027051,
        "eval_f1_macro": 0.6612125902532661,
        "eval_precision_micro": 0.789587852494577,
        "eval_recall_micro": 0.789587852494577,
        "eval_f1_micro": 0.789587852494577,
        "eval_runtime": 0.3258,
        "eval_samples_per_second": 184.161,
        "eval_steps_per_second": 24.555
    },
    "baseline_task_adapter": {
        "eval_loss": 1.140155553817749,
        "eval_model_preparation_time": 0.0269,
        "eval_accuracy": 0.8210412147505423,
        "eval_precision_macro": 0.6531491964615744,
        "eval_recall_macro": 0.6577233357903303,
        "eval_f1_macro": 0.6455701227639075,
        "eval_precision_micro": 0.8210412147505423,
        "eval_recall_micro": 0.8210412147505423,
        "eval_f1_micro": 0.8210412147505423,
        "eval_runtime": 0.2975,
        "eval_samples_per_second": 201.693,
        "eval_steps_per_second": 26.892
    },
    "baseline_avg_adapter": {
        "eval_loss": 1.1970711946487427,
        "eval_model_preparation_time": 0.0285,
        "eval_accuracy": 0.7917570498915402,
        "eval_precision_macro": 0.587498342914286,
        "eval_recall_macro": 0.6076017271688974,
        "eval_f1_macro": 0.5812521734622147,
        "eval_precision_micro": 0.7917570498915402,
        "eval_recall_micro": 0.7917570498915402,
        "eval_f1_micro": 0.7917570498915402,
        "eval_runtime": 0.3266,
        "eval_samples_per_second": 183.698,
        "eval_steps_per_second": 24.493
    },
    "baseline_closest_featural": {
        "eval_loss": 1.2305899858474731,
        "eval_model_preparation_time": 0.0278,
        "eval_accuracy": 0.7928416485900217,
        "eval_precision_macro": 0.5812299249385727,
        "eval_recall_macro": 0.6068238300111607,
        "eval_f1_macro": 0.5820530266291644,
        "eval_precision_micro": 0.7928416485900217,
        "eval_recall_micro": 0.7928416485900217,
        "eval_f1_micro": 0.7928416485900217,
        "eval_runtime": 0.3262,
        "eval_samples_per_second": 183.952,
        "eval_steps_per_second": 24.527
    },
    "no_train_gain": {
        "eval_loss": 1.256173849105835,
        "eval_model_preparation_time": 0.0282,
        "eval_accuracy": 0.8026030368763557,
        "eval_precision_macro": 0.6360283914855089,
        "eval_recall_macro": 0.6504354969216808,
        "eval_f1_macro": 0.6303189105431557,
        "eval_precision_micro": 0.8026030368763557,
        "eval_recall_micro": 0.8026030368763557,
        "eval_f1_micro": 0.8026030368763557,
        "eval_runtime": 0.3263,
        "eval_samples_per_second": 183.852,
        "eval_steps_per_second": 24.514
    }
}