{
    "reconstructed_featural": {
        "eval_loss": 1.2918643951416016,
        "eval_model_preparation_time": 0.0277,
        "eval_accuracy": 0.7993492407809111,
        "eval_precision_macro": 0.6311848481637901,
        "eval_recall_macro": 0.6480830432531607,
        "eval_f1_macro": 0.6258190056076982,
        "eval_precision_micro": 0.7993492407809111,
        "eval_recall_micro": 0.7993492407809111,
        "eval_f1_micro": 0.7993492407809111,
        "eval_runtime": 0.325,
        "eval_samples_per_second": 184.609,
        "eval_steps_per_second": 24.614
    }
}