{
    "reconstructed_featural": {
        "eval_loss": 1.2891126871109009,
        "eval_model_preparation_time": 0.0274,
        "eval_accuracy": 0.8004338394793926,
        "eval_precision_macro": 0.6324425229508766,
        "eval_recall_macro": 0.648621836356609,
        "eval_f1_macro": 0.6269709481946655,
        "eval_precision_micro": 0.8004338394793926,
        "eval_recall_micro": 0.8004338394793926,
        "eval_f1_micro": 0.8004338394793926,
        "eval_runtime": 0.3276,
        "eval_samples_per_second": 183.128,
        "eval_steps_per_second": 24.417
    }
}
