{
    "reconstructed_featural": {
        "eval_loss": 0.7323201298713684,
        "eval_model_preparation_time": 0.0275,
        "eval_precision": 0.46130592503022977,
        "eval_recall": 0.5931076178960096,
        "eval_f1": 0.5189691656590084,
        "eval_accuracy": 0.8109421370688727,
        "eval_runtime": 29.8045,
        "eval_samples_per_second": 335.52,
        "eval_steps_per_second": 41.94
    }
}
