{
    "reconstructed_featural": {
        "eval_loss": 0.7361771464347839,
        "eval_model_preparation_time": 0.0275,
        "eval_precision": 0.46217072020481037,
        "eval_recall": 0.592503022974607,
        "eval_f1": 0.519283902955982,
        "eval_accuracy": 0.8106346008949302,
        "eval_runtime": 28.7699,
        "eval_samples_per_second": 347.586,
        "eval_steps_per_second": 43.448
    }
}
