{
    "reconstructed_featural": {
        "eval_loss": 0.8875187635421753,
        "eval_model_preparation_time": 0.0271,
        "eval_precision": 0.2994011976047904,
        "eval_recall": 0.42016806722689076,
        "eval_f1": 0.3496503496503497,
        "eval_accuracy": 0.7586460632818248,
        "eval_runtime": 0.4432,
        "eval_samples_per_second": 225.608,
        "eval_steps_per_second": 29.329
    }
}