{
    "reconstructed_featural": {
        "eval_loss": 0.35924798250198364,
        "eval_model_preparation_time": 0.0263,
        "eval_precision": 0.6706544686840253,
        "eval_recall": 0.7717167255594818,
        "eval_f1": 0.7176450453534144,
        "eval_accuracy": 0.9053607179178846,
        "eval_runtime": 28.5057,
        "eval_samples_per_second": 350.807,
        "eval_steps_per_second": 43.851
    }
}
