{
    "reconstructed_featural": {
        "eval_loss": 0.3542443811893463,
        "eval_model_preparation_time": 0.0284,
        "eval_precision": 0.6673233350279614,
        "eval_recall": 0.7730418138987044,
        "eval_f1": 0.7163028649386085,
        "eval_accuracy": 0.903889574711688,
        "eval_runtime": 29.3205,
        "eval_samples_per_second": 341.058,
        "eval_steps_per_second": 42.632
    },
    "reconstructed_syntactic": {
        "eval_loss": 0.35399070382118225,
        "eval_model_preparation_time": 0.0334,
        "eval_precision": 0.6632271950370323,
        "eval_recall": 0.7712750294464076,
        "eval_f1": 0.7131819883598243,
        "eval_accuracy": 0.9047210904369295,
        "eval_runtime": 35.4292,
        "eval_samples_per_second": 282.253,
        "eval_steps_per_second": 35.282
    },
    "reconstructed_morphological": {
        "eval_loss": 0.37056785821914673,
        "eval_model_preparation_time": 0.0335,
        "eval_precision": 0.6581806696146557,
        "eval_recall": 0.7670053003533569,
        "eval_f1": 0.7084381586999389,
        "eval_accuracy": 0.899885506680909,
        "eval_runtime": 34.1864,
        "eval_samples_per_second": 292.514,
        "eval_steps_per_second": 36.564
    }
}