{
    "reconstructed_featural": {
        "eval_loss": 0.35867276787757874,
        "eval_model_preparation_time": 0.0275,
        "eval_precision": 0.6693099699430837,
        "eval_recall": 0.7704652532391049,
        "eval_f1": 0.7163341432531398,
        "eval_accuracy": 0.9063393479637459,
        "eval_runtime": 31.0196,
        "eval_samples_per_second": 322.377,
        "eval_steps_per_second": 40.297
    },
    "baseline_en": {
        "eval_loss": 0.36391380429267883,
        "eval_model_preparation_time": 0.0271,
        "eval_precision": 0.6660786290322581,
        "eval_recall": 0.7782685512367491,
        "eval_f1": 0.7178164041281913,
        "eval_accuracy": 0.9045419947422622,
        "eval_runtime": 31.8483,
        "eval_samples_per_second": 313.989,
        "eval_steps_per_second": 39.249
    },
    "baseline_task_adapter": {
        "eval_loss": 0.3694339692592621,
        "eval_model_preparation_time": 0.0268,
        "eval_precision": 0.6481375721809759,
        "eval_recall": 0.7519140164899882,
        "eval_f1": 0.6961796680639334,
        "eval_accuracy": 0.903588949795639,
        "eval_runtime": 27.4822,
        "eval_samples_per_second": 363.872,
        "eval_steps_per_second": 45.484
    },
    "baseline_avg_adapter": {
        "eval_loss": 0.3807494342327118,
        "eval_model_preparation_time": 0.0287,
        "eval_precision": 0.6436180641788118,
        "eval_recall": 0.7249705535924618,
        "eval_f1": 0.6818764064393285,
        "eval_accuracy": 0.898817328787714,
        "eval_runtime": 38.4366,
        "eval_samples_per_second": 260.169,
        "eval_steps_per_second": 32.521
    },
    "baseline_closest_featural": {
        "eval_loss": 0.3645448386669159,
        "eval_model_preparation_time": 0.0312,
        "eval_precision": 0.6572960251046025,
        "eval_recall": 0.7401354534746761,
        "eval_f1": 0.6962603878116345,
        "eval_accuracy": 0.8968216910471342,
        "eval_runtime": 40.1006,
        "eval_samples_per_second": 249.373,
        "eval_steps_per_second": 31.172
    },
    "no_train_gain": {
        "eval_loss": 0.3595804274082184,
        "eval_model_preparation_time": 0.0333,
        "eval_precision": 0.6608701150878968,
        "eval_recall": 0.7693610129564193,
        "eval_f1": 0.711000748350228,
        "eval_accuracy": 0.9055781912614094,
        "eval_runtime": 39.3796,
        "eval_samples_per_second": 253.939,
        "eval_steps_per_second": 31.742
    }
}
