{
    "reconstructed_featural": {
        "eval_loss": 0.3586186170578003,
        "eval_model_preparation_time": 0.0273,
        "eval_precision": 0.6706333973128599,
        "eval_recall": 0.7716431095406361,
        "eval_f1": 0.7176011501334977,
        "eval_accuracy": 0.906109082070602,
        "eval_runtime": 28.0431,
        "eval_samples_per_second": 356.594,
        "eval_steps_per_second": 44.574
    }
}