{
    "reconstructed_featural": {
        "eval_loss": 0.40426909923553467,
        "eval_model_preparation_time": 0.0275,
        "eval_accuracy": 0.9270470490114311,
        "eval_precision_macro": 0.7340297118172703,
        "eval_recall_macro": 0.7994035694916836,
        "eval_f1_macro": 0.73931234025701,
        "eval_precision_micro": 0.9270470490114311,
        "eval_recall_micro": 0.9270470490114311,
        "eval_f1_micro": 0.9270470490114311,
        "eval_runtime": 6.4635,
        "eval_samples_per_second": 188.599,
        "eval_steps_per_second": 23.672
    },
    "baseline_en": {
        "eval_loss": 0.4282194972038269,
        "eval_model_preparation_time": 0.0281,
        "eval_accuracy": 0.9272923514693617,
        "eval_precision_macro": 0.7394338940626158,
        "eval_recall_macro": 0.8070816189336311,
        "eval_f1_macro": 0.7470431330299582,
        "eval_precision_micro": 0.9272923514693617,
        "eval_recall_micro": 0.9272923514693617,
        "eval_f1_micro": 0.9272923514693617,
        "eval_runtime": 6.4284,
        "eval_samples_per_second": 189.627,
        "eval_steps_per_second": 23.801
    },
    "baseline_task_adapter": {
        "eval_loss": 0.38710349798202515,
        "eval_model_preparation_time": 0.0263,
        "eval_accuracy": 0.9276357749104646,
        "eval_precision_macro": 0.7309046693965011,
        "eval_recall_macro": 0.797149136278376,
        "eval_f1_macro": 0.735677900697709,
        "eval_precision_micro": 0.9276357749104646,
        "eval_recall_micro": 0.9276357749104646,
        "eval_f1_micro": 0.9276357749104646,
        "eval_runtime": 5.8579,
        "eval_samples_per_second": 208.093,
        "eval_steps_per_second": 26.118
    },
    "baseline_avg_adapter": {
        "eval_loss": 0.366100937128067,
        "eval_model_preparation_time": 0.0287,
        "eval_accuracy": 0.925820536721778,
        "eval_precision_macro": 0.7275478729803713,
        "eval_recall_macro": 0.7974054977743172,
        "eval_f1_macro": 0.7330505965754802,
        "eval_precision_micro": 0.925820536721778,
        "eval_recall_micro": 0.925820536721778,
        "eval_f1_micro": 0.925820536721778,
        "eval_runtime": 6.4919,
        "eval_samples_per_second": 187.771,
        "eval_steps_per_second": 23.568
    },
    "baseline_closest_featural": {
        "eval_loss": 0.3823402523994446,
        "eval_model_preparation_time": 0.0279,
        "eval_accuracy": 0.9280773193347397,
        "eval_precision_macro": 0.7455129254917482,
        "eval_recall_macro": 0.8005982495095085,
        "eval_f1_macro": 0.7467291698716532,
        "eval_precision_micro": 0.9280773193347397,
        "eval_recall_micro": 0.9280773193347397,
        "eval_f1_micro": 0.9280773193347397,
        "eval_runtime": 6.4856,
        "eval_samples_per_second": 187.954,
        "eval_steps_per_second": 23.591
    },
    "no_train_gain": {
        "eval_loss": 0.4029275178909302,
        "eval_model_preparation_time": 0.0275,
        "eval_accuracy": 0.9286660452337733,
        "eval_precision_macro": 0.726753720607981,
        "eval_recall_macro": 0.8015480700582992,
        "eval_f1_macro": 0.7350573159025898,
        "eval_precision_micro": 0.9286660452337733,
        "eval_recall_micro": 0.9286660452337733,
        "eval_f1_micro": 0.9286660452337733,
        "eval_runtime": 6.4744,
        "eval_samples_per_second": 188.28,
        "eval_steps_per_second": 23.631
    }
}
