{
    "reconstructed_featural": {
        "eval_loss": 0.40517866611480713,
        "eval_model_preparation_time": 0.0272,
        "eval_accuracy": 0.9268017465535004,
        "eval_precision_macro": 0.7337759218946077,
        "eval_recall_macro": 0.7993006926857443,
        "eval_f1_macro": 0.7392761583426419,
        "eval_precision_micro": 0.9268017465535004,
        "eval_recall_micro": 0.9268017465535004,
        "eval_f1_micro": 0.9268017465535004,
        "eval_runtime": 6.4474,
        "eval_samples_per_second": 189.068,
        "eval_steps_per_second": 23.73
    }
}
