{
    "reconstructed_syntactic": {
        "eval_loss": 0.40423983335494995,
        "eval_model_preparation_time": 0.0278,
        "eval_accuracy": 0.9268998675366728,
        "eval_precision_macro": 0.7338929981749462,
        "eval_recall_macro": 0.7992769738785087,
        "eval_f1_macro": 0.73917898645266,
        "eval_precision_micro": 0.9268998675366728,
        "eval_recall_micro": 0.9268998675366728,
        "eval_f1_micro": 0.9268998675366728,
        "eval_runtime": 6.5925,
        "eval_samples_per_second": 184.907,
        "eval_steps_per_second": 23.208
    },
    "reconstructed_morphological": {
        "eval_loss": 0.4048132598400116,
        "eval_model_preparation_time": 0.0282,
        "eval_accuracy": 0.9268998675366728,
        "eval_precision_macro": 0.7338690893259237,
        "eval_recall_macro": 0.7994174860831894,
        "eval_f1_macro": 0.7392420279839026,
        "eval_precision_micro": 0.9268998675366728,
        "eval_recall_micro": 0.9268998675366728,
        "eval_f1_micro": 0.9268998675366728,
        "eval_runtime": 6.5921,
        "eval_samples_per_second": 184.918,
        "eval_steps_per_second": 23.21
    }
}
