{
    "reconstructed_syntactic": {
        "eval_loss": 1.072859525680542,
        "eval_model_preparation_time": 0.0287,
        "eval_precision": 0.6336477987421384,
        "eval_recall": 0.6750418760469011,
        "eval_f1": 0.6536901865369018,
        "eval_accuracy": 0.7901825467497774,
        "eval_runtime": 2.8769,
        "eval_samples_per_second": 347.591,
        "eval_steps_per_second": 43.449
    },
    "reconstructed_morphological": {
        "eval_loss": 1.0759223699569702,
        "eval_model_preparation_time": 0.028,
        "eval_precision": 0.636650868878357,
        "eval_recall": 0.6750418760469011,
        "eval_f1": 0.6552845528455283,
        "eval_accuracy": 0.7907390917186109,
        "eval_runtime": 3.7412,
        "eval_samples_per_second": 267.295,
        "eval_steps_per_second": 33.412
    }
}
