{
    "reconstructed_featural": {
        "eval_loss": 1.0883777141571045,
        "eval_model_preparation_time": 0.0275,
        "eval_precision": 0.6388888888888888,
        "eval_recall": 0.6742043551088778,
        "eval_f1": 0.6560717196414018,
        "eval_accuracy": 0.7905164737310775,
        "eval_runtime": 2.7528,
        "eval_samples_per_second": 363.266,
        "eval_steps_per_second": 45.408
    },
    "reconstructed_syntactic": {
        "eval_loss": 1.0662199258804321,
        "eval_model_preparation_time": 0.0284,
        "eval_precision": 0.6580852775543041,
        "eval_recall": 0.6850921273031826,
        "eval_f1": 0.6713171932704144,
        "eval_accuracy": 0.7960819234194123,
        "eval_runtime": 2.7525,
        "eval_samples_per_second": 363.301,
        "eval_steps_per_second": 45.413
    },
    "reconstructed_morphological": {
        "eval_loss": 1.0275452136993408,
        "eval_model_preparation_time": 0.0293,
        "eval_precision": 0.6680129240710824,
        "eval_recall": 0.6926298157453936,
        "eval_f1": 0.6800986842105263,
        "eval_accuracy": 0.8016473731077471,
        "eval_runtime": 2.789,
        "eval_samples_per_second": 358.549,
        "eval_steps_per_second": 44.819
    }
}