{
    "reconstructed_featural": {
        "eval_loss": 0.786916971206665,
        "eval_model_preparation_time": 0.027,
        "eval_precision": 0.38081603435934147,
        "eval_recall": 0.42868654311039484,
        "eval_f1": 0.4033358605003791,
        "eval_accuracy": 0.8016568047337278,
        "eval_runtime": 3.9463,
        "eval_samples_per_second": 253.4,
        "eval_steps_per_second": 31.675
    }
}