{
    "reconstructed_featural": {
        "eval_loss": 0.719352126121521,
        "eval_model_preparation_time": 0.0278,
        "eval_precision": 0.40168539325842695,
        "eval_recall": 0.46091861402095086,
        "eval_f1": 0.4292682926829268,
        "eval_accuracy": 0.8155621301775148,
        "eval_runtime": 2.894,
        "eval_samples_per_second": 345.543,
        "eval_steps_per_second": 43.193
    },
    "reconstructed_syntactic": {
        "eval_loss": 0.7382943034172058,
        "eval_model_preparation_time": 0.0289,
        "eval_precision": 0.4015748031496063,
        "eval_recall": 0.4520547945205479,
        "eval_f1": 0.42532221379833207,
        "eval_accuracy": 0.815680473372781,
        "eval_runtime": 2.9606,
        "eval_samples_per_second": 337.764,
        "eval_steps_per_second": 42.22
    },
    "reconstructed_morphological": {
        "eval_loss": 0.7181187868118286,
        "eval_model_preparation_time": 0.0283,
        "eval_precision": 0.3959778085991678,
        "eval_recall": 0.46011281224818695,
        "eval_f1": 0.4256429370108088,
        "eval_accuracy": 0.8127218934911242,
        "eval_runtime": 4.176,
        "eval_samples_per_second": 239.463,
        "eval_steps_per_second": 29.933
    }
}