{
    "reconstructed_featural": {
        "eval_loss": 3.4372589588165283,
        "eval_model_preparation_time": 0.0277,
        "eval_accuracy": 0.6116236162361623,
        "eval_precision_macro": 0.3627927404947109,
        "eval_recall_macro": 0.46409671876306685,
        "eval_f1_macro": 0.39518371291942156,
        "eval_precision_micro": 0.6116236162361623,
        "eval_recall_micro": 0.6116236162361623,
        "eval_f1_micro": 0.6116236162361623,
        "eval_runtime": 0.6449,
        "eval_samples_per_second": 186.07,
        "eval_steps_per_second": 23.259
    },
    "baseline_en": {
        "eval_loss": 3.604335069656372,
        "eval_model_preparation_time": 0.0279,
        "eval_accuracy": 0.6010147601476015,
        "eval_precision_macro": 0.37691603201679746,
        "eval_recall_macro": 0.4563737014116705,
        "eval_f1_macro": 0.3914947388355604,
        "eval_precision_micro": 0.6010147601476015,
        "eval_recall_micro": 0.6010147601476015,
        "eval_f1_micro": 0.6010147601476015,
        "eval_runtime": 0.6428,
        "eval_samples_per_second": 186.695,
        "eval_steps_per_second": 23.337
    },
    "baseline_task_adapter": {
        "eval_loss": 3.175171375274658,
        "eval_model_preparation_time": 0.0266,
        "eval_accuracy": 0.6074723247232472,
        "eval_precision_macro": 0.3864181814401479,
        "eval_recall_macro": 0.46205136775036976,
        "eval_f1_macro": 0.39159590721979093,
        "eval_precision_micro": 0.6074723247232472,
        "eval_recall_micro": 0.6074723247232472,
        "eval_f1_micro": 0.6074723247232472,
        "eval_runtime": 0.5866,
        "eval_samples_per_second": 204.562,
        "eval_steps_per_second": 25.57
    },
    "baseline_avg_adapter": {
        "eval_loss": 2.8450191020965576,
        "eval_model_preparation_time": 0.028,
        "eval_accuracy": 0.584409594095941,
        "eval_precision_macro": 0.3481118735255987,
        "eval_recall_macro": 0.44713598557323053,
        "eval_f1_macro": 0.3738155115383049,
        "eval_precision_micro": 0.584409594095941,
        "eval_recall_micro": 0.584409594095941,
        "eval_f1_micro": 0.584409594095941,
        "eval_runtime": 0.645,
        "eval_samples_per_second": 186.056,
        "eval_steps_per_second": 23.257
    },
    "baseline_closest_featural": {
        "eval_loss": 3.5340967178344727,
        "eval_model_preparation_time": 0.0289,
        "eval_accuracy": 0.6111623616236163,
        "eval_precision_macro": 0.37431029678494987,
        "eval_recall_macro": 0.4693192593799269,
        "eval_f1_macro": 0.39881996022864147,
        "eval_precision_micro": 0.6111623616236163,
        "eval_recall_micro": 0.6111623616236163,
        "eval_f1_micro": 0.6111623616236163,
        "eval_runtime": 0.6447,
        "eval_samples_per_second": 186.131,
        "eval_steps_per_second": 23.266
    },
    "no_train_gain": {
        "eval_loss": 3.6058084964752197,
        "eval_model_preparation_time": 0.0292,
        "eval_accuracy": 0.6023985239852399,
        "eval_precision_macro": 0.3897325432651358,
        "eval_recall_macro": 0.45503038496512604,
        "eval_f1_macro": 0.39137032389706045,
        "eval_precision_micro": 0.6023985239852399,
        "eval_recall_micro": 0.6023985239852399,
        "eval_f1_micro": 0.6023985239852399,
        "eval_runtime": 0.647,
        "eval_samples_per_second": 185.459,
        "eval_steps_per_second": 23.182
    }
}