{
    "reconstructed_featural": {
        "eval_loss": 0.621353030204773,
        "eval_model_preparation_time": 0.0274,
        "eval_precision": 0.3773851590106007,
        "eval_recall": 0.4560204953031597,
        "eval_f1": 0.41299303944315546,
        "eval_accuracy": 0.8282114806810394,
        "eval_runtime": 2.9628,
        "eval_samples_per_second": 337.514,
        "eval_steps_per_second": 42.189
    }
}
