{
    "reconstructed_syntactic": {
        "eval_loss": 0.917701005935669,
        "eval_model_preparation_time": 0.0275,
        "eval_accuracy": 0.869625520110957,
        "eval_precision_macro": 0.4921619967755883,
        "eval_recall_macro": 0.4791092120355994,
        "eval_f1_macro": 0.46727096117833633,
        "eval_precision_micro": 0.869625520110957,
        "eval_recall_micro": 0.869625520110957,
        "eval_f1_micro": 0.869625520110957,
        "eval_runtime": 0.8071,
        "eval_samples_per_second": 180.893,
        "eval_steps_per_second": 23.541
    },
    "reconstructed_morphological": {
        "eval_loss": 0.9136103987693787,
        "eval_model_preparation_time": 0.0275,
        "eval_accuracy": 0.871012482662968,
        "eval_precision_macro": 0.5593327973402182,
        "eval_recall_macro": 0.4924425453689328,
        "eval_f1_macro": 0.48991878775874714,
        "eval_precision_micro": 0.871012482662968,
        "eval_recall_micro": 0.871012482662968,
        "eval_f1_micro": 0.871012482662968,
        "eval_runtime": 0.8077,
        "eval_samples_per_second": 180.755,
        "eval_steps_per_second": 23.523
    }
}