{
    "reconstructed_featural": {
        "eval_loss": 0.8712846636772156,
        "eval_model_preparation_time": 0.027,
        "eval_precision": 0.27692307692307694,
        "eval_recall": 0.36,
        "eval_f1": 0.31304347826086953,
        "eval_accuracy": 0.7404580152671756,
        "eval_runtime": 0.3575,
        "eval_samples_per_second": 279.744,
        "eval_steps_per_second": 36.367
    }
}