{
    "reconstructed_featural": {
        "eval_loss": 0.8797422051429749,
        "eval_model_preparation_time": 0.0357,
        "eval_precision": 0.27906976744186046,
        "eval_recall": 0.36,
        "eval_f1": 0.314410480349345,
        "eval_accuracy": 0.7352099236641222,
        "eval_runtime": 0.3761,
        "eval_samples_per_second": 265.863,
        "eval_steps_per_second": 34.562
    },
    "reconstructed_syntactic": {
        "eval_loss": 0.8797422051429749,
        "eval_model_preparation_time": 0.0284,
        "eval_precision": 0.27906976744186046,
        "eval_recall": 0.36,
        "eval_f1": 0.314410480349345,
        "eval_accuracy": 0.7352099236641222,
        "eval_runtime": 0.3235,
        "eval_samples_per_second": 309.106,
        "eval_steps_per_second": 40.184
    },
    "reconstructed_morphological": {
        "eval_loss": 0.8694136738777161,
        "eval_model_preparation_time": 0.0281,
        "eval_precision": 0.27906976744186046,
        "eval_recall": 0.36,
        "eval_f1": 0.314410480349345,
        "eval_accuracy": 0.7395038167938931,
        "eval_runtime": 0.3224,
        "eval_samples_per_second": 310.219,
        "eval_steps_per_second": 40.328
    }
}
