{
    "reconstructed_featural": {
        "eval_loss": 3.6410698890686035,
        "eval_model_preparation_time": 0.0269,
        "eval_precision": 0.03251720275244039,
        "eval_recall": 0.04910584823586273,
        "eval_f1": 0.039125830364879176,
        "eval_accuracy": 0.20282164051855442,
        "eval_runtime": 108.2487,
        "eval_samples_per_second": 92.38,
        "eval_steps_per_second": 11.547
    }
}
