{
    "reconstructed_featural": {
        "eval_loss": 4.277369022369385,
        "eval_model_preparation_time": 0.0301,
        "eval_accuracy": 0.4901442523071409,
        "eval_precision_macro": 0.46332741285218415,
        "eval_recall_macro": 0.4839608154297727,
        "eval_f1_macro": 0.3760761247239306,
        "eval_precision_micro": 0.4901442523071409,
        "eval_recall_micro": 0.4901442523071409,
        "eval_f1_micro": 0.4901442523071409,
        "eval_runtime": 5.263,
        "eval_samples_per_second": 190.004,
        "eval_steps_per_second": 23.751
    },
    "reconstructed_syntactic": {
        "eval_loss": 4.294854640960693,
        "eval_model_preparation_time": 0.0281,
        "eval_accuracy": 0.48893468327210826,
        "eval_precision_macro": 0.45916288438797215,
        "eval_recall_macro": 0.4835364718623242,
        "eval_f1_macro": 0.37486629966989665,
        "eval_precision_micro": 0.48893468327210826,
        "eval_recall_micro": 0.48893468327210826,
        "eval_f1_micro": 0.48893468327210826,
        "eval_runtime": 5.1268,
        "eval_samples_per_second": 195.055,
        "eval_steps_per_second": 24.382
    },
    "reconstructed_morphological": {
        "eval_loss": 4.285289287567139,
        "eval_model_preparation_time": 0.028,
        "eval_accuracy": 0.48629155093629606,
        "eval_precision_macro": 0.43574442766637483,
        "eval_recall_macro": 0.45605652307182815,
        "eval_f1_macro": 0.35343081068843485,
        "eval_precision_micro": 0.48629155093629606,
        "eval_recall_micro": 0.48629155093629606,
        "eval_f1_micro": 0.48629155093629606,
        "eval_runtime": 5.1608,
        "eval_samples_per_second": 193.768,
        "eval_steps_per_second": 24.221
    },
    "baseline_en": {
        "eval_loss": 3.549579620361328,
        "eval_model_preparation_time": 0.0265,
        "eval_accuracy": 0.5495475315831915,
        "eval_precision_macro": 0.41750315361901147,
        "eval_recall_macro": 0.47920212400954626,
        "eval_f1_macro": 0.36875494621679444,
        "eval_precision_micro": 0.5495475315831915,
        "eval_recall_micro": 0.5495475315831915,
        "eval_f1_micro": 0.5495475315831915,
        "eval_runtime": 5.1681,
        "eval_samples_per_second": 193.494,
        "eval_steps_per_second": 24.187
    },
    "baseline_task_adapter": {
        "eval_loss": 4.268224716186523,
        "eval_model_preparation_time": 0.0269,
        "eval_accuracy": 0.4778245676910671,
        "eval_precision_macro": 0.4623910562195941,
        "eval_recall_macro": 0.47926117531106116,
        "eval_f1_macro": 0.3722896679990427,
        "eval_precision_micro": 0.4778245676910671,
        "eval_recall_micro": 0.4778245676910671,
        "eval_f1_micro": 0.4778245676910671,
        "eval_runtime": 4.695,
        "eval_samples_per_second": 212.99,
        "eval_steps_per_second": 26.624
    },
    "baseline_avg_adapter": {
        "eval_loss": 4.419194221496582,
        "eval_model_preparation_time": 0.029,
        "eval_accuracy": 0.4489293074097303,
        "eval_precision_macro": 0.48566962136144565,
        "eval_recall_macro": 0.45725904411120905,
        "eval_f1_macro": 0.3548812829931457,
        "eval_precision_micro": 0.4489293074097303,
        "eval_recall_micro": 0.4489293074097303,
        "eval_f1_micro": 0.4489293074097303,
        "eval_runtime": 5.1874,
        "eval_samples_per_second": 192.775,
        "eval_steps_per_second": 24.097
    },
    "baseline_closest_featural": {
        "eval_loss": 5.149427890777588,
        "eval_model_preparation_time": 0.0273,
        "eval_accuracy": 0.44014873219245587,
        "eval_precision_macro": 0.4826214088207365,
        "eval_recall_macro": 0.4528422397530433,
        "eval_f1_macro": 0.3590922675663072,
        "eval_precision_micro": 0.44014873219245587,
        "eval_recall_micro": 0.44014873219245587,
        "eval_f1_micro": 0.44014873219245587,
        "eval_runtime": 5.1642,
        "eval_samples_per_second": 193.642,
        "eval_steps_per_second": 24.205
    },
    "baseline_closest_syntactic": {
        "eval_loss": 5.149427890777588,
        "eval_model_preparation_time": 0.0278,
        "eval_accuracy": 0.44014873219245587,
        "eval_precision_macro": 0.4826214088207365,
        "eval_recall_macro": 0.4528422397530433,
        "eval_f1_macro": 0.3590922675663072,
        "eval_precision_micro": 0.44014873219245587,
        "eval_recall_micro": 0.44014873219245587,
        "eval_f1_micro": 0.44014873219245587,
        "eval_runtime": 5.1947,
        "eval_samples_per_second": 192.503,
        "eval_steps_per_second": 24.063
    },
    "baseline_closest_morphological": {
        "eval_loss": 5.149427890777588,
        "eval_model_preparation_time": 0.0285,
        "eval_accuracy": 0.44014873219245587,
        "eval_precision_macro": 0.4826214088207365,
        "eval_recall_macro": 0.4528422397530433,
        "eval_f1_macro": 0.3590922675663072,
        "eval_precision_micro": 0.44014873219245587,
        "eval_recall_micro": 0.44014873219245587,
        "eval_f1_micro": 0.44014873219245587,
        "eval_runtime": 5.192,
        "eval_samples_per_second": 192.605,
        "eval_steps_per_second": 24.076
    },
    "no_train_gain": {
        "eval_loss": 3.507457971572876,
        "eval_model_preparation_time": 0.0281,
        "eval_accuracy": 0.5553713824926082,
        "eval_precision_macro": 0.42117726536712824,
        "eval_recall_macro": 0.481712268031808,
        "eval_f1_macro": 0.37296585392016157,
        "eval_precision_micro": 0.5553713824926082,
        "eval_recall_micro": 0.5553713824926082,
        "eval_f1_micro": 0.5553713824926082,
        "eval_runtime": 5.1984,
        "eval_samples_per_second": 192.367,
        "eval_steps_per_second": 24.046
    }
}