{
    "reconstructed_featural": {
        "eval_loss": 4.205074310302734,
        "eval_model_preparation_time": 0.0279,
        "eval_accuracy": 0.4958785055102589,
        "eval_precision_macro": 0.4364359321288963,
        "eval_recall_macro": 0.459057501552228,
        "eval_f1_macro": 0.3556729970304764,
        "eval_precision_micro": 0.4958785055102589,
        "eval_recall_micro": 0.4958785055102589,
        "eval_f1_micro": 0.4958785055102589,
        "eval_runtime": 5.2927,
        "eval_samples_per_second": 188.939,
        "eval_steps_per_second": 23.617
    }
}
