{
    "reconstructed_featural": {
        "eval_loss": 4.2386250495910645,
        "eval_model_preparation_time": 0.0271,
        "eval_accuracy": 0.4928321834961025,
        "eval_precision_macro": 0.43633434714579794,
        "eval_recall_macro": 0.4582129466961984,
        "eval_f1_macro": 0.3552203192662638,
        "eval_precision_micro": 0.4928321834961025,
        "eval_recall_micro": 0.4928321834961025,
        "eval_f1_micro": 0.4928321834961025,
        "eval_runtime": 5.3159,
        "eval_samples_per_second": 188.113,
        "eval_steps_per_second": 23.514
    }
}