{
    "reconstructed_featural": {
        "eval_loss": 4.259100437164307,
        "eval_model_preparation_time": 0.0279,
        "eval_accuracy": 0.49166741331421915,
        "eval_precision_macro": 0.4373734367879258,
        "eval_recall_macro": 0.45777707475664425,
        "eval_f1_macro": 0.35520925616532517,
        "eval_precision_micro": 0.49166741331421915,
        "eval_recall_micro": 0.49166741331421915,
        "eval_f1_micro": 0.49166741331421915,
        "eval_runtime": 5.2376,
        "eval_samples_per_second": 190.928,
        "eval_steps_per_second": 23.866
    },
    "baseline_en": {
        "eval_loss": 3.549579620361328,
        "eval_model_preparation_time": 0.0268,
        "eval_accuracy": 0.5495475315831915,
        "eval_precision_macro": 0.41750315361901147,
        "eval_recall_macro": 0.47920212400954626,
        "eval_f1_macro": 0.36875494621679444,
        "eval_precision_micro": 0.5495475315831915,
        "eval_recall_micro": 0.5495475315831915,
        "eval_f1_micro": 0.5495475315831915,
        "eval_runtime": 5.2355,
        "eval_samples_per_second": 191.004,
        "eval_steps_per_second": 23.876
    },
    "baseline_task_adapter": {
        "eval_loss": 4.268224716186523,
        "eval_model_preparation_time": 0.0264,
        "eval_accuracy": 0.4778245676910671,
        "eval_precision_macro": 0.4623910562195941,
        "eval_recall_macro": 0.47926117531106116,
        "eval_f1_macro": 0.3722896679990427,
        "eval_precision_micro": 0.4778245676910671,
        "eval_recall_micro": 0.4778245676910671,
        "eval_f1_micro": 0.4778245676910671,
        "eval_runtime": 4.7628,
        "eval_samples_per_second": 209.959,
        "eval_steps_per_second": 26.245
    },
    "baseline_avg_adapter": {
        "eval_loss": 4.419194221496582,
        "eval_model_preparation_time": 0.0291,
        "eval_accuracy": 0.4489293074097303,
        "eval_precision_macro": 0.48566962136144565,
        "eval_recall_macro": 0.45725904411120905,
        "eval_f1_macro": 0.3548812829931457,
        "eval_precision_micro": 0.4489293074097303,
        "eval_recall_micro": 0.4489293074097303,
        "eval_f1_micro": 0.4489293074097303,
        "eval_runtime": 5.2328,
        "eval_samples_per_second": 191.104,
        "eval_steps_per_second": 23.888
    },
    "baseline_closest_featural": {
        "eval_loss": 5.149427890777588,
        "eval_model_preparation_time": 0.0272,
        "eval_accuracy": 0.44014873219245587,
        "eval_precision_macro": 0.4826214088207365,
        "eval_recall_macro": 0.4528422397530433,
        "eval_f1_macro": 0.3590922675663072,
        "eval_precision_micro": 0.44014873219245587,
        "eval_recall_micro": 0.44014873219245587,
        "eval_f1_micro": 0.44014873219245587,
        "eval_runtime": 5.2371,
        "eval_samples_per_second": 190.944,
        "eval_steps_per_second": 23.868
    },
    "no_train_gain": {
        "eval_loss": 3.507457971572876,
        "eval_model_preparation_time": 0.028,
        "eval_accuracy": 0.5553713824926082,
        "eval_precision_macro": 0.42117726536712824,
        "eval_recall_macro": 0.481712268031808,
        "eval_f1_macro": 0.37296585392016157,
        "eval_precision_micro": 0.5553713824926082,
        "eval_recall_micro": 0.5553713824926082,
        "eval_f1_micro": 0.5553713824926082,
        "eval_runtime": 5.2389,
        "eval_samples_per_second": 190.88,
        "eval_steps_per_second": 23.86
    }
}
