{
    "reconstructed_featural": {
        "exact_match": 58.403361344537814,
        "f1": 69.10962846677124
    },
    "baseline_en": {
        "exact_match": 58.15126050420168,
        "f1": 68.98950862396228
    },
    "baseline_task_adapter": {
        "exact_match": 58.0672268907563,
        "f1": 69.23381147330718
    },
    "baseline_avg_adapter": {
        "exact_match": 51.84873949579832,
        "f1": 62.44297765726331
    },
    "baseline_closest_featural": {
        "exact_match": 56.72268907563025,
        "f1": 68.3861878084566
    },
    "no_train_gain": {
        "exact_match": 58.23529411764706,
        "f1": 68.93683654298415
    }
}