{
    "reconstructed_featural": {
        "exact_match": 58.15126050420168,
        "f1": 68.95556684212137
    },
    "reconstructed_syntactic": {
        "exact_match": 58.0672268907563,
        "f1": 68.94676332071278
    },
    "reconstructed_morphological": {
        "exact_match": 58.65546218487395,
        "f1": 68.98897507721027
    }
}