{
    "reconstructed_featural": {
        "exact_match": 58.739495798319325,
        "f1": 69.22133981797836
    },
    "reconstructed_morphological": {
        "exact_match": 58.65546218487395,
        "f1": 68.50571510655534
    },
    "reconstructed_syntactic": {
        "exact_match": 58.48739495798319,
        "f1": 69.06254296590421
    }
}