{
    "reconstructed_syntactic": {
        "exact_match": 58.319327731092436,
        "f1": 69.04240157601492
    },
    "reconstructed_morphological": {
        "exact_match": 58.403361344537814,
        "f1": 69.2216732846984
    }
}