{
    "reconstructed_syntactic": {
        "eval_loss": 1.1460368633270264,
        "eval_model_preparation_time": 0.0281,
        "eval_precision": 0.2865853658536585,
        "eval_recall": 0.44761904761904764,
        "eval_f1": 0.3494423791821561,
        "eval_accuracy": 0.6975903614457831,
        "eval_runtime": 0.3926,
        "eval_samples_per_second": 254.701,
        "eval_steps_per_second": 33.111
    },
    "reconstructed_morphological": {
        "eval_loss": 1.144229769706726,
        "eval_model_preparation_time": 0.0283,
        "eval_precision": 0.28313253012048195,
        "eval_recall": 0.44761904761904764,
        "eval_f1": 0.34686346863468637,
        "eval_accuracy": 0.7006024096385542,
        "eval_runtime": 0.3904,
        "eval_samples_per_second": 256.162,
        "eval_steps_per_second": 33.301
    }
}
