{
    "reconstructed_featural": {
        "eval_loss": 0.7247905731201172,
        "eval_model_preparation_time": 0.0276,
        "eval_precision": 0.6591889559965487,
        "eval_recall": 0.7388781431334622,
        "eval_f1": 0.6967624259005927,
        "eval_accuracy": 0.796757457846952,
        "eval_runtime": 3.1567,
        "eval_samples_per_second": 316.785,
        "eval_steps_per_second": 39.598
    },
    "reconstructed_syntactic": {
        "eval_loss": 0.7242227792739868,
        "eval_model_preparation_time": 0.0335,
        "eval_precision": 0.6467065868263473,
        "eval_recall": 0.7311411992263056,
        "eval_f1": 0.6863368134362233,
        "eval_accuracy": 0.7983138780804151,
        "eval_runtime": 3.7602,
        "eval_samples_per_second": 265.945,
        "eval_steps_per_second": 33.243
    },
    "reconstructed_morphological": {
        "eval_loss": 0.718710720539093,
        "eval_model_preparation_time": 0.0331,
        "eval_precision": 0.6536796536796536,
        "eval_recall": 0.730174081237911,
        "eval_f1": 0.689812699862951,
        "eval_accuracy": 0.7959792477302204,
        "eval_runtime": 3.5727,
        "eval_samples_per_second": 279.9,
        "eval_steps_per_second": 34.987
    }
}
