{
    "reconstructed_featural": {
        "eval_loss": 0.7260949611663818,
        "eval_model_preparation_time": 0.0271,
        "eval_precision": 0.658599827139153,
        "eval_recall": 0.7369439071566731,
        "eval_f1": 0.6955727978092195,
        "eval_accuracy": 0.7945525291828793,
        "eval_runtime": 2.7608,
        "eval_samples_per_second": 362.21,
        "eval_steps_per_second": 45.276
    }
}
