{
    "reconstructed_featural": {
        "eval_loss": 0.7238659262657166,
        "eval_model_preparation_time": 0.0282,
        "eval_precision": 0.6517626827171109,
        "eval_recall": 0.7330754352030948,
        "eval_f1": 0.6900318616294947,
        "eval_accuracy": 0.7927367055771725,
        "eval_runtime": 2.7492,
        "eval_samples_per_second": 363.744,
        "eval_steps_per_second": 45.468
    }
}