{
    "reconstructed_syntactic": {
        "eval_loss": 0.7227852940559387,
        "eval_model_preparation_time": 0.028,
        "eval_precision": 0.6327396098388465,
        "eval_recall": 0.7214700193423598,
        "eval_f1": 0.6741979213737009,
        "eval_accuracy": 0.7893644617380026,
        "eval_runtime": 3.6976,
        "eval_samples_per_second": 270.447,
        "eval_steps_per_second": 33.806
    },
    "reconstructed_morphological": {
        "eval_loss": 0.724205493927002,
        "eval_model_preparation_time": 0.0286,
        "eval_precision": 0.6306001690617076,
        "eval_recall": 0.7214700193423598,
        "eval_f1": 0.6729815065403698,
        "eval_accuracy": 0.7893644617380026,
        "eval_runtime": 2.9323,
        "eval_samples_per_second": 341.03,
        "eval_steps_per_second": 42.629
    }
}