{
    "reconstructed_featural": {
        "eval_loss": 3.2405810356140137,
        "eval_model_preparation_time": 0.0272,
        "eval_accuracy": 0.6077768385460693,
        "eval_precision_macro": 0.45679467264764867,
        "eval_recall_macro": 0.46397461377504917,
        "eval_f1_macro": 0.4290892590339133,
        "eval_precision_micro": 0.6077768385460693,
        "eval_recall_micro": 0.6077768385460693,
        "eval_f1_micro": 0.6077768385460693,
        "eval_runtime": 0.5125,
        "eval_samples_per_second": 183.431,
        "eval_steps_per_second": 23.417
    }
}