{
    "reconstructed_featural": {
        "eval_loss": 3.21421480178833,
        "eval_model_preparation_time": 0.0281,
        "eval_accuracy": 0.6086221470836856,
        "eval_precision_macro": 0.4596807618425476,
        "eval_recall_macro": 0.46482931462975,
        "eval_f1_macro": 0.4306408515205596,
        "eval_precision_micro": 0.6086221470836856,
        "eval_recall_micro": 0.6086221470836856,
        "eval_f1_micro": 0.6086221470836856,
        "eval_runtime": 0.5087,
        "eval_samples_per_second": 184.785,
        "eval_steps_per_second": 23.59
    },
    "baseline_en": {
        "eval_loss": 3.2851076126098633,
        "eval_model_preparation_time": 0.0266,
        "eval_accuracy": 0.6069315300084531,
        "eval_precision_macro": 0.4262643831113808,
        "eval_recall_macro": 0.4595361413204448,
        "eval_f1_macro": 0.41516165064029376,
        "eval_precision_micro": 0.6069315300084531,
        "eval_recall_micro": 0.6069315300084531,
        "eval_f1_micro": 0.6069315300084531,
        "eval_runtime": 0.5079,
        "eval_samples_per_second": 185.091,
        "eval_steps_per_second": 23.629
    },
    "baseline_task_adapter": {
        "eval_loss": 2.837531328201294,
        "eval_model_preparation_time": 0.0283,
        "eval_accuracy": 0.6136939983093829,
        "eval_precision_macro": 0.45245483748526666,
        "eval_recall_macro": 0.4805559488032368,
        "eval_f1_macro": 0.44548077053661495,
        "eval_precision_micro": 0.6136939983093829,
        "eval_recall_micro": 0.6136939983093829,
        "eval_f1_micro": 0.6136939983093829,
        "eval_runtime": 0.4667,
        "eval_samples_per_second": 201.427,
        "eval_steps_per_second": 25.714
    },
    "baseline_avg_adapter": {
        "eval_loss": 2.6608054637908936,
        "eval_model_preparation_time": 0.0291,
        "eval_accuracy": 0.5731191885038038,
        "eval_precision_macro": 0.4588923234975867,
        "eval_recall_macro": 0.45547585534732005,
        "eval_f1_macro": 0.4197858253950945,
        "eval_precision_micro": 0.5731191885038038,
        "eval_recall_micro": 0.5731191885038038,
        "eval_f1_micro": 0.5731191885038038,
        "eval_runtime": 0.5128,
        "eval_samples_per_second": 183.313,
        "eval_steps_per_second": 23.402
    },
    "baseline_closest_featural": {
        "eval_loss": 3.125763177871704,
        "eval_model_preparation_time": 0.0276,
        "eval_accuracy": 0.5418427726120034,
        "eval_precision_macro": 0.4221795305407331,
        "eval_recall_macro": 0.4173285859005349,
        "eval_f1_macro": 0.37387951717496387,
        "eval_precision_micro": 0.5418427726120034,
        "eval_recall_micro": 0.5418427726120034,
        "eval_f1_micro": 0.5418427726120034,
        "eval_runtime": 0.5103,
        "eval_samples_per_second": 184.2,
        "eval_steps_per_second": 23.515
    },
    "no_train_gain": {
        "eval_loss": 3.323254108428955,
        "eval_model_preparation_time": 0.0281,
        "eval_accuracy": 0.6120033812341504,
        "eval_precision_macro": 0.46483651131394793,
        "eval_recall_macro": 0.4849439810805534,
        "eval_f1_macro": 0.439747679447517,
        "eval_precision_micro": 0.6120033812341504,
        "eval_recall_micro": 0.6120033812341504,
        "eval_f1_micro": 0.6120033812341504,
        "eval_runtime": 0.5092,
        "eval_samples_per_second": 184.617,
        "eval_steps_per_second": 23.568
    }
}
