{
    "reconstructed_featural": {
        "eval_loss": 4.21031379699707,
        "eval_model_preparation_time": 0.0286,
        "eval_accuracy": 0.39759036144578314,
        "eval_precision_macro": 0.11782661782661782,
        "eval_recall_macro": 0.202991452991453,
        "eval_f1_macro": 0.13114100798539122,
        "eval_precision_micro": 0.39759036144578314,
        "eval_recall_micro": 0.39759036144578314,
        "eval_f1_micro": 0.39759036144578314,
        "eval_runtime": 0.0399,
        "eval_samples_per_second": 200.503,
        "eval_steps_per_second": 25.063
    },
    "reconstructed_syntactic": {
        "eval_loss": 4.21278190612793,
        "eval_model_preparation_time": 0.028,
        "eval_accuracy": 0.39759036144578314,
        "eval_precision_macro": 0.11782661782661782,
        "eval_recall_macro": 0.202991452991453,
        "eval_f1_macro": 0.13114100798539122,
        "eval_precision_micro": 0.39759036144578314,
        "eval_recall_micro": 0.39759036144578314,
        "eval_f1_micro": 0.39759036144578314,
        "eval_runtime": 0.0403,
        "eval_samples_per_second": 198.378,
        "eval_steps_per_second": 24.797
    },
    "reconstructed_morphological": {
        "eval_loss": 4.20086145401001,
        "eval_model_preparation_time": 0.0282,
        "eval_accuracy": 0.3855421686746988,
        "eval_precision_macro": 0.11664487274243371,
        "eval_recall_macro": 0.20085470085470086,
        "eval_f1_macro": 0.12917474682180566,
        "eval_precision_micro": 0.3855421686746988,
        "eval_recall_micro": 0.3855421686746988,
        "eval_f1_micro": 0.3855421686746988,
        "eval_runtime": 0.0403,
        "eval_samples_per_second": 198.34,
        "eval_steps_per_second": 24.793
    }
}
