{
    "reconstructed_featural": {
        "eval_loss": 0.43234896659851074,
        "eval_model_preparation_time": 0.0272,
        "eval_precision": 0.5598320955763643,
        "eval_recall": 0.6380363582836535,
        "eval_f1": 0.5963813979086406,
        "eval_accuracy": 0.8748212269476854,
        "eval_runtime": 28.3532,
        "eval_samples_per_second": 352.694,
        "eval_steps_per_second": 44.087
    }
}