{
    "reconstructed_featural": {
        "eval_loss": 0.43460121750831604,
        "eval_model_preparation_time": 0.0281,
        "eval_precision": 0.5591605510493112,
        "eval_recall": 0.6392875542798263,
        "eval_f1": 0.5965454483019128,
        "eval_accuracy": 0.8743695897628905,
        "eval_runtime": 29.0705,
        "eval_samples_per_second": 343.991,
        "eval_steps_per_second": 42.999
    },
    "reconstructed_syntactic": {
        "eval_loss": 0.43385618925094604,
        "eval_model_preparation_time": 0.0327,
        "eval_precision": 0.561159907000775,
        "eval_recall": 0.6395083535732685,
        "eval_f1": 0.5977778542189811,
        "eval_accuracy": 0.8752277004140008,
        "eval_runtime": 35.6577,
        "eval_samples_per_second": 280.444,
        "eval_steps_per_second": 35.056
    },
    "reconstructed_morphological": {
        "eval_loss": 0.43278011679649353,
        "eval_model_preparation_time": 0.0319,
        "eval_precision": 0.562544443726162,
        "eval_recall": 0.6404651505115183,
        "eval_f1": 0.5989812775330396,
        "eval_accuracy": 0.8755062100112909,
        "eval_runtime": 38.1537,
        "eval_samples_per_second": 262.098,
        "eval_steps_per_second": 32.762
    }
}