{
    "reconstructed_featural": {
        "eval_loss": 2.15389347076416,
        "eval_model_preparation_time": 0.0275,
        "eval_accuracy": 0.7281750638495472,
        "eval_precision_macro": 0.5866086570544167,
        "eval_recall_macro": 0.6241588159329463,
        "eval_f1_macro": 0.5273160811573475,
        "eval_precision_micro": 0.7281750638495472,
        "eval_recall_micro": 0.7281750638495472,
        "eval_f1_micro": 0.7281750638495472,
        "eval_runtime": 2.7115,
        "eval_samples_per_second": 368.796,
        "eval_steps_per_second": 46.099
    },
    "reconstructed_syntactic": {
        "eval_loss": 2.1704535484313965,
        "eval_model_preparation_time": 0.0279,
        "eval_accuracy": 0.7273043882052472,
        "eval_precision_macro": 0.578156467726966,
        "eval_recall_macro": 0.6241402751585251,
        "eval_f1_macro": 0.520996293078752,
        "eval_precision_micro": 0.7273043882052472,
        "eval_recall_micro": 0.7273043882052472,
        "eval_f1_micro": 0.7273043882052472,
        "eval_runtime": 2.6791,
        "eval_samples_per_second": 373.261,
        "eval_steps_per_second": 46.658
    },
    "reconstructed_morphological": {
        "eval_loss": 2.1560819149017334,
        "eval_model_preparation_time": 0.0277,
        "eval_accuracy": 0.7280589737636406,
        "eval_precision_macro": 0.583367018929193,
        "eval_recall_macro": 0.6244951136694425,
        "eval_f1_macro": 0.5268806367086396,
        "eval_precision_micro": 0.7280589737636406,
        "eval_recall_micro": 0.7280589737636406,
        "eval_f1_micro": 0.7280589737636406,
        "eval_runtime": 2.6589,
        "eval_samples_per_second": 376.092,
        "eval_steps_per_second": 47.012
    }
}
