{
    "reconstructed_featural": {
        "eval_loss": 2.151054859161377,
        "eval_model_preparation_time": 0.0275,
        "eval_accuracy": 0.726898072904574,
        "eval_precision_macro": 0.5812026445062972,
        "eval_recall_macro": 0.6240575370790701,
        "eval_f1_macro": 0.52998708488911,
        "eval_precision_micro": 0.726898072904574,
        "eval_recall_micro": 0.726898072904574,
        "eval_f1_micro": 0.726898072904574,
        "eval_runtime": 5.3003,
        "eval_samples_per_second": 188.668,
        "eval_steps_per_second": 23.583
    }
}
