{
    "reconstructed_featural": {
        "exact_match": 51.09243697478992,
        "f1": 68.41796573184929
    }
}