{
    "reconstructed_featural": {
        "exact_match": 52.016806722689076,
        "f1": 69.04451131461533
    }
}