{
    "reconstructed_syntactic": {
        "exact_match": 51.76470588235294,
        "f1": 68.00195059692534
    },
    "reconstructed_morphological": {
        "exact_match": 51.76470588235294,
        "f1": 67.9346058452595
    }
}