{
    "reconstructed_featural": {
        "exact_match": 52.52100840336134,
        "f1": 68.53856785448193
    },
    "reconstructed_morphological": {
        "exact_match": 51.9327731092437,
        "f1": 68.38859879233607
    },
    "reconstructed_syntactic": {
        "exact_match": 52.016806722689076,
        "f1": 67.88274141351599
    }
}
