{
    "reconstructed_featural": {
        "eval_loss": 0.7514550089836121,
        "eval_model_preparation_time": 0.028,
        "eval_precision": 0.34157754010695185,
        "eval_recall": 0.4141004862236629,
        "eval_f1": 0.37435897435897436,
        "eval_accuracy": 0.768226500102396,
        "eval_runtime": 2.6484,
        "eval_samples_per_second": 377.584,
        "eval_steps_per_second": 47.198
    },
    "baseline_en": {
        "eval_loss": 1.0868210792541504,
        "eval_model_preparation_time": 0.0272,
        "eval_precision": 0.299469964664311,
        "eval_recall": 0.2747163695299838,
        "eval_f1": 0.286559594251902,
        "eval_accuracy": 0.7336678271554372,
        "eval_runtime": 2.6862,
        "eval_samples_per_second": 372.279,
        "eval_steps_per_second": 46.535
    },
    "baseline_task_adapter": {
        "eval_loss": 0.7823801040649414,
        "eval_model_preparation_time": 0.0265,
        "eval_precision": 0.26639344262295084,
        "eval_recall": 0.3160453808752026,
        "eval_f1": 0.2891030392883618,
        "eval_accuracy": 0.7620315379889412,
        "eval_runtime": 2.3539,
        "eval_samples_per_second": 424.819,
        "eval_steps_per_second": 53.102
    },
    "baseline_avg_adapter": {
        "eval_loss": 1.2028706073760986,
        "eval_model_preparation_time": 0.0286,
        "eval_precision": 0.27497621313035203,
        "eval_recall": 0.23419773095623986,
        "eval_f1": 0.25295404814004374,
        "eval_accuracy": 0.71738685234487,
        "eval_runtime": 2.7918,
        "eval_samples_per_second": 358.194,
        "eval_steps_per_second": 44.774
    },
    "baseline_closest_featural": {
        "eval_loss": 0.755694568157196,
        "eval_model_preparation_time": 0.0269,
        "eval_precision": 0.23838495575221239,
        "eval_recall": 0.3492706645056726,
        "eval_f1": 0.28336620644312954,
        "eval_accuracy": 0.7532254761417162,
        "eval_runtime": 2.8403,
        "eval_samples_per_second": 352.072,
        "eval_steps_per_second": 44.009
    },
    "no_train_gain": {
        "eval_loss": 0.8328737616539001,
        "eval_model_preparation_time": 0.0278,
        "eval_precision": 0.3105823418910457,
        "eval_recall": 0.4019448946515397,
        "eval_f1": 0.35040621688449314,
        "eval_accuracy": 0.7431906614785992,
        "eval_runtime": 3.0212,
        "eval_samples_per_second": 330.994,
        "eval_steps_per_second": 41.374
    }
}