{
    "reconstructed_featural": {
        "eval_loss": 1.110762357711792,
        "eval_model_preparation_time": 0.0273,
        "eval_precision": 0.3191489361702128,
        "eval_recall": 0.5555555555555556,
        "eval_f1": 0.40540540540540543,
        "eval_accuracy": 0.7482826300294406,
        "eval_runtime": 0.5534,
        "eval_samples_per_second": 180.689,
        "eval_steps_per_second": 23.49
    }
}
