{
    "reconstructed_featural": {
        "eval_loss": 1.684544324874878,
        "eval_model_preparation_time": 0.0282,
        "eval_accuracy": 0.7481122942884801,
        "eval_precision_macro": 0.5361065044552213,
        "eval_recall_macro": 0.4874747182494816,
        "eval_f1_macro": 0.4343949215493531,
        "eval_precision_micro": 0.7481122942884801,
        "eval_recall_micro": 0.7481122942884801,
        "eval_f1_micro": 0.7481122942884801,
        "eval_runtime": 4.736,
        "eval_samples_per_second": 190.034,
        "eval_steps_per_second": 23.86
    }
}
