{
    "reconstructed_featural": {
        "eval_loss": 1.6943589448928833,
        "eval_model_preparation_time": 0.028,
        "eval_accuracy": 0.7498547918683446,
        "eval_precision_macro": 0.5393437118529496,
        "eval_recall_macro": 0.49151575230163264,
        "eval_f1_macro": 0.4391835540039805,
        "eval_precision_micro": 0.7498547918683446,
        "eval_recall_micro": 0.7498547918683446,
        "eval_f1_micro": 0.7498547918683446,
        "eval_runtime": 2.5325,
        "eval_samples_per_second": 355.387,
        "eval_steps_per_second": 44.621
    },
    "reconstructed_syntactic": {
        "eval_loss": 1.6939245462417603,
        "eval_model_preparation_time": 0.0281,
        "eval_accuracy": 0.7501452081316554,
        "eval_precision_macro": 0.5395423315050423,
        "eval_recall_macro": 0.49031711170621683,
        "eval_f1_macro": 0.4369971318101614,
        "eval_precision_micro": 0.7501452081316554,
        "eval_recall_micro": 0.7501452081316554,
        "eval_f1_micro": 0.7501452081316554,
        "eval_runtime": 2.5278,
        "eval_samples_per_second": 356.043,
        "eval_steps_per_second": 44.703
    },
    "reconstructed_morphological": {
        "eval_loss": 1.684472680091858,
        "eval_model_preparation_time": 0.0283,
        "eval_accuracy": 0.7480154888673766,
        "eval_precision_macro": 0.5369994909630575,
        "eval_recall_macro": 0.48567321353351084,
        "eval_f1_macro": 0.4347481577373828,
        "eval_precision_micro": 0.7480154888673766,
        "eval_recall_micro": 0.7480154888673766,
        "eval_f1_micro": 0.7480154888673766,
        "eval_runtime": 2.7097,
        "eval_samples_per_second": 332.134,
        "eval_steps_per_second": 41.701
    }
}