{
    "reconstructed_featural": {
        "eval_loss": 0.4323998987674713,
        "eval_model_preparation_time": 0.0281,
        "eval_precision": 0.5194372667240884,
        "eval_recall": 0.6741187867948432,
        "eval_f1": 0.5867548809755464,
        "eval_accuracy": 0.8565208492268761,
        "eval_runtime": 26.5865,
        "eval_samples_per_second": 376.131,
        "eval_steps_per_second": 47.016
    },
    "reconstructed_syntactic": {
        "eval_loss": 0.4408209025859833,
        "eval_model_preparation_time": 0.028,
        "eval_precision": 0.5421146953405018,
        "eval_recall": 0.6762799016320143,
        "eval_f1": 0.6018104048542723,
        "eval_accuracy": 0.8478499525519603,
        "eval_runtime": 26.8352,
        "eval_samples_per_second": 372.645,
        "eval_steps_per_second": 46.581
    },
    "reconstructed_morphological": {
        "eval_loss": 0.4459204077720642,
        "eval_model_preparation_time": 0.0283,
        "eval_precision": 0.5422670509125841,
        "eval_recall": 0.6730754899768985,
        "eval_f1": 0.6006317539484621,
        "eval_accuracy": 0.8476142629427709,
        "eval_runtime": 26.8866,
        "eval_samples_per_second": 371.933,
        "eval_steps_per_second": 46.492
    }
}
