{
    "reconstructed_featural": {
        "eval_loss": 0.42977356910705566,
        "eval_model_preparation_time": 0.0279,
        "eval_precision": 0.5302165812761993,
        "eval_recall": 0.6786645800730308,
        "eval_f1": 0.5953260336656315,
        "eval_accuracy": 0.8634612879816906,
        "eval_runtime": 30.2218,
        "eval_samples_per_second": 330.886,
        "eval_steps_per_second": 41.361
    }
}