{
    "reconstructed_featural": {
        "eval_loss": 0.4277420938014984,
        "eval_model_preparation_time": 0.0281,
        "eval_precision": 0.532228898092516,
        "eval_recall": 0.6799314404948208,
        "eval_f1": 0.5970813428440548,
        "eval_accuracy": 0.8640691190790739,
        "eval_runtime": 29.8924,
        "eval_samples_per_second": 334.533,
        "eval_steps_per_second": 41.817
    }
}
