{
    "reconstructed_featural": {
        "eval_loss": 1.0545051097869873,
        "eval_model_preparation_time": 0.0282,
        "eval_accuracy": 0.8606537960440601,
        "eval_precision_macro": 0.6480237015981961,
        "eval_recall_macro": 0.6817223463244457,
        "eval_f1_macro": 0.6254902009912291,
        "eval_precision_micro": 0.8606537960440601,
        "eval_recall_micro": 0.8606537960440601,
        "eval_f1_micro": 0.8606537960440601,
        "eval_runtime": 2.4042,
        "eval_samples_per_second": 371.016,
        "eval_steps_per_second": 46.585
    },
    "reconstructed_syntactic": {
        "eval_loss": 1.0554144382476807,
        "eval_model_preparation_time": 0.0279,
        "eval_accuracy": 0.8606537960440601,
        "eval_precision_macro": 0.6477955400828005,
        "eval_recall_macro": 0.6812442901137381,
        "eval_f1_macro": 0.6258687707506874,
        "eval_precision_micro": 0.8606537960440601,
        "eval_recall_micro": 0.8606537960440601,
        "eval_f1_micro": 0.8606537960440601,
        "eval_runtime": 2.3643,
        "eval_samples_per_second": 377.281,
        "eval_steps_per_second": 47.372
    },
    "reconstructed_morphological": {
        "eval_loss": 1.056420087814331,
        "eval_model_preparation_time": 0.0281,
        "eval_accuracy": 0.8611275612933791,
        "eval_precision_macro": 0.6487420218033715,
        "eval_recall_macro": 0.6822049882053919,
        "eval_f1_macro": 0.6267882065269034,
        "eval_precision_micro": 0.8611275612933791,
        "eval_recall_micro": 0.8611275612933791,
        "eval_f1_micro": 0.8611275612933791,
        "eval_runtime": 2.369,
        "eval_samples_per_second": 376.524,
        "eval_steps_per_second": 47.277
    }
}