{
    "reconstructed_featural": {
        "eval_loss": 1.0510081052780151,
        "eval_model_preparation_time": 0.0282,
        "eval_accuracy": 0.8601208101385763,
        "eval_precision_macro": 0.6477046752542459,
        "eval_recall_macro": 0.681212015784316,
        "eval_f1_macro": 0.6255582280618083,
        "eval_precision_micro": 0.8601208101385763,
        "eval_recall_micro": 0.8601208101385763,
        "eval_f1_micro": 0.8601208101385763,
        "eval_runtime": 4.6506,
        "eval_samples_per_second": 191.804,
        "eval_steps_per_second": 24.083
    },
    "baseline_en": {
        "eval_loss": 1.0260392427444458,
        "eval_model_preparation_time": 0.0267,
        "eval_accuracy": 0.8598839275139168,
        "eval_precision_macro": 0.6442309271953728,
        "eval_recall_macro": 0.667522148405195,
        "eval_f1_macro": 0.6191302804922625,
        "eval_precision_micro": 0.8598839275139168,
        "eval_recall_micro": 0.8598839275139168,
        "eval_f1_micro": 0.8598839275139168,
        "eval_runtime": 4.6239,
        "eval_samples_per_second": 192.91,
        "eval_steps_per_second": 24.222
    },
    "baseline_task_adapter": {
        "eval_loss": 0.9961228370666504,
        "eval_model_preparation_time": 0.0278,
        "eval_accuracy": 0.8615421058865332,
        "eval_precision_macro": 0.6459803687943909,
        "eval_recall_macro": 0.6718996832170485,
        "eval_f1_macro": 0.6243935897503478,
        "eval_precision_micro": 0.8615421058865332,
        "eval_recall_micro": 0.8615421058865332,
        "eval_f1_micro": 0.8615421058865332,
        "eval_runtime": 4.2036,
        "eval_samples_per_second": 212.199,
        "eval_steps_per_second": 26.644
    },
    "baseline_avg_adapter": {
        "eval_loss": 0.9279553890228271,
        "eval_model_preparation_time": 0.0284,
        "eval_accuracy": 0.8553831576453867,
        "eval_precision_macro": 0.6369158903389546,
        "eval_recall_macro": 0.6628644552193094,
        "eval_f1_macro": 0.6112100046570785,
        "eval_precision_micro": 0.8553831576453867,
        "eval_recall_micro": 0.8553831576453867,
        "eval_f1_micro": 0.8553831576453867,
        "eval_runtime": 4.6264,
        "eval_samples_per_second": 192.806,
        "eval_steps_per_second": 24.209
    },
    "baseline_closest_featural": {
        "eval_loss": 1.0318397283554077,
        "eval_model_preparation_time": 0.0271,
        "eval_accuracy": 0.8572189979864977,
        "eval_precision_macro": 0.6467616036444477,
        "eval_recall_macro": 0.6838402983226523,
        "eval_f1_macro": 0.6249428024455421,
        "eval_precision_micro": 0.8572189979864977,
        "eval_recall_micro": 0.8572189979864977,
        "eval_f1_micro": 0.8572189979864977,
        "eval_runtime": 4.6293,
        "eval_samples_per_second": 192.685,
        "eval_steps_per_second": 24.194
    },
    "no_train_gain": {
        "eval_loss": 1.0612856149673462,
        "eval_model_preparation_time": 0.0276,
        "eval_accuracy": 0.8602392514509061,
        "eval_precision_macro": 0.642639526799963,
        "eval_recall_macro": 0.6744044704889477,
        "eval_f1_macro": 0.6220168954599822,
        "eval_precision_micro": 0.8602392514509061,
        "eval_recall_micro": 0.8602392514509061,
        "eval_f1_micro": 0.8602392514509061,
        "eval_runtime": 4.6277,
        "eval_samples_per_second": 192.753,
        "eval_steps_per_second": 24.202
    }
}