{
    "reconstructed_featural": {
        "eval_loss": 0.8302628993988037,
        "eval_model_preparation_time": 0.0272,
        "eval_precision": 0.37735849056603776,
        "eval_recall": 0.47058823529411764,
        "eval_f1": 0.418848167539267,
        "eval_accuracy": 0.7665794459983759,
        "eval_runtime": 2.909,
        "eval_samples_per_second": 343.76,
        "eval_steps_per_second": 42.97
    }
}