{
    "reconstructed_featural": {
        "eval_loss": 0.47908255457878113,
        "eval_model_preparation_time": 0.028,
        "eval_precision": 0.6224237427864798,
        "eval_recall": 0.7467853610286844,
        "eval_f1": 0.6789568345323742,
        "eval_accuracy": 0.8645294725956567,
        "eval_runtime": 2.6714,
        "eval_samples_per_second": 374.341,
        "eval_steps_per_second": 46.793
    },
    "reconstructed_syntactic": {
        "eval_loss": 0.48110637068748474,
        "eval_model_preparation_time": 0.0283,
        "eval_precision": 0.6181069958847737,
        "eval_recall": 0.7428288822947576,
        "eval_f1": 0.6747529200359389,
        "eval_accuracy": 0.863589357901664,
        "eval_runtime": 2.7052,
        "eval_samples_per_second": 369.657,
        "eval_steps_per_second": 46.207
    },
    "reconstructed_morphological": {
        "eval_loss": 0.469081848859787,
        "eval_model_preparation_time": 0.0272,
        "eval_precision": 0.6194398682042833,
        "eval_recall": 0.7438180019782393,
        "eval_f1": 0.6759550561797752,
        "eval_accuracy": 0.8661276675754442,
        "eval_runtime": 2.6597,
        "eval_samples_per_second": 375.98,
        "eval_steps_per_second": 46.998
    }
}