{
    "reconstructed_featural": {
        "eval_loss": 0.6641191244125366,
        "eval_model_preparation_time": 0.0278,
        "eval_precision": 0.4161073825503356,
        "eval_recall": 0.5081967213114754,
        "eval_f1": 0.4575645756457565,
        "eval_accuracy": 0.7784760408483896,
        "eval_runtime": 0.3576,
        "eval_samples_per_second": 279.659,
        "eval_steps_per_second": 36.356
    }
}
