{
    "reconstructed_featural": {
        "eval_loss": 0.709237277507782,
        "eval_model_preparation_time": 0.0287,
        "eval_precision": 0.48484848484848486,
        "eval_recall": 0.5245901639344263,
        "eval_f1": 0.5039370078740156,
        "eval_accuracy": 0.7651217596229379,
        "eval_runtime": 0.3245,
        "eval_samples_per_second": 308.177,
        "eval_steps_per_second": 40.063
    },
    "reconstructed_syntactic": {
        "eval_loss": 0.7741369009017944,
        "eval_model_preparation_time": 0.029,
        "eval_precision": 0.475177304964539,
        "eval_recall": 0.5491803278688525,
        "eval_f1": 0.5095057034220533,
        "eval_accuracy": 0.7761194029850746,
        "eval_runtime": 0.385,
        "eval_samples_per_second": 259.75,
        "eval_steps_per_second": 33.767
    },
    "reconstructed_morphological": {
        "eval_loss": 0.666144847869873,
        "eval_model_preparation_time": 0.0276,
        "eval_precision": 0.4857142857142857,
        "eval_recall": 0.5573770491803278,
        "eval_f1": 0.5190839694656487,
        "eval_accuracy": 0.772191673212883,
        "eval_runtime": 0.3189,
        "eval_samples_per_second": 313.559,
        "eval_steps_per_second": 40.763
    }
}