{
    "reconstructed_featural": {
        "eval_loss": 0.5467591285705566,
        "eval_model_preparation_time": 0.0284,
        "eval_precision": 0.5964331401911356,
        "eval_recall": 0.7011057054400708,
        "eval_f1": 0.6445474505977068,
        "eval_accuracy": 0.8355788256742035,
        "eval_runtime": 31.8968,
        "eval_samples_per_second": 313.511,
        "eval_steps_per_second": 39.189
    }
}
