{
    "reconstructed_featural": {
        "eval_loss": 0.5247713327407837,
        "eval_model_preparation_time": 0.0281,
        "eval_precision": 0.6148323531658137,
        "eval_recall": 0.7120743034055728,
        "eval_f1": 0.659890154930732,
        "eval_accuracy": 0.846161542052958,
        "eval_runtime": 32.1032,
        "eval_samples_per_second": 311.495,
        "eval_steps_per_second": 38.937
    },
    "reconstructed_syntactic": {
        "eval_loss": 0.5202051997184753,
        "eval_model_preparation_time": 0.0278,
        "eval_precision": 0.6214055051514685,
        "eval_recall": 0.7149049093321539,
        "eval_f1": 0.6648842087943729,
        "eval_accuracy": 0.8478734520554037,
        "eval_runtime": 29.5827,
        "eval_samples_per_second": 338.036,
        "eval_steps_per_second": 42.254
    },
    "reconstructed_morphological": {
        "eval_loss": 0.5307071208953857,
        "eval_model_preparation_time": 0.0284,
        "eval_precision": 0.6117700729927007,
        "eval_recall": 0.7117204776647501,
        "eval_f1": 0.6579711330089545,
        "eval_accuracy": 0.8436492585428755,
        "eval_runtime": 30.5668,
        "eval_samples_per_second": 327.152,
        "eval_steps_per_second": 40.894
    }
}