{
    "reconstructed_featural": {
        "eval_loss": 3.089524030685425,
        "eval_model_preparation_time": 0.0272,
        "eval_accuracy": 0.6468423253868674,
        "eval_precision_macro": 0.39373007397729703,
        "eval_recall_macro": 0.419926272681247,
        "eval_f1_macro": 0.37237057470954105,
        "eval_precision_micro": 0.6468423253868674,
        "eval_recall_micro": 0.6468423253868674,
        "eval_f1_micro": 0.6468423253868674,
        "eval_runtime": 4.2395,
        "eval_samples_per_second": 188.703,
        "eval_steps_per_second": 23.588
    }
}
