{
    "reconstructed_featural": {
        "eval_loss": 3.127523899078369,
        "eval_model_preparation_time": 0.0284,
        "eval_accuracy": 0.6464240903387704,
        "eval_precision_macro": 0.40110459244797103,
        "eval_recall_macro": 0.43027586978847565,
        "eval_f1_macro": 0.37768931781529447,
        "eval_precision_micro": 0.6464240903387704,
        "eval_recall_micro": 0.6464240903387704,
        "eval_f1_micro": 0.6464240903387704,
        "eval_runtime": 2.1034,
        "eval_samples_per_second": 380.344,
        "eval_steps_per_second": 47.543
    },
    "reconstructed_syntactic": {
        "eval_loss": 3.098909378051758,
        "eval_model_preparation_time": 0.0281,
        "eval_accuracy": 0.6470096194061062,
        "eval_precision_macro": 0.397837397641784,
        "eval_recall_macro": 0.422765569180318,
        "eval_f1_macro": 0.3761992250151055,
        "eval_precision_micro": 0.6470096194061062,
        "eval_recall_micro": 0.6470096194061062,
        "eval_f1_micro": 0.6470096194061062,
        "eval_runtime": 2.115,
        "eval_samples_per_second": 378.252,
        "eval_steps_per_second": 47.281
    },
    "reconstructed_morphological": {
        "eval_loss": 3.078526020050049,
        "eval_model_preparation_time": 0.0287,
        "eval_accuracy": 0.646758678377248,
        "eval_precision_macro": 0.3937703831308128,
        "eval_recall_macro": 0.4208932068835352,
        "eval_f1_macro": 0.3755205055017713,
        "eval_precision_micro": 0.646758678377248,
        "eval_recall_micro": 0.646758678377248,
        "eval_f1_micro": 0.646758678377248,
        "eval_runtime": 2.2069,
        "eval_samples_per_second": 362.493,
        "eval_steps_per_second": 45.312
    }
}
