{
    "reconstructed_featural": {
        "eval_loss": 3.0848019123077393,
        "eval_model_preparation_time": 0.0323,
        "eval_accuracy": 0.6468423253868674,
        "eval_precision_macro": 0.3936625222645823,
        "eval_recall_macro": 0.4200388219003568,
        "eval_f1_macro": 0.37239998748371655,
        "eval_precision_micro": 0.6468423253868674,
        "eval_recall_micro": 0.6468423253868674,
        "eval_f1_micro": 0.6468423253868674,
        "eval_runtime": 4.1001,
        "eval_samples_per_second": 195.118,
        "eval_steps_per_second": 24.39
    },
    "baseline_en": {
        "eval_loss": 3.199941396713257,
        "eval_model_preparation_time": 0.0279,
        "eval_accuracy": 0.6389795064826432,
        "eval_precision_macro": 0.3898772888945896,
        "eval_recall_macro": 0.4232597703094985,
        "eval_f1_macro": 0.3711403027611158,
        "eval_precision_micro": 0.6389795064826432,
        "eval_recall_micro": 0.6389795064826432,
        "eval_f1_micro": 0.6389795064826432,
        "eval_runtime": 4.0891,
        "eval_samples_per_second": 195.641,
        "eval_steps_per_second": 24.455
    },
    "baseline_task_adapter": {
        "eval_loss": 2.9417238235473633,
        "eval_model_preparation_time": 0.0274,
        "eval_accuracy": 0.6446675031367629,
        "eval_precision_macro": 0.407647690406242,
        "eval_recall_macro": 0.4199768126491981,
        "eval_f1_macro": 0.37344511710499695,
        "eval_precision_micro": 0.6446675031367629,
        "eval_recall_micro": 0.6446675031367629,
        "eval_f1_micro": 0.6446675031367629,
        "eval_runtime": 3.7098,
        "eval_samples_per_second": 215.645,
        "eval_steps_per_second": 26.956
    },
    "baseline_avg_adapter": {
        "eval_loss": 2.745830774307251,
        "eval_model_preparation_time": 0.0292,
        "eval_accuracy": 0.6176495190296947,
        "eval_precision_macro": 0.3758170144899297,
        "eval_recall_macro": 0.39981378070810747,
        "eval_f1_macro": 0.35255550522329915,
        "eval_precision_micro": 0.6176495190296947,
        "eval_recall_micro": 0.6176495190296947,
        "eval_f1_micro": 0.6176495190296947,
        "eval_runtime": 4.0999,
        "eval_samples_per_second": 195.127,
        "eval_steps_per_second": 24.391
    },
    "baseline_closest_featural": {
        "eval_loss": 3.0851526260375977,
        "eval_model_preparation_time": 0.0267,
        "eval_accuracy": 0.6476787954830615,
        "eval_precision_macro": 0.41683984955348247,
        "eval_recall_macro": 0.4389177219729521,
        "eval_f1_macro": 0.388176145896086,
        "eval_precision_micro": 0.6476787954830615,
        "eval_recall_micro": 0.6476787954830615,
        "eval_f1_micro": 0.6476787954830615,
        "eval_runtime": 4.0908,
        "eval_samples_per_second": 195.559,
        "eval_steps_per_second": 24.445
    },
    "no_train_gain": {
        "eval_loss": 3.141741991043091,
        "eval_model_preparation_time": 0.0277,
        "eval_accuracy": 0.6420744458385613,
        "eval_precision_macro": 0.39396587369622976,
        "eval_recall_macro": 0.41875104527500584,
        "eval_f1_macro": 0.37105284465126975,
        "eval_precision_micro": 0.6420744458385613,
        "eval_recall_micro": 0.6420744458385613,
        "eval_f1_micro": 0.6420744458385613,
        "eval_runtime": 4.0994,
        "eval_samples_per_second": 195.152,
        "eval_steps_per_second": 24.394
    }
}
