{
    "reconstructed_featural": {
        "exact_match": 52.857142857142854,
        "f1": 73.7130463775657
    }
}
