{
    "reconstructed_featural": {
        "exact_match": 52.6890756302521,
        "f1": 73.58258506162393
    }
}
