{
    "reconstructed_featural": {
        "eval_loss": 0.5317983627319336,
        "eval_model_preparation_time": 0.0271,
        "eval_precision": 0.6558441558441559,
        "eval_recall": 0.7651515151515151,
        "eval_f1": 0.7062937062937062,
        "eval_accuracy": 0.878987898789879,
        "eval_runtime": 0.3826,
        "eval_samples_per_second": 261.349,
        "eval_steps_per_second": 33.975
    }
}