{
    "reconstructed_featural": {
        "eval_loss": 0.8305858373641968,
        "eval_model_preparation_time": 0.0285,
        "eval_precision": 0.34868421052631576,
        "eval_recall": 0.4953271028037383,
        "eval_f1": 0.4092664092664092,
        "eval_accuracy": 0.7379032258064516,
        "eval_runtime": 0.3098,
        "eval_samples_per_second": 322.822,
        "eval_steps_per_second": 41.967
    },
    "reconstructed_syntactic": {
        "eval_loss": 0.8305858373641968,
        "eval_model_preparation_time": 0.0283,
        "eval_precision": 0.34868421052631576,
        "eval_recall": 0.4953271028037383,
        "eval_f1": 0.4092664092664092,
        "eval_accuracy": 0.7379032258064516,
        "eval_runtime": 0.3084,
        "eval_samples_per_second": 324.25,
        "eval_steps_per_second": 42.152
    },
    "reconstructed_morphological": {
        "eval_loss": 0.8305858373641968,
        "eval_model_preparation_time": 0.0283,
        "eval_precision": 0.34868421052631576,
        "eval_recall": 0.4953271028037383,
        "eval_f1": 0.4092664092664092,
        "eval_accuracy": 0.7379032258064516,
        "eval_runtime": 0.3041,
        "eval_samples_per_second": 328.793,
        "eval_steps_per_second": 42.743
    }
}