{
    "reconstructed_featural": {
        "eval_loss": 0.7600794434547424,
        "eval_model_preparation_time": 0.0283,
        "eval_precision": 0.39072847682119205,
        "eval_recall": 0.5784313725490197,
        "eval_f1": 0.466403162055336,
        "eval_accuracy": 0.7661737523105361,
        "eval_runtime": 1.4063,
        "eval_samples_per_second": 71.108,
        "eval_steps_per_second": 9.244
    }
}
