{
    "reconstructed_syntactic": {
        "eval_loss": 3.964556932449341,
        "eval_model_preparation_time": 0.0279,
        "eval_accuracy": 0.43788819875776397,
        "eval_precision_macro": 0.23314917127071824,
        "eval_recall_macro": 0.14132346770004872,
        "eval_f1_macro": 0.1334793898085037,
        "eval_precision_micro": 0.43788819875776397,
        "eval_recall_micro": 0.43788819875776397,
        "eval_f1_micro": 0.43788819875776397,
        "eval_runtime": 0.316,
        "eval_samples_per_second": 174.044,
        "eval_steps_per_second": 22.151
    },
    "reconstructed_morphological": {
        "eval_loss": 3.9704442024230957,
        "eval_model_preparation_time": 0.0278,
        "eval_accuracy": 0.4440993788819876,
        "eval_precision_macro": 0.2332072299285414,
        "eval_recall_macro": 0.14367903617214137,
        "eval_f1_macro": 0.1367968441111797,
        "eval_precision_micro": 0.4440993788819876,
        "eval_recall_micro": 0.4440993788819876,
        "eval_f1_micro": 0.4440993788819876,
        "eval_runtime": 0.3161,
        "eval_samples_per_second": 173.986,
        "eval_steps_per_second": 22.144
    }
}
