{
    "reconstructed_featural": {
        "eval_loss": 4.050853252410889,
        "eval_model_preparation_time": 0.0293,
        "eval_accuracy": 0.4503105590062112,
        "eval_precision_macro": 0.2257349979863069,
        "eval_recall_macro": 0.14432501081242727,
        "eval_f1_macro": 0.1340442874479308,
        "eval_precision_micro": 0.4503105590062112,
        "eval_recall_micro": 0.4503105590062112,
        "eval_f1_micro": 0.4503105590062112,
        "eval_runtime": 0.306,
        "eval_samples_per_second": 179.745,
        "eval_steps_per_second": 22.877
    }
}