{
    "reconstructed_featural": {
        "eval_loss": 4.003419876098633,
        "eval_model_preparation_time": 0.0271,
        "eval_accuracy": 0.4503105590062112,
        "eval_precision_macro": 0.2338628762541806,
        "eval_recall_macro": 0.14511685069406804,
        "eval_f1_macro": 0.13771018601279036,
        "eval_precision_micro": 0.4503105590062112,
        "eval_recall_micro": 0.4503105590062112,
        "eval_f1_micro": 0.4503105590062112,
        "eval_runtime": 0.3066,
        "eval_samples_per_second": 179.405,
        "eval_steps_per_second": 22.833
    }
}
