{
    "reconstructed_featural": {
        "eval_loss": 3.9998528957366943,
        "eval_model_preparation_time": 0.0274,
        "eval_accuracy": 0.4472049689440994,
        "eval_precision_macro": 0.23362757461118117,
        "eval_recall_macro": 0.14439794343310472,
        "eval_f1_macro": 0.13732734808995956,
        "eval_precision_micro": 0.4472049689440994,
        "eval_recall_micro": 0.4472049689440994,
        "eval_f1_micro": 0.4472049689440994,
        "eval_runtime": 0.3073,
        "eval_samples_per_second": 178.953,
        "eval_steps_per_second": 22.776
    }
}
