{
    "reconstructed_featural": {
        "eval_loss": 4.185046195983887,
        "eval_model_preparation_time": 0.0272,
        "eval_accuracy": 0.3439192975901364,
        "eval_precision_macro": 0.24265118795092067,
        "eval_recall_macro": 0.3140347845096765,
        "eval_f1_macro": 0.19821235680670798,
        "eval_precision_micro": 0.3439192975901364,
        "eval_recall_micro": 0.3439192975901364,
        "eval_f1_micro": 0.3439192975901364,
        "eval_runtime": 2.5205,
        "eval_samples_per_second": 186.469,
        "eval_steps_per_second": 23.408
    }
}
