{
    "reconstructed_featural": {
        "eval_loss": 4.16096305847168,
        "eval_model_preparation_time": 0.0283,
        "eval_accuracy": 0.3442929198580235,
        "eval_precision_macro": 0.2434407736153397,
        "eval_recall_macro": 0.314616869021381,
        "eval_f1_macro": 0.19933434860124305,
        "eval_precision_micro": 0.3442929198580235,
        "eval_recall_micro": 0.3442929198580235,
        "eval_f1_micro": 0.3442929198580235,
        "eval_runtime": 2.4237,
        "eval_samples_per_second": 193.922,
        "eval_steps_per_second": 24.343
    },
    "baseline_en": {
        "eval_loss": 4.523778438568115,
        "eval_model_preparation_time": 0.0284,
        "eval_accuracy": 0.36203997758266393,
        "eval_precision_macro": 0.26209001476776933,
        "eval_recall_macro": 0.30395436740961407,
        "eval_f1_macro": 0.21075229070847415,
        "eval_precision_micro": 0.36203997758266393,
        "eval_recall_micro": 0.36203997758266393,
        "eval_f1_micro": 0.36203997758266393,
        "eval_runtime": 2.4039,
        "eval_samples_per_second": 195.514,
        "eval_steps_per_second": 24.543
    },
    "baseline_task_adapter": {
        "eval_loss": 4.130246162414551,
        "eval_model_preparation_time": 0.0269,
        "eval_accuracy": 0.3196338501774706,
        "eval_precision_macro": 0.23890618672617897,
        "eval_recall_macro": 0.28918479486190857,
        "eval_f1_macro": 0.18836529670260518,
        "eval_precision_micro": 0.3196338501774706,
        "eval_recall_micro": 0.3196338501774706,
        "eval_f1_micro": 0.3196338501774706,
        "eval_runtime": 2.1818,
        "eval_samples_per_second": 215.418,
        "eval_steps_per_second": 27.042
    },
    "baseline_avg_adapter": {
        "eval_loss": 4.472382545471191,
        "eval_model_preparation_time": 0.029,
        "eval_accuracy": 0.3038483093592378,
        "eval_precision_macro": 0.24160334108148007,
        "eval_recall_macro": 0.23496091454352117,
        "eval_f1_macro": 0.17111004034178767,
        "eval_precision_micro": 0.3038483093592378,
        "eval_recall_micro": 0.3038483093592378,
        "eval_f1_micro": 0.3038483093592378,
        "eval_runtime": 2.4051,
        "eval_samples_per_second": 195.416,
        "eval_steps_per_second": 24.531
    },
    "baseline_closest_featural": {
        "eval_loss": 4.040555477142334,
        "eval_model_preparation_time": 0.0275,
        "eval_accuracy": 0.3512049318139361,
        "eval_precision_macro": 0.2514073487846191,
        "eval_recall_macro": 0.30972565564486654,
        "eval_f1_macro": 0.2090273120643387,
        "eval_precision_micro": 0.3512049318139361,
        "eval_recall_micro": 0.3512049318139361,
        "eval_f1_micro": 0.3512049318139361,
        "eval_runtime": 2.4107,
        "eval_samples_per_second": 194.964,
        "eval_steps_per_second": 24.474
    },
    "no_train_gain": {
        "eval_loss": 4.1124725341796875,
        "eval_model_preparation_time": 0.0296,
        "eval_accuracy": 0.3535400709882309,
        "eval_precision_macro": 0.2574912112977523,
        "eval_recall_macro": 0.32482988845334915,
        "eval_f1_macro": 0.2134860333410331,
        "eval_precision_micro": 0.3535400709882309,
        "eval_recall_micro": 0.3535400709882309,
        "eval_f1_micro": 0.3535400709882309,
        "eval_runtime": 2.4068,
        "eval_samples_per_second": 195.279,
        "eval_steps_per_second": 24.514
    }
}
