{
    "reconstructed_syntactic": {
        "eval_loss": 4.1521124839782715,
        "eval_model_preparation_time": 0.0319,
        "eval_accuracy": 0.3457874089295722,
        "eval_precision_macro": 0.24383331030725153,
        "eval_recall_macro": 0.31531828012231067,
        "eval_f1_macro": 0.2003764019472173,
        "eval_precision_micro": 0.3457874089295722,
        "eval_recall_micro": 0.3457874089295722,
        "eval_f1_micro": 0.3457874089295722,
        "eval_runtime": 2.5928,
        "eval_samples_per_second": 181.272,
        "eval_steps_per_second": 22.755
    },
    "reconstructed_morphological": {
        "eval_loss": 4.165035247802734,
        "eval_model_preparation_time": 0.0276,
        "eval_accuracy": 0.3439192975901364,
        "eval_precision_macro": 0.24305171452346178,
        "eval_recall_macro": 0.31412174386224595,
        "eval_f1_macro": 0.19855222445893628,
        "eval_precision_micro": 0.3439192975901364,
        "eval_recall_micro": 0.3439192975901364,
        "eval_f1_micro": 0.3439192975901364,
        "eval_runtime": 2.5944,
        "eval_samples_per_second": 181.16,
        "eval_steps_per_second": 22.741
    }
}
