{
    "reconstructed_featural": {
        "eval_loss": 2.860809564590454,
        "eval_model_preparation_time": 0.0326,
        "eval_precision": 0.25862068965517243,
        "eval_recall": 0.3,
        "eval_f1": 0.2777777777777778,
        "eval_accuracy": 0.4860797592174567,
        "eval_runtime": 0.3558,
        "eval_samples_per_second": 281.059,
        "eval_steps_per_second": 36.538
    },
    "reconstructed_syntactic": {
        "eval_loss": 2.8802599906921387,
        "eval_model_preparation_time": 0.0325,
        "eval_precision": 0.25,
        "eval_recall": 0.3,
        "eval_f1": 0.2727272727272727,
        "eval_accuracy": 0.48833709556057187,
        "eval_runtime": 0.3586,
        "eval_samples_per_second": 278.868,
        "eval_steps_per_second": 36.253
    },
    "reconstructed_morphological": {
        "eval_loss": 2.821605920791626,
        "eval_model_preparation_time": 0.0282,
        "eval_precision": 0.20491803278688525,
        "eval_recall": 0.25,
        "eval_f1": 0.22522522522522523,
        "eval_accuracy": 0.48833709556057187,
        "eval_runtime": 0.3472,
        "eval_samples_per_second": 288.017,
        "eval_steps_per_second": 37.442
    }
}