{
    "reconstructed_featural": {
        "eval_loss": 2.8448495864868164,
        "eval_model_preparation_time": 0.0282,
        "eval_precision": 0.22807017543859648,
        "eval_recall": 0.26,
        "eval_f1": 0.24299065420560748,
        "eval_accuracy": 0.48382242287434163,
        "eval_runtime": 0.3534,
        "eval_samples_per_second": 282.955,
        "eval_steps_per_second": 36.784
    }
}
