{
    "reconstructed_featural": {
        "eval_loss": 2.8472864627838135,
        "eval_model_preparation_time": 0.0285,
        "eval_precision": 0.23684210526315788,
        "eval_recall": 0.27,
        "eval_f1": 0.2523364485981308,
        "eval_accuracy": 0.48457486832204666,
        "eval_runtime": 0.361,
        "eval_samples_per_second": 276.982,
        "eval_steps_per_second": 36.008
    }
}
