{
    "reconstructed_featural": {
        "eval_loss": 0.7955829501152039,
        "eval_model_preparation_time": 0.0275,
        "eval_precision": 0.358974358974359,
        "eval_recall": 0.4666666666666667,
        "eval_f1": 0.40579710144927544,
        "eval_accuracy": 0.7836879432624113,
        "eval_runtime": 0.3857,
        "eval_samples_per_second": 259.246,
        "eval_steps_per_second": 33.702
    }
}