{
    "reconstructed_featural": {
        "eval_loss": 0.7896768450737,
        "eval_model_preparation_time": 0.0289,
        "eval_precision": 0.36477987421383645,
        "eval_recall": 0.48333333333333334,
        "eval_f1": 0.4157706093189964,
        "eval_accuracy": 0.7832446808510638,
        "eval_runtime": 0.3078,
        "eval_samples_per_second": 324.932,
        "eval_steps_per_second": 42.241
    },
    "reconstructed_syntactic": {
        "eval_loss": 0.796183705329895,
        "eval_model_preparation_time": 0.0285,
        "eval_precision": 0.36538461538461536,
        "eval_recall": 0.475,
        "eval_f1": 0.4130434782608696,
        "eval_accuracy": 0.7841312056737588,
        "eval_runtime": 0.3133,
        "eval_samples_per_second": 319.17,
        "eval_steps_per_second": 41.492
    },
    "reconstructed_morphological": {
        "eval_loss": 0.796183705329895,
        "eval_model_preparation_time": 0.0286,
        "eval_precision": 0.36538461538461536,
        "eval_recall": 0.475,
        "eval_f1": 0.4130434782608696,
        "eval_accuracy": 0.7841312056737588,
        "eval_runtime": 0.3246,
        "eval_samples_per_second": 308.095,
        "eval_steps_per_second": 40.052
    }
}
