{
    "reconstructed_featural": {
        "eval_loss": 4.784788608551025,
        "eval_model_preparation_time": 0.0306,
        "eval_accuracy": 0.2876426555405571,
        "eval_precision_macro": 0.19858537640558166,
        "eval_recall_macro": 0.23197534544232998,
        "eval_f1_macro": 0.15638313533370962,
        "eval_precision_micro": 0.2876426555405571,
        "eval_recall_micro": 0.2876426555405571,
        "eval_f1_micro": 0.2876426555405571,
        "eval_runtime": 1.8116,
        "eval_samples_per_second": 175.533,
        "eval_steps_per_second": 22.08
    },
    "baseline_en": {
        "eval_loss": 5.440151214599609,
        "eval_model_preparation_time": 0.0271,
        "eval_accuracy": 0.298686955454657,
        "eval_precision_macro": 0.21286382659359276,
        "eval_recall_macro": 0.24777529138170554,
        "eval_f1_macro": 0.17495009445041704,
        "eval_precision_micro": 0.298686955454657,
        "eval_recall_micro": 0.298686955454657,
        "eval_f1_micro": 0.298686955454657,
        "eval_runtime": 1.6259,
        "eval_samples_per_second": 195.587,
        "eval_steps_per_second": 24.602
    },
    "baseline_task_adapter": {
        "eval_loss": 4.612339019775391,
        "eval_model_preparation_time": 0.0266,
        "eval_accuracy": 0.2784390722788072,
        "eval_precision_macro": 0.18137873265593193,
        "eval_recall_macro": 0.23340927523524563,
        "eval_f1_macro": 0.15322688465290946,
        "eval_precision_micro": 0.2784390722788072,
        "eval_recall_micro": 0.2784390722788072,
        "eval_f1_micro": 0.2784390722788072,
        "eval_runtime": 1.4751,
        "eval_samples_per_second": 215.571,
        "eval_steps_per_second": 27.116
    },
    "baseline_avg_adapter": {
        "eval_loss": 4.558107852935791,
        "eval_model_preparation_time": 0.0301,
        "eval_accuracy": 0.2724260645477973,
        "eval_precision_macro": 0.20190230446072863,
        "eval_recall_macro": 0.22786108306286193,
        "eval_f1_macro": 0.14538778900451887,
        "eval_precision_micro": 0.2724260645477973,
        "eval_recall_micro": 0.2724260645477973,
        "eval_f1_micro": 0.2724260645477973,
        "eval_runtime": 1.6342,
        "eval_samples_per_second": 194.585,
        "eval_steps_per_second": 24.476
    },
    "baseline_closest_featural": {
        "eval_loss": 5.424213886260986,
        "eval_model_preparation_time": 0.028,
        "eval_accuracy": 0.25610504356362745,
        "eval_precision_macro": 0.1790940297462176,
        "eval_recall_macro": 0.22412312289283015,
        "eval_f1_macro": 0.14505032955129563,
        "eval_precision_micro": 0.25610504356362745,
        "eval_recall_micro": 0.25610504356362745,
        "eval_f1_micro": 0.25610504356362745,
        "eval_runtime": 1.6375,
        "eval_samples_per_second": 194.193,
        "eval_steps_per_second": 24.427
    },
    "no_train_gain": {
        "eval_loss": 5.293534755706787,
        "eval_model_preparation_time": 0.0287,
        "eval_accuracy": 0.30433181985519697,
        "eval_precision_macro": 0.2197077909047586,
        "eval_recall_macro": 0.24356801544117745,
        "eval_f1_macro": 0.17869060048895322,
        "eval_precision_micro": 0.30433181985519697,
        "eval_recall_micro": 0.30433181985519697,
        "eval_f1_micro": 0.30433181985519697,
        "eval_runtime": 1.6335,
        "eval_samples_per_second": 194.669,
        "eval_steps_per_second": 24.487
    }
}
