{
    "reconstructed_featural": {
        "eval_loss": 5.3403143882751465,
        "eval_model_preparation_time": 0.0278,
        "eval_accuracy": 0.40392918825561314,
        "eval_precision_macro": 0.45992908538299826,
        "eval_recall_macro": 0.3332981894333523,
        "eval_f1_macro": 0.33829445858370655,
        "eval_precision_micro": 0.40392918825561314,
        "eval_recall_micro": 0.40392918825561314,
        "eval_f1_micro": 0.40392918825561314,
        "eval_runtime": 5.148,
        "eval_samples_per_second": 195.026,
        "eval_steps_per_second": 24.475
    }
}