{
    "reconstructed_featural": {
        "eval_loss": 5.822402000427246,
        "eval_model_preparation_time": 0.0289,
        "eval_accuracy": 0.371042026482441,
        "eval_precision_macro": 0.447997073353862,
        "eval_recall_macro": 0.30831311716369614,
        "eval_f1_macro": 0.3120893539535526,
        "eval_precision_micro": 0.371042026482441,
        "eval_recall_micro": 0.371042026482441,
        "eval_f1_micro": 0.371042026482441,
        "eval_runtime": 3.1358,
        "eval_samples_per_second": 320.172,
        "eval_steps_per_second": 40.181
    },
    "reconstructed_syntactic": {
        "eval_loss": 5.569571495056152,
        "eval_model_preparation_time": 0.028,
        "eval_accuracy": 0.3897524467472654,
        "eval_precision_macro": 0.45676177154123376,
        "eval_recall_macro": 0.32373253602569024,
        "eval_f1_macro": 0.32813775468410145,
        "eval_precision_micro": 0.3897524467472654,
        "eval_recall_micro": 0.3897524467472654,
        "eval_f1_micro": 0.3897524467472654,
        "eval_runtime": 3.1448,
        "eval_samples_per_second": 319.26,
        "eval_steps_per_second": 40.067
    },
    "reconstructed_morphological": {
        "eval_loss": 4.470216751098633,
        "eval_model_preparation_time": 0.0282,
        "eval_accuracy": 0.4417818077144502,
        "eval_precision_macro": 0.4508555241325405,
        "eval_recall_macro": 0.3695481959646226,
        "eval_f1_macro": 0.36374757064998914,
        "eval_precision_micro": 0.4417818077144502,
        "eval_recall_micro": 0.4417818077144502,
        "eval_f1_micro": 0.4417818077144502,
        "eval_runtime": 3.1111,
        "eval_samples_per_second": 322.719,
        "eval_steps_per_second": 40.501
    }
}
