{
    "reconstructed_featural": {
        "eval_loss": 5.247004985809326,
        "eval_model_preparation_time": 0.0276,
        "eval_accuracy": 0.4079591249280368,
        "eval_precision_macro": 0.4598103929958449,
        "eval_recall_macro": 0.33628410186428703,
        "eval_f1_macro": 0.3409348023875049,
        "eval_precision_micro": 0.4079591249280368,
        "eval_recall_micro": 0.4079591249280368,
        "eval_f1_micro": 0.4079591249280368,
        "eval_runtime": 2.749,
        "eval_samples_per_second": 365.23,
        "eval_steps_per_second": 45.836
    },
    "reconstructed_syntactic": {
        "eval_loss": 5.2455573081970215,
        "eval_model_preparation_time": 0.0292,
        "eval_accuracy": 0.4079591249280368,
        "eval_precision_macro": 0.45508940582496116,
        "eval_recall_macro": 0.3354330300262774,
        "eval_f1_macro": 0.33933090004098765,
        "eval_precision_micro": 0.4079591249280368,
        "eval_recall_micro": 0.4079591249280368,
        "eval_f1_micro": 0.4079591249280368,
        "eval_runtime": 2.7354,
        "eval_samples_per_second": 367.043,
        "eval_steps_per_second": 46.063
    },
    "reconstructed_morphological": {
        "eval_loss": 4.470216751098633,
        "eval_model_preparation_time": 0.0288,
        "eval_accuracy": 0.4417818077144502,
        "eval_precision_macro": 0.4508555241325405,
        "eval_recall_macro": 0.3695481959646226,
        "eval_f1_macro": 0.36374757064998914,
        "eval_precision_micro": 0.4417818077144502,
        "eval_recall_micro": 0.4417818077144502,
        "eval_f1_micro": 0.4417818077144502,
        "eval_runtime": 2.7279,
        "eval_samples_per_second": 368.043,
        "eval_steps_per_second": 46.189
    }
}
