{
    "reconstructed_featural": {
        "eval_loss": 5.412152290344238,
        "eval_model_preparation_time": 0.0281,
        "eval_accuracy": 0.3994674726540012,
        "eval_precision_macro": 0.459389113955345,
        "eval_recall_macro": 0.3294062359686739,
        "eval_f1_macro": 0.3350639558642391,
        "eval_precision_micro": 0.3994674726540012,
        "eval_recall_micro": 0.3994674726540012,
        "eval_f1_micro": 0.3994674726540012,
        "eval_runtime": 5.3342,
        "eval_samples_per_second": 188.22,
        "eval_steps_per_second": 23.621
    },
    "baseline_en": {
        "eval_loss": 3.55987811088562,
        "eval_model_preparation_time": 0.0267,
        "eval_accuracy": 0.4881980426021877,
        "eval_precision_macro": 0.42669435710868764,
        "eval_recall_macro": 0.37544634932405024,
        "eval_f1_macro": 0.3698675068554426,
        "eval_precision_micro": 0.4881980426021877,
        "eval_recall_micro": 0.4881980426021877,
        "eval_f1_micro": 0.4881980426021877,
        "eval_runtime": 5.3337,
        "eval_samples_per_second": 188.238,
        "eval_steps_per_second": 23.624
    },
    "baseline_task_adapter": {
        "eval_loss": 6.062639236450195,
        "eval_model_preparation_time": 0.0275,
        "eval_accuracy": 0.3508203799654577,
        "eval_precision_macro": 0.46745741467125823,
        "eval_recall_macro": 0.2757866670889722,
        "eval_f1_macro": 0.29352783069205196,
        "eval_precision_micro": 0.3508203799654577,
        "eval_recall_micro": 0.3508203799654577,
        "eval_f1_micro": 0.3508203799654577,
        "eval_runtime": 4.8583,
        "eval_samples_per_second": 206.656,
        "eval_steps_per_second": 25.935
    },
    "baseline_avg_adapter": {
        "eval_loss": 6.2874436378479,
        "eval_model_preparation_time": 0.0283,
        "eval_accuracy": 0.3182930339666091,
        "eval_precision_macro": 0.4483523830454968,
        "eval_recall_macro": 0.25046857815768964,
        "eval_f1_macro": 0.2601247967491707,
        "eval_precision_micro": 0.3182930339666091,
        "eval_recall_micro": 0.3182930339666091,
        "eval_f1_micro": 0.3182930339666091,
        "eval_runtime": 5.3402,
        "eval_samples_per_second": 188.007,
        "eval_steps_per_second": 23.595
    },
    "baseline_closest_featural": {
        "eval_loss": 8.843133926391602,
        "eval_model_preparation_time": 0.0271,
        "eval_accuracy": 0.29073114565342545,
        "eval_precision_macro": 0.4355355097904387,
        "eval_recall_macro": 0.21010070414220183,
        "eval_f1_macro": 0.21707481497989903,
        "eval_precision_micro": 0.29073114565342545,
        "eval_recall_micro": 0.29073114565342545,
        "eval_f1_micro": 0.29073114565342545,
        "eval_runtime": 5.3391,
        "eval_samples_per_second": 188.047,
        "eval_steps_per_second": 23.6
    },
    "no_train_gain": {
        "eval_loss": 6.381789207458496,
        "eval_model_preparation_time": 0.0282,
        "eval_accuracy": 0.3625503742084053,
        "eval_precision_macro": 0.44999030659912875,
        "eval_recall_macro": 0.29889412872501264,
        "eval_f1_macro": 0.3049644238690719,
        "eval_precision_micro": 0.3625503742084053,
        "eval_recall_micro": 0.3625503742084053,
        "eval_f1_micro": 0.3625503742084053,
        "eval_runtime": 5.3487,
        "eval_samples_per_second": 187.711,
        "eval_steps_per_second": 23.557
    }
}