{
    "reconstructed_featural": {
        "eval_loss": 5.232820987701416,
        "eval_model_preparation_time": 0.0286,
        "eval_accuracy": 0.4090385722510075,
        "eval_precision_macro": 0.456985236168394,
        "eval_recall_macro": 0.3368344705393406,
        "eval_f1_macro": 0.3406655508089447,
        "eval_precision_micro": 0.4090385722510075,
        "eval_recall_micro": 0.4090385722510075,
        "eval_f1_micro": 0.4090385722510075,
        "eval_runtime": 5.1501,
        "eval_samples_per_second": 194.947,
        "eval_steps_per_second": 24.465
    }
}
