{
    "reconstructed_featural": {
        "eval_loss": 1.358857274055481,
        "eval_model_preparation_time": 0.0279,
        "eval_precision": 0.15546069014585556,
        "eval_recall": 0.2441925441047338,
        "eval_f1": 0.18997640044714945,
        "eval_accuracy": 0.6889681595983618,
        "eval_runtime": 61.5811,
        "eval_samples_per_second": 162.387,
        "eval_steps_per_second": 20.298
    }
}