{
    "reconstructed_featural": {
        "eval_loss": 1.3595315217971802,
        "eval_model_preparation_time": 0.0267,
        "eval_precision": 0.15701389593265036,
        "eval_recall": 0.24714616428514408,
        "eval_f1": 0.19202977205768335,
        "eval_accuracy": 0.688372161301214,
        "eval_runtime": 61.1204,
        "eval_samples_per_second": 163.612,
        "eval_steps_per_second": 20.451
    }
}