{
    "reconstructed_featural": {
        "exact_match": 54.705882352941174,
        "f1": 64.59177004134976
    }
}
