{
    "reconstructed_featural": {
        "exact_match": 55.21008403361345,
        "f1": 65.44865825117911
    }
}