{
    "reconstructed_featural": {
        "exact_match": 55.88235294117647,
        "f1": 66.67938457434244
    }
}