{
    "reconstructed_featural": {
        "exact_match": 55.04201680672269,
        "f1": 65.57029478458035
    },
    "reconstructed_morphological": {
        "exact_match": 55.63025210084034,
        "f1": 66.22923714940507
    },
    "reconstructed_syntactic": {
        "exact_match": 55.12605042016807,
        "f1": 65.84387088168586
    }
}