{
    "reconstructed_featural": {
        "eval_loss": 3.6682064533233643,
        "eval_model_preparation_time": 0.0307,
        "eval_precision": 0.2328042328042328,
        "eval_recall": 0.4074074074074074,
        "eval_f1": 0.2962962962962963,
        "eval_accuracy": 0.6514450867052023,
        "eval_runtime": 0.4843,
        "eval_samples_per_second": 206.475,
        "eval_steps_per_second": 26.842
    }
}
