{
    "reconstructed_featural": {
        "eval_loss": 3.64255952835083,
        "eval_model_preparation_time": 0.0339,
        "eval_precision": 0.2356020942408377,
        "eval_recall": 0.4166666666666667,
        "eval_f1": 0.3010033444816054,
        "eval_accuracy": 0.6560693641618497,
        "eval_runtime": 0.5284,
        "eval_samples_per_second": 189.247,
        "eval_steps_per_second": 24.602
    },
    "baseline_en": {
        "eval_loss": 4.3522868156433105,
        "eval_model_preparation_time": 0.0285,
        "eval_precision": 0.24731182795698925,
        "eval_recall": 0.42592592592592593,
        "eval_f1": 0.31292517006802717,
        "eval_accuracy": 0.5982658959537572,
        "eval_runtime": 0.3683,
        "eval_samples_per_second": 271.522,
        "eval_steps_per_second": 35.298
    },
    "baseline_task_adapter": {
        "eval_loss": 3.1462795734405518,
        "eval_model_preparation_time": 0.0288,
        "eval_precision": 0.20408163265306123,
        "eval_recall": 0.37037037037037035,
        "eval_f1": 0.26315789473684215,
        "eval_accuracy": 0.6774566473988439,
        "eval_runtime": 0.2987,
        "eval_samples_per_second": 334.738,
        "eval_steps_per_second": 43.516
    },
    "baseline_avg_adapter": {
        "eval_loss": 1.9407315254211426,
        "eval_model_preparation_time": 0.0293,
        "eval_precision": 0.26495726495726496,
        "eval_recall": 0.28703703703703703,
        "eval_f1": 0.27555555555555555,
        "eval_accuracy": 0.7895953757225433,
        "eval_runtime": 0.3616,
        "eval_samples_per_second": 276.524,
        "eval_steps_per_second": 35.948
    },
    "baseline_closest_featural": {
        "eval_loss": 2.982680320739746,
        "eval_model_preparation_time": 0.0293,
        "eval_precision": 0.2554347826086957,
        "eval_recall": 0.4351851851851852,
        "eval_f1": 0.3219178082191781,
        "eval_accuracy": 0.6913294797687861,
        "eval_runtime": 0.3698,
        "eval_samples_per_second": 270.393,
        "eval_steps_per_second": 35.151
    },
    "no_train_gain": {
        "eval_loss": 3.657907009124756,
        "eval_model_preparation_time": 0.0296,
        "eval_precision": 0.26153846153846155,
        "eval_recall": 0.4722222222222222,
        "eval_f1": 0.3366336633663366,
        "eval_accuracy": 0.6502890173410405,
        "eval_runtime": 0.366,
        "eval_samples_per_second": 273.188,
        "eval_steps_per_second": 35.515
    }
}