{
    "reconstructed_featural": {
        "eval_loss": 1.057656168937683,
        "eval_model_preparation_time": 0.0311,
        "eval_precision": 0.6435926773455377,
        "eval_recall": 0.7565568258238063,
        "eval_f1": 0.695517774343122,
        "eval_accuracy": 0.8840750069969213,
        "eval_runtime": 3.0047,
        "eval_samples_per_second": 332.815,
        "eval_steps_per_second": 41.602
    },
    "reconstructed_syntactic": {
        "eval_loss": 1.0559566020965576,
        "eval_model_preparation_time": 0.0286,
        "eval_precision": 0.6454388984509466,
        "eval_recall": 0.7565568258238063,
        "eval_f1": 0.6965944272445821,
        "eval_accuracy": 0.884858662188637,
        "eval_runtime": 2.9835,
        "eval_samples_per_second": 335.182,
        "eval_steps_per_second": 41.898
    },
    "reconstructed_morphological": {
        "eval_loss": 1.0583488941192627,
        "eval_model_preparation_time": 0.029,
        "eval_precision": 0.6415525114155252,
        "eval_recall": 0.7558843308675185,
        "eval_f1": 0.6940413707934548,
        "eval_accuracy": 0.8840750069969213,
        "eval_runtime": 2.9317,
        "eval_samples_per_second": 341.1,
        "eval_steps_per_second": 42.637
    }
}