{
    "reconstructed_featural": {
        "eval_loss": 1.353135108947754,
        "eval_model_preparation_time": 0.0306,
        "eval_accuracy": 0.8707401887729757,
        "eval_precision_macro": 0.710882527252287,
        "eval_recall_macro": 0.7170709479835535,
        "eval_f1_macro": 0.6666057600306114,
        "eval_precision_micro": 0.8707401887729757,
        "eval_recall_micro": 0.8707401887729757,
        "eval_f1_micro": 0.8707401887729757,
        "eval_runtime": 2.3471,
        "eval_samples_per_second": 181.072,
        "eval_steps_per_second": 23.007
    }
}