{
    "reconstructed_featural": {
        "eval_loss": 2.922389030456543,
        "eval_model_preparation_time": 0.0289,
        "eval_accuracy": 0.670468948035488,
        "eval_precision_macro": 0.4992777669122295,
        "eval_recall_macro": 0.48166986776534,
        "eval_f1_macro": 0.4569201142523199,
        "eval_precision_micro": 0.670468948035488,
        "eval_recall_micro": 0.670468948035488,
        "eval_f1_micro": 0.670468948035488,
        "eval_runtime": 0.5445,
        "eval_samples_per_second": 183.64,
        "eval_steps_per_second": 23.873
    },
    "reconstructed_syntactic": {
        "eval_loss": 2.922389030456543,
        "eval_model_preparation_time": 0.0289,
        "eval_accuracy": 0.670468948035488,
        "eval_precision_macro": 0.4992777669122295,
        "eval_recall_macro": 0.48166986776534,
        "eval_f1_macro": 0.4569201142523199,
        "eval_precision_micro": 0.670468948035488,
        "eval_recall_micro": 0.670468948035488,
        "eval_f1_micro": 0.670468948035488,
        "eval_runtime": 0.5467,
        "eval_samples_per_second": 182.916,
        "eval_steps_per_second": 23.779
    },
    "reconstructed_morphological": {
        "eval_loss": 2.922389030456543,
        "eval_model_preparation_time": 0.0291,
        "eval_accuracy": 0.670468948035488,
        "eval_precision_macro": 0.4992777669122295,
        "eval_recall_macro": 0.48166986776534,
        "eval_f1_macro": 0.4569201142523199,
        "eval_precision_micro": 0.670468948035488,
        "eval_recall_micro": 0.670468948035488,
        "eval_f1_micro": 0.670468948035488,
        "eval_runtime": 0.5489,
        "eval_samples_per_second": 182.173,
        "eval_steps_per_second": 23.683
    }
}
