{
    "reconstructed_featural": {
        "eval_loss": 1.7767828702926636,
        "eval_model_preparation_time": 0.0278,
        "eval_precision": 0.4896551724137931,
        "eval_recall": 0.6698113207547169,
        "eval_f1": 0.5657370517928286,
        "eval_accuracy": 0.8004704037632301,
        "eval_runtime": 0.3509,
        "eval_samples_per_second": 284.95,
        "eval_steps_per_second": 37.043
    }
}
