{
    "reconstructed_featural": {
        "eval_loss": 1.7558741569519043,
        "eval_model_preparation_time": 0.0295,
        "eval_precision": 0.5161290322580645,
        "eval_recall": 0.6792452830188679,
        "eval_f1": 0.5865580448065173,
        "eval_accuracy": 0.8020384163073304,
        "eval_runtime": 0.3454,
        "eval_samples_per_second": 289.522,
        "eval_steps_per_second": 37.638
    }
}