{
    "reconstructed_featural": {
        "eval_loss": 3.283892869949341,
        "eval_model_preparation_time": 0.0287,
        "eval_precision": 0.2702702702702703,
        "eval_recall": 0.36036036036036034,
        "eval_f1": 0.3088803088803089,
        "eval_accuracy": 0.6543375924680565,
        "eval_runtime": 0.3173,
        "eval_samples_per_second": 315.122,
        "eval_steps_per_second": 40.966
    },
    "reconstructed_syntactic": {
        "eval_loss": 3.2657113075256348,
        "eval_model_preparation_time": 0.0292,
        "eval_precision": 0.25806451612903225,
        "eval_recall": 0.36036036036036034,
        "eval_f1": 0.3007518796992481,
        "eval_accuracy": 0.6509751176866173,
        "eval_runtime": 0.3161,
        "eval_samples_per_second": 316.311,
        "eval_steps_per_second": 41.12
    },
    "reconstructed_morphological": {
        "eval_loss": 3.2776739597320557,
        "eval_model_preparation_time": 0.0314,
        "eval_precision": 0.27631578947368424,
        "eval_recall": 0.3783783783783784,
        "eval_f1": 0.31939163498098866,
        "eval_accuracy": 0.6550100874243443,
        "eval_runtime": 0.3259,
        "eval_samples_per_second": 306.858,
        "eval_steps_per_second": 39.892
    }
}