{
    "reconstructed_featural": {
        "eval_loss": 3.3356053829193115,
        "eval_model_preparation_time": 0.0284,
        "eval_precision": 0.2916666666666667,
        "eval_recall": 0.3783783783783784,
        "eval_f1": 0.3294117647058824,
        "eval_accuracy": 0.6583725622057834,
        "eval_runtime": 0.3401,
        "eval_samples_per_second": 294.056,
        "eval_steps_per_second": 38.227
    }
}
