{
    "reconstructed_featural": {
        "eval_loss": 5.160053253173828,
        "eval_model_preparation_time": 0.0285,
        "eval_accuracy": 0.3982021763128844,
        "eval_precision_macro": 0.33390373852383115,
        "eval_recall_macro": 0.38435019831455486,
        "eval_f1_macro": 0.29872976411284813,
        "eval_precision_micro": 0.3982021763128844,
        "eval_recall_micro": 0.3982021763128844,
        "eval_f1_micro": 0.3982021763128844,
        "eval_runtime": 5.4858,
        "eval_samples_per_second": 195.779,
        "eval_steps_per_second": 24.609
    }
}
