{
    "reconstructed_syntactic": {
        "eval_loss": 5.19160270690918,
        "eval_model_preparation_time": 0.0287,
        "eval_accuracy": 0.39686169373915786,
        "eval_precision_macro": 0.33221935196793356,
        "eval_recall_macro": 0.3830127313158717,
        "eval_f1_macro": 0.29635717776471027,
        "eval_precision_micro": 0.39686169373915786,
        "eval_recall_micro": 0.39686169373915786,
        "eval_f1_micro": 0.39686169373915786,
        "eval_runtime": 5.4527,
        "eval_samples_per_second": 196.968,
        "eval_steps_per_second": 24.758
    },
    "reconstructed_morphological": {
        "eval_loss": 5.186851978302002,
        "eval_model_preparation_time": 0.033,
        "eval_accuracy": 0.3965462860747516,
        "eval_precision_macro": 0.33260428147504867,
        "eval_recall_macro": 0.38311121343376303,
        "eval_f1_macro": 0.29717785726260504,
        "eval_precision_micro": 0.3965462860747516,
        "eval_recall_micro": 0.3965462860747516,
        "eval_f1_micro": 0.3965462860747516,
        "eval_runtime": 5.4561,
        "eval_samples_per_second": 196.843,
        "eval_steps_per_second": 24.743
    },
    "baseline_en": {
        "eval_loss": 5.166755199432373,
        "eval_model_preparation_time": 0.0278,
        "eval_accuracy": 0.384797350575619,
        "eval_precision_macro": 0.33042656676680254,
        "eval_recall_macro": 0.32946406577122733,
        "eval_f1_macro": 0.2724377122840983,
        "eval_precision_micro": 0.384797350575619,
        "eval_recall_micro": 0.384797350575619,
        "eval_f1_micro": 0.384797350575619,
        "eval_runtime": 5.4494,
        "eval_samples_per_second": 197.087,
        "eval_steps_per_second": 24.774
    },
    "baseline_task_adapter": {
        "eval_loss": 5.311541557312012,
        "eval_model_preparation_time": 0.0281,
        "eval_accuracy": 0.3764390474688535,
        "eval_precision_macro": 0.32334096129445117,
        "eval_recall_macro": 0.38224629301193136,
        "eval_f1_macro": 0.2810148481827734,
        "eval_precision_micro": 0.3764390474688535,
        "eval_recall_micro": 0.3764390474688535,
        "eval_f1_micro": 0.3764390474688535,
        "eval_runtime": 4.9411,
        "eval_samples_per_second": 217.358,
        "eval_steps_per_second": 27.322
    },
    "baseline_avg_adapter": {
        "eval_loss": 6.195042610168457,
        "eval_model_preparation_time": 0.0288,
        "eval_accuracy": 0.29821794669610474,
        "eval_precision_macro": 0.32783466925791316,
        "eval_recall_macro": 0.2980042491757956,
        "eval_f1_macro": 0.22400512714503115,
        "eval_precision_micro": 0.29821794669610474,
        "eval_recall_micro": 0.29821794669610474,
        "eval_f1_micro": 0.29821794669610474,
        "eval_runtime": 5.4582,
        "eval_samples_per_second": 196.767,
        "eval_steps_per_second": 24.733
    },
    "baseline_closest_syntactic": {
        "eval_loss": 6.201574802398682,
        "eval_model_preparation_time": 0.0285,
        "eval_accuracy": 0.2396309730326447,
        "eval_precision_macro": 0.2756289690899458,
        "eval_recall_macro": 0.2050473411415113,
        "eval_f1_macro": 0.1653898748116363,
        "eval_precision_micro": 0.2396309730326447,
        "eval_recall_micro": 0.2396309730326447,
        "eval_f1_micro": 0.2396309730326447,
        "eval_runtime": 5.4628,
        "eval_samples_per_second": 196.604,
        "eval_steps_per_second": 24.713
    },
    "baseline_closest_morphological": {
        "eval_loss": 5.375692844390869,
        "eval_model_preparation_time": 0.0281,
        "eval_accuracy": 0.3124901435104873,
        "eval_precision_macro": 0.3129412549612716,
        "eval_recall_macro": 0.2857063934556855,
        "eval_f1_macro": 0.22394636297413775,
        "eval_precision_micro": 0.3124901435104873,
        "eval_recall_micro": 0.3124901435104873,
        "eval_f1_micro": 0.3124901435104873,
        "eval_runtime": 5.464,
        "eval_samples_per_second": 196.56,
        "eval_steps_per_second": 24.707
    },
    "no_train_gain": {
        "eval_loss": 4.945385932922363,
        "eval_model_preparation_time": 0.0299,
        "eval_accuracy": 0.4016716606213531,
        "eval_precision_macro": 0.3358196239237702,
        "eval_recall_macro": 0.3704275422696372,
        "eval_f1_macro": 0.3011024681435678,
        "eval_precision_micro": 0.4016716606213531,
        "eval_recall_micro": 0.4016716606213531,
        "eval_f1_micro": 0.4016716606213531,
        "eval_runtime": 5.4918,
        "eval_samples_per_second": 195.564,
        "eval_steps_per_second": 24.582
    }
}
