{
    "reconstructed_featural": {
        "eval_loss": 5.210883140563965,
        "eval_model_preparation_time": 0.0288,
        "eval_accuracy": 0.39607317457814223,
        "eval_precision_macro": 0.3295302990071953,
        "eval_recall_macro": 0.3822664764476442,
        "eval_f1_macro": 0.29497593357123963,
        "eval_precision_micro": 0.39607317457814223,
        "eval_recall_micro": 0.39607317457814223,
        "eval_f1_micro": 0.39607317457814223,
        "eval_runtime": 5.4767,
        "eval_samples_per_second": 196.105,
        "eval_steps_per_second": 24.65
    },
    "reconstructed_syntactic": {
        "eval_loss": 5.21921443939209,
        "eval_model_preparation_time": 0.029,
        "eval_accuracy": 0.39591547074593914,
        "eval_precision_macro": 0.3317184909820594,
        "eval_recall_macro": 0.38320356850771053,
        "eval_f1_macro": 0.2963137500632179,
        "eval_precision_micro": 0.39591547074593914,
        "eval_recall_micro": 0.39591547074593914,
        "eval_f1_micro": 0.39591547074593914,
        "eval_runtime": 5.476,
        "eval_samples_per_second": 196.128,
        "eval_steps_per_second": 24.653
    },
    "reconstructed_morphological": {
        "eval_loss": 5.221255779266357,
        "eval_model_preparation_time": 0.0313,
        "eval_accuracy": 0.39441728434000944,
        "eval_precision_macro": 0.3309908397529029,
        "eval_recall_macro": 0.38173015061519666,
        "eval_f1_macro": 0.29392959923301537,
        "eval_precision_micro": 0.39441728434000944,
        "eval_recall_micro": 0.39441728434000944,
        "eval_f1_micro": 0.39441728434000944,
        "eval_runtime": 5.475,
        "eval_samples_per_second": 196.163,
        "eval_steps_per_second": 24.657
    }
}
