{
    "reconstructed_featural": {
        "eval_loss": 5.129955291748047,
        "eval_model_preparation_time": 0.027,
        "eval_accuracy": 0.40056773379593125,
        "eval_precision_macro": 0.33638830188575763,
        "eval_recall_macro": 0.38450699065499544,
        "eval_f1_macro": 0.30032403436854094,
        "eval_precision_micro": 0.40056773379593125,
        "eval_recall_micro": 0.40056773379593125,
        "eval_f1_micro": 0.40056773379593125,
        "eval_runtime": 5.5259,
        "eval_samples_per_second": 194.358,
        "eval_steps_per_second": 24.43
    }
}