{
    "reconstructed_featural": {
        "eval_loss": 1.5349924564361572,
        "eval_model_preparation_time": 0.0284,
        "eval_precision": 0.645136186770428,
        "eval_recall": 0.7543221110100091,
        "eval_f1": 0.6954697986577182,
        "eval_accuracy": 0.8107036669970268,
        "eval_runtime": 2.5589,
        "eval_samples_per_second": 390.799,
        "eval_steps_per_second": 48.85
    }
}