{
    "reconstructed_featural": {
        "eval_loss": 5.00441837310791,
        "eval_model_preparation_time": 0.0302,
        "eval_accuracy": 0.47038327526132406,
        "eval_precision_macro": 0.12450100537642159,
        "eval_recall_macro": 0.18107329281745985,
        "eval_f1_macro": 0.11402542869492506,
        "eval_precision_micro": 0.47038327526132406,
        "eval_recall_micro": 0.47038327526132406,
        "eval_f1_micro": 0.47038327526132406,
        "eval_runtime": 0.4156,
        "eval_samples_per_second": 182.868,
        "eval_steps_per_second": 24.062
    },
    "baseline_en": {
        "eval_loss": 5.031386375427246,
        "eval_model_preparation_time": 0.0293,
        "eval_accuracy": 0.5226480836236934,
        "eval_precision_macro": 0.19052161506313756,
        "eval_recall_macro": 0.19487285702056867,
        "eval_f1_macro": 0.13601164609551353,
        "eval_precision_micro": 0.5226480836236934,
        "eval_recall_micro": 0.5226480836236934,
        "eval_f1_micro": 0.5226480836236934,
        "eval_runtime": 0.4139,
        "eval_samples_per_second": 183.634,
        "eval_steps_per_second": 24.162
    },
    "baseline_task_adapter": {
        "eval_loss": 4.848259925842285,
        "eval_model_preparation_time": 0.0307,
        "eval_accuracy": 0.4529616724738676,
        "eval_precision_macro": 0.1226258987859192,
        "eval_recall_macro": 0.12072602358642882,
        "eval_f1_macro": 0.11066739256700094,
        "eval_precision_micro": 0.4529616724738676,
        "eval_recall_micro": 0.4529616724738676,
        "eval_f1_micro": 0.4529616724738676,
        "eval_runtime": 0.3758,
        "eval_samples_per_second": 202.213,
        "eval_steps_per_second": 26.607
    },
    "baseline_avg_adapter": {
        "eval_loss": 5.192707538604736,
        "eval_model_preparation_time": 0.0297,
        "eval_accuracy": 0.49477351916376305,
        "eval_precision_macro": 0.1282586395261917,
        "eval_recall_macro": 0.12439211393312298,
        "eval_f1_macro": 0.10690352445902089,
        "eval_precision_micro": 0.49477351916376305,
        "eval_recall_micro": 0.49477351916376305,
        "eval_f1_micro": 0.49477351916376305,
        "eval_runtime": 0.411,
        "eval_samples_per_second": 184.915,
        "eval_steps_per_second": 24.331
    },
    "baseline_closest_featural": {
        "eval_loss": 4.86618185043335,
        "eval_model_preparation_time": 0.0298,
        "eval_accuracy": 0.47909407665505227,
        "eval_precision_macro": 0.1292103769766071,
        "eval_recall_macro": 0.12459021310919279,
        "eval_f1_macro": 0.1173987893416149,
        "eval_precision_micro": 0.47909407665505227,
        "eval_recall_micro": 0.47909407665505227,
        "eval_f1_micro": 0.47909407665505227,
        "eval_runtime": 0.4114,
        "eval_samples_per_second": 184.752,
        "eval_steps_per_second": 24.309
    },
    "no_train_gain": {
        "eval_loss": 4.656396389007568,
        "eval_model_preparation_time": 0.0319,
        "eval_accuracy": 0.4912891986062718,
        "eval_precision_macro": 0.15798951353912655,
        "eval_recall_macro": 0.19083267201927534,
        "eval_f1_macro": 0.1295303673745699,
        "eval_precision_micro": 0.4912891986062718,
        "eval_recall_micro": 0.4912891986062718,
        "eval_f1_micro": 0.4912891986062718,
        "eval_runtime": 0.4155,
        "eval_samples_per_second": 182.916,
        "eval_steps_per_second": 24.068
    }
}