{
    "reconstructed_featural": {
        "eval_loss": 5.0835676193237305,
        "eval_model_preparation_time": 0.0272,
        "eval_accuracy": 0.4686411149825784,
        "eval_precision_macro": 0.12747873438641266,
        "eval_recall_macro": 0.17839869882959636,
        "eval_f1_macro": 0.11140512263678909,
        "eval_precision_micro": 0.4686411149825784,
        "eval_recall_micro": 0.4686411149825784,
        "eval_f1_micro": 0.4686411149825784,
        "eval_runtime": 0.4067,
        "eval_samples_per_second": 186.876,
        "eval_steps_per_second": 24.589
    }
}