{
    "reconstructed_featural": {
        "eval_loss": 5.036787033081055,
        "eval_model_preparation_time": 0.0279,
        "eval_accuracy": 0.47038327526132406,
        "eval_precision_macro": 0.12555966581376818,
        "eval_recall_macro": 0.17874069609361826,
        "eval_f1_macro": 0.11153159447689942,
        "eval_precision_micro": 0.47038327526132406,
        "eval_recall_micro": 0.47038327526132406,
        "eval_f1_micro": 0.47038327526132406,
        "eval_runtime": 0.4079,
        "eval_samples_per_second": 186.334,
        "eval_steps_per_second": 24.518
    }
}
