{
    "reconstructed_featural": {
        "eval_loss": 7.081481456756592,
        "eval_model_preparation_time": 0.0289,
        "eval_accuracy": 0.19753086419753085,
        "eval_precision_macro": 0.06342857142857143,
        "eval_recall_macro": 0.057662835249042144,
        "eval_f1_macro": 0.05183080808080808,
        "eval_precision_micro": 0.19753086419753085,
        "eval_recall_micro": 0.19753086419753085,
        "eval_f1_micro": 0.19753086419753085,
        "eval_runtime": 0.1383,
        "eval_samples_per_second": 173.537,
        "eval_steps_per_second": 21.692
    },
    "reconstructed_syntactic": {
        "eval_loss": 6.985803127288818,
        "eval_model_preparation_time": 0.029,
        "eval_accuracy": 0.20987654320987653,
        "eval_precision_macro": 0.08797222222222222,
        "eval_recall_macro": 0.06117160717886671,
        "eval_f1_macro": 0.05922338135452889,
        "eval_precision_micro": 0.20987654320987653,
        "eval_recall_micro": 0.20987654320987653,
        "eval_f1_micro": 0.20987654320987653,
        "eval_runtime": 0.138,
        "eval_samples_per_second": 173.884,
        "eval_steps_per_second": 21.735
    },
    "reconstructed_morphological": {
        "eval_loss": 7.413217067718506,
        "eval_model_preparation_time": 0.0313,
        "eval_accuracy": 0.2222222222222222,
        "eval_precision_macro": 0.06219205630970337,
        "eval_recall_macro": 0.0863984674329502,
        "eval_f1_macro": 0.06052910052910053,
        "eval_precision_micro": 0.2222222222222222,
        "eval_recall_micro": 0.2222222222222222,
        "eval_f1_micro": 0.2222222222222222,
        "eval_runtime": 0.1399,
        "eval_samples_per_second": 171.546,
        "eval_steps_per_second": 21.443
    }
}