{
    "reconstructed_featural": {
        "eval_loss": 7.432298183441162,
        "eval_model_preparation_time": 0.0299,
        "eval_accuracy": 0.20987654320987653,
        "eval_precision_macro": 0.06973180076628352,
        "eval_recall_macro": 0.07806513409961686,
        "eval_f1_macro": 0.059497882637628556,
        "eval_precision_micro": 0.20987654320987653,
        "eval_recall_micro": 0.20987654320987653,
        "eval_f1_micro": 0.20987654320987653,
        "eval_runtime": 0.1402,
        "eval_samples_per_second": 171.223,
        "eval_steps_per_second": 21.403
    },
    "reconstructed_syntactic": {
        "eval_loss": 6.8810648918151855,
        "eval_model_preparation_time": 0.0278,
        "eval_accuracy": 0.18518518518518517,
        "eval_precision_macro": 0.06865506059054446,
        "eval_recall_macro": 0.05117319159968887,
        "eval_f1_macro": 0.0435374149659864,
        "eval_precision_micro": 0.18518518518518517,
        "eval_recall_micro": 0.18518518518518517,
        "eval_f1_micro": 0.18518518518518517,
        "eval_runtime": 0.1393,
        "eval_samples_per_second": 172.232,
        "eval_steps_per_second": 21.529
    },
    "reconstructed_morphological": {
        "eval_loss": 7.455882549285889,
        "eval_model_preparation_time": 0.0278,
        "eval_accuracy": 0.19753086419753085,
        "eval_precision_macro": 0.053787878787878794,
        "eval_recall_macro": 0.08180076628352491,
        "eval_f1_macro": 0.05548703788924681,
        "eval_precision_micro": 0.19753086419753085,
        "eval_recall_micro": 0.19753086419753085,
        "eval_f1_micro": 0.19753086419753085,
        "eval_runtime": 0.1391,
        "eval_samples_per_second": 172.544,
        "eval_steps_per_second": 21.568
    }
}
