{
    "reconstructed_syntactic": {
        "eval_loss": 2.4649734497070312,
        "eval_model_preparation_time": 0.0284,
        "eval_precision": 0.32893421315736854,
        "eval_recall": 0.4383160138555822,
        "eval_f1": 0.3758281928261366,
        "eval_accuracy": 0.7021370405362847,
        "eval_runtime": 25.3772,
        "eval_samples_per_second": 394.054,
        "eval_steps_per_second": 49.257
    },
    "reconstructed_morphological": {
        "eval_loss": 2.4609248638153076,
        "eval_model_preparation_time": 0.0282,
        "eval_precision": 0.3331326912787587,
        "eval_recall": 0.44240163424815704,
        "eval_f1": 0.38006943649612757,
        "eval_accuracy": 0.7037207000494894,
        "eval_runtime": 25.4209,
        "eval_samples_per_second": 393.377,
        "eval_steps_per_second": 49.172
    },
    "baseline_en": {
        "eval_loss": 5.003535747528076,
        "eval_model_preparation_time": 0.0269,
        "eval_precision": 0.316988416988417,
        "eval_recall": 0.21875832667199574,
        "eval_f1": 0.2588680435125335,
        "eval_accuracy": 0.5776038151797364,
        "eval_runtime": 25.4041,
        "eval_samples_per_second": 393.637,
        "eval_steps_per_second": 49.205
    },
    "baseline_task_adapter": {
        "eval_loss": 2.694514036178589,
        "eval_model_preparation_time": 0.0279,
        "eval_precision": 0.28561745967195334,
        "eval_recall": 0.37427835509370283,
        "eval_f1": 0.3239918502287318,
        "eval_accuracy": 0.6625275565753364,
        "eval_runtime": 22.5545,
        "eval_samples_per_second": 443.37,
        "eval_steps_per_second": 55.421
    },
    "baseline_avg_adapter": {
        "eval_loss": 4.804088115692139,
        "eval_model_preparation_time": 0.0283,
        "eval_precision": 0.2880814297550006,
        "eval_recall": 0.21618260946798118,
        "eval_f1": 0.24700629186117315,
        "eval_accuracy": 0.5299410626715256,
        "eval_runtime": 26.154,
        "eval_samples_per_second": 382.351,
        "eval_steps_per_second": 47.794
    },
    "baseline_closest_syntactic": {
        "eval_loss": 3.239079713821411,
        "eval_model_preparation_time": 0.0274,
        "eval_precision": 0.286010760953113,
        "eval_recall": 0.3304911626254552,
        "eval_f1": 0.306646338950925,
        "eval_accuracy": 0.6915193233454807,
        "eval_runtime": 25.4296,
        "eval_samples_per_second": 393.242,
        "eval_steps_per_second": 49.155
    },
    "baseline_closest_morphological": {
        "eval_loss": 3.239079713821411,
        "eval_model_preparation_time": 0.0279,
        "eval_precision": 0.286010760953113,
        "eval_recall": 0.3304911626254552,
        "eval_f1": 0.306646338950925,
        "eval_accuracy": 0.6915193233454807,
        "eval_runtime": 25.2806,
        "eval_samples_per_second": 395.56,
        "eval_steps_per_second": 49.445
    },
    "no_train_gain": {
        "eval_loss": 3.05295729637146,
        "eval_model_preparation_time": 0.0294,
        "eval_precision": 0.32790351632860837,
        "eval_recall": 0.3718802735589306,
        "eval_f1": 0.348510071583153,
        "eval_accuracy": 0.6760876411571513,
        "eval_runtime": 25.4736,
        "eval_samples_per_second": 392.563,
        "eval_steps_per_second": 49.07
    }
}