{
    "reconstructed_featural": {
        "eval_loss": 1.845398187637329,
        "eval_model_preparation_time": 0.0292,
        "eval_accuracy": 0.7980338296949545,
        "eval_precision_macro": 0.5415108530896101,
        "eval_recall_macro": 0.5943946669774753,
        "eval_f1_macro": 0.5486679025328632,
        "eval_precision_micro": 0.7980338296949545,
        "eval_recall_micro": 0.7980338296949545,
        "eval_f1_micro": 0.7980338296949545,
        "eval_runtime": 5.1606,
        "eval_samples_per_second": 193.777,
        "eval_steps_per_second": 24.222
    },
    "reconstructed_syntactic": {
        "eval_loss": 1.8395320177078247,
        "eval_model_preparation_time": 0.0287,
        "eval_accuracy": 0.7990940195653221,
        "eval_precision_macro": 0.544361752095938,
        "eval_recall_macro": 0.595215690885073,
        "eval_f1_macro": 0.550544622105024,
        "eval_precision_micro": 0.7990940195653221,
        "eval_recall_micro": 0.7990940195653221,
        "eval_f1_micro": 0.7990940195653221,
        "eval_runtime": 5.1463,
        "eval_samples_per_second": 194.316,
        "eval_steps_per_second": 24.289
    },
    "reconstructed_morphological": {
        "eval_loss": 1.884109377861023,
        "eval_model_preparation_time": 0.0297,
        "eval_accuracy": 0.7943713555973206,
        "eval_precision_macro": 0.5339255219345218,
        "eval_recall_macro": 0.5921850124974712,
        "eval_f1_macro": 0.5420714981920155,
        "eval_precision_micro": 0.7943713555973206,
        "eval_recall_micro": 0.7943713555973206,
        "eval_f1_micro": 0.7943713555973206,
        "eval_runtime": 5.1552,
        "eval_samples_per_second": 193.98,
        "eval_steps_per_second": 24.248
    }
}