{
    "reconstructed_featural": {
        "eval_loss": 1.8506367206573486,
        "eval_model_preparation_time": 0.0272,
        "eval_accuracy": 0.7978410679003421,
        "eval_precision_macro": 0.5405350107676568,
        "eval_recall_macro": 0.5925789216285676,
        "eval_f1_macro": 0.5475708973448697,
        "eval_precision_micro": 0.7978410679003421,
        "eval_recall_micro": 0.7978410679003421,
        "eval_f1_micro": 0.7978410679003421,
        "eval_runtime": 5.2071,
        "eval_samples_per_second": 192.045,
        "eval_steps_per_second": 24.006
    }
}
