{
    "reconstructed_featural": {
        "exact_match": 50.588235294117645,
        "f1": 66.69716895803475
    }
}
