{
    "reconstructed_featural": {
        "exact_match": 50.7563025210084,
        "f1": 66.86523618492551
    }
}
