{
    "reconstructed_featural": {
        "exact_match": 50.67226890756302,
        "f1": 66.80580119469465
    },
    "baseline_en": {
        "exact_match": 47.64705882352941,
        "f1": 64.870072538291
    },
    "baseline_task_adapter": {
        "exact_match": 48.57142857142857,
        "f1": 65.50241113443988
    },
    "baseline_avg_adapter": {
        "exact_match": 43.02521008403362,
        "f1": 59.58361357918467
    },
    "baseline_closest_featural": {
        "exact_match": 48.739495798319325,
        "f1": 65.30234201572019
    },
    "no_train_gain": {
        "exact_match": 49.831932773109244,
        "f1": 66.60405717500956
    }
}
