{
    "reconstructed_featural": {
        "eval_loss": 2.4912614822387695,
        "eval_model_preparation_time": 0.0286,
        "eval_precision": 0.35294117647058826,
        "eval_recall": 0.46956521739130436,
        "eval_f1": 0.40298507462686567,
        "eval_accuracy": 0.7205882352941176,
        "eval_runtime": 0.3031,
        "eval_samples_per_second": 329.948,
        "eval_steps_per_second": 42.893
    },
    "baseline_en": {
        "eval_loss": 4.9757256507873535,
        "eval_model_preparation_time": 0.0282,
        "eval_precision": 0.3387096774193548,
        "eval_recall": 0.1826086956521739,
        "eval_f1": 0.23728813559322032,
        "eval_accuracy": 0.6106811145510835,
        "eval_runtime": 0.3029,
        "eval_samples_per_second": 330.159,
        "eval_steps_per_second": 42.921
    },
    "baseline_task_adapter": {
        "eval_loss": 2.4607932567596436,
        "eval_model_preparation_time": 0.0286,
        "eval_precision": 0.3120567375886525,
        "eval_recall": 0.3826086956521739,
        "eval_f1": 0.34375,
        "eval_accuracy": 0.7012383900928792,
        "eval_runtime": 0.267,
        "eval_samples_per_second": 374.468,
        "eval_steps_per_second": 48.681
    },
    "baseline_avg_adapter": {
        "eval_loss": 3.7319836616516113,
        "eval_model_preparation_time": 0.029,
        "eval_precision": 0.27631578947368424,
        "eval_recall": 0.1826086956521739,
        "eval_f1": 0.2198952879581152,
        "eval_accuracy": 0.641640866873065,
        "eval_runtime": 0.3335,
        "eval_samples_per_second": 299.866,
        "eval_steps_per_second": 38.983
    },
    "baseline_closest_featural": {
        "eval_loss": 2.5427186489105225,
        "eval_model_preparation_time": 0.0288,
        "eval_precision": 0.3382352941176471,
        "eval_recall": 0.4,
        "eval_f1": 0.3665338645418327,
        "eval_accuracy": 0.6958204334365325,
        "eval_runtime": 0.301,
        "eval_samples_per_second": 332.181,
        "eval_steps_per_second": 43.184
    },
    "no_train_gain": {
        "eval_loss": 2.44394588470459,
        "eval_model_preparation_time": 0.0289,
        "eval_precision": 0.3081761006289308,
        "eval_recall": 0.4260869565217391,
        "eval_f1": 0.35766423357664234,
        "eval_accuracy": 0.7159442724458205,
        "eval_runtime": 0.322,
        "eval_samples_per_second": 310.595,
        "eval_steps_per_second": 40.377
    }
}
