{
    "reconstructed_featural": {
        "eval_loss": 2.493831157684326,
        "eval_model_preparation_time": 0.0284,
        "eval_precision": 0.3741496598639456,
        "eval_recall": 0.4782608695652174,
        "eval_f1": 0.4198473282442748,
        "eval_accuracy": 0.7229102167182663,
        "eval_runtime": 0.2993,
        "eval_samples_per_second": 334.163,
        "eval_steps_per_second": 43.441
    }
}
