{
    "reconstructed_featural": {
        "eval_loss": 2.501028537750244,
        "eval_model_preparation_time": 0.0296,
        "eval_precision": 0.3698630136986301,
        "eval_recall": 0.46956521739130436,
        "eval_f1": 0.41379310344827586,
        "eval_accuracy": 0.7190402476780186,
        "eval_runtime": 0.3058,
        "eval_samples_per_second": 327.036,
        "eval_steps_per_second": 42.515
    }
}