{
    "reconstructed_featural": {
        "eval_loss": 2.496760129928589,
        "eval_model_preparation_time": 0.0279,
        "eval_precision": 0.30625,
        "eval_recall": 0.4260869565217391,
        "eval_f1": 0.3563636363636364,
        "eval_accuracy": 0.7089783281733746,
        "eval_runtime": 0.3055,
        "eval_samples_per_second": 327.289,
        "eval_steps_per_second": 42.548
    },
    "reconstructed_syntactic": {
        "eval_loss": 2.372494697570801,
        "eval_model_preparation_time": 0.0279,
        "eval_precision": 0.35064935064935066,
        "eval_recall": 0.46956521739130436,
        "eval_f1": 0.40148698884758366,
        "eval_accuracy": 0.7267801857585139,
        "eval_runtime": 0.3101,
        "eval_samples_per_second": 322.514,
        "eval_steps_per_second": 41.927
    },
    "reconstructed_morphological": {
        "eval_loss": 2.516909599304199,
        "eval_model_preparation_time": 0.0277,
        "eval_precision": 0.36551724137931035,
        "eval_recall": 0.4608695652173913,
        "eval_f1": 0.40769230769230763,
        "eval_accuracy": 0.7205882352941176,
        "eval_runtime": 0.3266,
        "eval_samples_per_second": 306.187,
        "eval_steps_per_second": 39.804
    }
}
