{
    "reconstructed_featural": {
        "eval_loss": 4.066934108734131,
        "eval_model_preparation_time": 0.0287,
        "eval_precision": 0.3770491803278688,
        "eval_recall": 0.4144144144144144,
        "eval_f1": 0.3948497854077253,
        "eval_accuracy": 0.5934959349593496,
        "eval_runtime": 0.3004,
        "eval_samples_per_second": 332.905,
        "eval_steps_per_second": 43.278
    }
}
