{
    "reconstructed_featural": {
        "eval_loss": 4.081263065338135,
        "eval_model_preparation_time": 0.0283,
        "eval_precision": 0.359375,
        "eval_recall": 0.4144144144144144,
        "eval_f1": 0.38493723849372385,
        "eval_accuracy": 0.5983739837398374,
        "eval_runtime": 0.3207,
        "eval_samples_per_second": 311.859,
        "eval_steps_per_second": 40.542
    },
    "baseline_en": {
        "eval_loss": 11.880654335021973,
        "eval_model_preparation_time": 0.0282,
        "eval_precision": 0.2857142857142857,
        "eval_recall": 0.05405405405405406,
        "eval_f1": 0.09090909090909091,
        "eval_accuracy": 0.17560975609756097,
        "eval_runtime": 0.306,
        "eval_samples_per_second": 326.776,
        "eval_steps_per_second": 42.481
    },
    "baseline_task_adapter": {
        "eval_loss": 4.773256778717041,
        "eval_model_preparation_time": 0.0278,
        "eval_precision": 0.3652173913043478,
        "eval_recall": 0.3783783783783784,
        "eval_f1": 0.37168141592920356,
        "eval_accuracy": 0.5357723577235772,
        "eval_runtime": 0.2973,
        "eval_samples_per_second": 336.304,
        "eval_steps_per_second": 43.72
    },
    "baseline_avg_adapter": {
        "eval_loss": 8.17314338684082,
        "eval_model_preparation_time": 0.0312,
        "eval_precision": 0.24489795918367346,
        "eval_recall": 0.10810810810810811,
        "eval_f1": 0.15000000000000002,
        "eval_accuracy": 0.26666666666666666,
        "eval_runtime": 0.3205,
        "eval_samples_per_second": 311.996,
        "eval_steps_per_second": 40.559
    },
    "baseline_closest_featural": {
        "eval_loss": 12.230504035949707,
        "eval_model_preparation_time": 0.0292,
        "eval_precision": 0.14285714285714285,
        "eval_recall": 0.018018018018018018,
        "eval_f1": 0.032,
        "eval_accuracy": 0.14146341463414633,
        "eval_runtime": 0.3324,
        "eval_samples_per_second": 300.839,
        "eval_steps_per_second": 39.109
    },
    "no_train_gain": {
        "eval_loss": 7.454433441162109,
        "eval_model_preparation_time": 0.0295,
        "eval_precision": 0.3424657534246575,
        "eval_recall": 0.22522522522522523,
        "eval_f1": 0.2717391304347826,
        "eval_accuracy": 0.3845528455284553,
        "eval_runtime": 0.3033,
        "eval_samples_per_second": 329.669,
        "eval_steps_per_second": 42.857
    }
}
