{
    "reconstructed_featural": {
        "eval_loss": 3.3733408451080322,
        "eval_model_preparation_time": 0.0336,
        "eval_precision": 0.2803030303030303,
        "eval_recall": 0.3523809523809524,
        "eval_f1": 0.3122362869198312,
        "eval_accuracy": 0.5493506493506494,
        "eval_runtime": 0.3488,
        "eval_samples_per_second": 286.671,
        "eval_steps_per_second": 37.267
    }
}
