{
    "reconstructed_featural": {
        "eval_loss": 3.3819143772125244,
        "eval_model_preparation_time": 0.029,
        "eval_precision": 0.2824427480916031,
        "eval_recall": 0.3523809523809524,
        "eval_f1": 0.31355932203389836,
        "eval_accuracy": 0.548051948051948,
        "eval_runtime": 0.3064,
        "eval_samples_per_second": 326.339,
        "eval_steps_per_second": 42.424
    }
}
