{
    "reconstructed_featural": {
        "eval_loss": 1.6461906433105469,
        "eval_model_preparation_time": 0.0288,
        "eval_precision": 0.46134506599622876,
        "eval_recall": 0.5672333848531684,
        "eval_f1": 0.5088388214904679,
        "eval_accuracy": 0.8212447929429062,
        "eval_runtime": 2.7224,
        "eval_samples_per_second": 367.326,
        "eval_steps_per_second": 45.916
    },
    "reconstructed_syntactic": {
        "eval_loss": 1.6461906433105469,
        "eval_model_preparation_time": 0.0299,
        "eval_precision": 0.46134506599622876,
        "eval_recall": 0.5672333848531684,
        "eval_f1": 0.5088388214904679,
        "eval_accuracy": 0.8212447929429062,
        "eval_runtime": 2.7142,
        "eval_samples_per_second": 368.432,
        "eval_steps_per_second": 46.054
    },
    "reconstructed_morphological": {
        "eval_loss": 1.6461906433105469,
        "eval_model_preparation_time": 0.0289,
        "eval_precision": 0.46134506599622876,
        "eval_recall": 0.5672333848531684,
        "eval_f1": 0.5088388214904679,
        "eval_accuracy": 0.8212447929429062,
        "eval_runtime": 2.7662,
        "eval_samples_per_second": 361.502,
        "eval_steps_per_second": 45.188
    }
}