{
    "reconstructed_featural": {
        "eval_loss": 3.1970434188842773,
        "eval_model_preparation_time": 0.0341,
        "eval_precision": 0.2028301886792453,
        "eval_recall": 0.35833333333333334,
        "eval_f1": 0.2590361445783133,
        "eval_accuracy": 0.6076058772687987,
        "eval_runtime": 0.3882,
        "eval_samples_per_second": 257.602,
        "eval_steps_per_second": 33.488
    }
}
