{
    "reconstructed_featural": {
        "eval_loss": 3.0423920154571533,
        "eval_model_preparation_time": 0.0278,
        "eval_precision": 0.19811320754716982,
        "eval_recall": 0.35,
        "eval_f1": 0.2530120481927711,
        "eval_accuracy": 0.6382886776145204,
        "eval_runtime": 0.3474,
        "eval_samples_per_second": 287.879,
        "eval_steps_per_second": 37.424
    },
    "reconstructed_syntactic": {
        "eval_loss": 3.083839178085327,
        "eval_model_preparation_time": 0.0275,
        "eval_precision": 0.19282511210762332,
        "eval_recall": 0.35833333333333334,
        "eval_f1": 0.25072886297376096,
        "eval_accuracy": 0.6326707000864304,
        "eval_runtime": 0.3443,
        "eval_samples_per_second": 290.461,
        "eval_steps_per_second": 37.76
    },
    "reconstructed_morphological": {
        "eval_loss": 2.9941511154174805,
        "eval_model_preparation_time": 0.0279,
        "eval_precision": 0.21568627450980393,
        "eval_recall": 0.36666666666666664,
        "eval_f1": 0.271604938271605,
        "eval_accuracy": 0.6646499567847882,
        "eval_runtime": 0.3442,
        "eval_samples_per_second": 290.495,
        "eval_steps_per_second": 37.764
    }
}