{
    "reconstructed_featural": {
        "eval_loss": 3.1963415145874023,
        "eval_model_preparation_time": 0.0286,
        "eval_precision": 0.2037914691943128,
        "eval_recall": 0.35833333333333334,
        "eval_f1": 0.2598187311178248,
        "eval_accuracy": 0.6101987899740708,
        "eval_runtime": 0.3997,
        "eval_samples_per_second": 250.208,
        "eval_steps_per_second": 32.527
    },
    "baseline_en": {
        "eval_loss": 3.794219970703125,
        "eval_model_preparation_time": 0.029,
        "eval_precision": 0.20535714285714285,
        "eval_recall": 0.19166666666666668,
        "eval_f1": 0.1982758620689655,
        "eval_accuracy": 0.6568712186689715,
        "eval_runtime": 0.4068,
        "eval_samples_per_second": 245.832,
        "eval_steps_per_second": 31.958
    },
    "baseline_task_adapter": {
        "eval_loss": 2.5902411937713623,
        "eval_model_preparation_time": 0.0286,
        "eval_precision": 0.2153846153846154,
        "eval_recall": 0.35,
        "eval_f1": 0.26666666666666666,
        "eval_accuracy": 0.6966292134831461,
        "eval_runtime": 0.3251,
        "eval_samples_per_second": 307.616,
        "eval_steps_per_second": 39.99
    },
    "baseline_avg_adapter": {
        "eval_loss": 3.134239435195923,
        "eval_model_preparation_time": 0.029,
        "eval_precision": 0.2753623188405797,
        "eval_recall": 0.15833333333333333,
        "eval_f1": 0.20105820105820105,
        "eval_accuracy": 0.698789974070873,
        "eval_runtime": 0.3743,
        "eval_samples_per_second": 267.13,
        "eval_steps_per_second": 34.727
    },
    "baseline_closest_featural": {
        "eval_loss": 2.6304116249084473,
        "eval_model_preparation_time": 0.0303,
        "eval_precision": 0.16521739130434782,
        "eval_recall": 0.15833333333333333,
        "eval_f1": 0.16170212765957445,
        "eval_accuracy": 0.7156439066551427,
        "eval_runtime": 0.3819,
        "eval_samples_per_second": 261.818,
        "eval_steps_per_second": 34.036
    },
    "no_train_gain": {
        "eval_loss": 3.5235190391540527,
        "eval_model_preparation_time": 0.0288,
        "eval_precision": 0.19672131147540983,
        "eval_recall": 0.3,
        "eval_f1": 0.2376237623762376,
        "eval_accuracy": 0.6270527225583405,
        "eval_runtime": 0.3716,
        "eval_samples_per_second": 269.095,
        "eval_steps_per_second": 34.982
    }
}
