{
    "reconstructed_featural": {
        "eval_loss": 2.8260953426361084,
        "eval_model_preparation_time": 0.0304,
        "eval_precision": 0.49137931034482757,
        "eval_recall": 0.5588235294117647,
        "eval_f1": 0.5229357798165137,
        "eval_accuracy": 0.6893095768374164,
        "eval_runtime": 0.3002,
        "eval_samples_per_second": 333.087,
        "eval_steps_per_second": 43.301
    },
    "reconstructed_syntactic": {
        "eval_loss": 2.875013828277588,
        "eval_model_preparation_time": 0.0294,
        "eval_precision": 0.47863247863247865,
        "eval_recall": 0.5490196078431373,
        "eval_f1": 0.5114155251141552,
        "eval_accuracy": 0.688195991091314,
        "eval_runtime": 0.2913,
        "eval_samples_per_second": 343.312,
        "eval_steps_per_second": 44.631
    },
    "reconstructed_morphological": {
        "eval_loss": 2.7214996814727783,
        "eval_model_preparation_time": 0.0296,
        "eval_precision": 0.49137931034482757,
        "eval_recall": 0.5588235294117647,
        "eval_f1": 0.5229357798165137,
        "eval_accuracy": 0.6893095768374164,
        "eval_runtime": 0.2939,
        "eval_samples_per_second": 340.203,
        "eval_steps_per_second": 44.226
    }
}
