{
    "reconstructed_featural": {
        "eval_loss": 2.6773569583892822,
        "eval_model_preparation_time": 0.0275,
        "eval_precision": 0.5,
        "eval_recall": 0.5686274509803921,
        "eval_f1": 0.5321100917431193,
        "eval_accuracy": 0.6915367483296214,
        "eval_runtime": 0.3046,
        "eval_samples_per_second": 328.342,
        "eval_steps_per_second": 42.684
    }
}