{
    "reconstructed_featural": {
        "eval_loss": 1.2321399450302124,
        "eval_model_preparation_time": 0.0278,
        "eval_precision": 0.6363636363636364,
        "eval_recall": 0.7362366474938373,
        "eval_f1": 0.6826666666666666,
        "eval_accuracy": 0.8671300081766149,
        "eval_runtime": 2.7122,
        "eval_samples_per_second": 368.711,
        "eval_steps_per_second": 46.089
    },
    "reconstructed_syntactic": {
        "eval_loss": 1.2230372428894043,
        "eval_model_preparation_time": 0.028,
        "eval_precision": 0.6467195385724586,
        "eval_recall": 0.7370583401807724,
        "eval_f1": 0.6889400921658987,
        "eval_accuracy": 0.8661760697737804,
        "eval_runtime": 2.7521,
        "eval_samples_per_second": 363.355,
        "eval_steps_per_second": 45.419
    },
    "reconstructed_morphological": {
        "eval_loss": 1.2043983936309814,
        "eval_model_preparation_time": 0.0278,
        "eval_precision": 0.6464208242950108,
        "eval_recall": 0.7345932621199671,
        "eval_f1": 0.6876923076923077,
        "eval_accuracy": 0.8704006541291905,
        "eval_runtime": 2.7344,
        "eval_samples_per_second": 365.711,
        "eval_steps_per_second": 45.714
    }
}
