{
    "reconstructed_featural": {
        "eval_loss": 1.261887788772583,
        "eval_model_preparation_time": 0.0285,
        "eval_precision": 0.6414141414141414,
        "eval_recall": 0.7304847986852917,
        "eval_f1": 0.6830580099884748,
        "eval_accuracy": 0.8646088852548378,
        "eval_runtime": 2.8138,
        "eval_samples_per_second": 355.386,
        "eval_steps_per_second": 44.423
    },
    "baseline_en": {
        "eval_loss": 2.2074649333953857,
        "eval_model_preparation_time": 0.0286,
        "eval_precision": 0.5939655172413794,
        "eval_recall": 0.5661462612982745,
        "eval_f1": 0.5797223390828776,
        "eval_accuracy": 0.7984464431725266,
        "eval_runtime": 2.8466,
        "eval_samples_per_second": 351.302,
        "eval_steps_per_second": 43.913
    },
    "baseline_task_adapter": {
        "eval_loss": 1.3720790147781372,
        "eval_model_preparation_time": 0.0285,
        "eval_precision": 0.5854004252303331,
        "eval_recall": 0.6787181594083813,
        "eval_f1": 0.6286149162861492,
        "eval_accuracy": 0.8466884709730171,
        "eval_runtime": 2.4468,
        "eval_samples_per_second": 408.695,
        "eval_steps_per_second": 51.087
    },
    "baseline_avg_adapter": {
        "eval_loss": 1.7838213443756104,
        "eval_model_preparation_time": 0.0289,
        "eval_precision": 0.5238508239375542,
        "eval_recall": 0.49630238290879214,
        "eval_f1": 0.509704641350211,
        "eval_accuracy": 0.7822294903243391,
        "eval_runtime": 2.8575,
        "eval_samples_per_second": 349.951,
        "eval_steps_per_second": 43.744
    },
    "baseline_closest_featural": {
        "eval_loss": 1.6012187004089355,
        "eval_model_preparation_time": 0.0295,
        "eval_precision": 0.5152590489709014,
        "eval_recall": 0.5965488907148726,
        "eval_f1": 0.552932216298553,
        "eval_accuracy": 0.8147315344780595,
        "eval_runtime": 2.8805,
        "eval_samples_per_second": 347.156,
        "eval_steps_per_second": 43.395
    },
    "no_train_gain": {
        "eval_loss": 1.3306188583374023,
        "eval_model_preparation_time": 0.0302,
        "eval_precision": 0.6341463414634146,
        "eval_recall": 0.7263763352506163,
        "eval_f1": 0.6771351972424359,
        "eval_accuracy": 0.8637230853093486,
        "eval_runtime": 2.852,
        "eval_samples_per_second": 350.632,
        "eval_steps_per_second": 43.829
    }
}