{
    "reconstructed_featural": {
        "eval_loss": 1.6043444871902466,
        "eval_model_preparation_time": 0.0274,
        "eval_accuracy": 0.8792865828942035,
        "eval_precision_macro": 0.6955608800724412,
        "eval_recall_macro": 0.6669595699101704,
        "eval_f1_macro": 0.6471296133529756,
        "eval_precision_micro": 0.8792865828942035,
        "eval_recall_micro": 0.8792865828942035,
        "eval_f1_micro": 0.8792865828942035,
        "eval_runtime": 4.654,
        "eval_samples_per_second": 191.02,
        "eval_steps_per_second": 24.066
    },
    "reconstructed_syntactic": {
        "eval_loss": 1.6101375818252563,
        "eval_model_preparation_time": 0.0278,
        "eval_accuracy": 0.8785569517632752,
        "eval_precision_macro": 0.6920692885898166,
        "eval_recall_macro": 0.6667899991982911,
        "eval_f1_macro": 0.6451820173262416,
        "eval_precision_micro": 0.8785569517632752,
        "eval_recall_micro": 0.8785569517632752,
        "eval_f1_micro": 0.8785569517632752,
        "eval_runtime": 4.6576,
        "eval_samples_per_second": 190.869,
        "eval_steps_per_second": 24.047
    },
    "reconstructed_morphological": {
        "eval_loss": 1.596123456954956,
        "eval_model_preparation_time": 0.0275,
        "eval_accuracy": 0.8789623023915687,
        "eval_precision_macro": 0.6979648899554122,
        "eval_recall_macro": 0.6667165520613989,
        "eval_f1_macro": 0.6479836771154227,
        "eval_precision_micro": 0.8789623023915687,
        "eval_recall_micro": 0.8789623023915687,
        "eval_f1_micro": 0.8789623023915687,
        "eval_runtime": 4.6726,
        "eval_samples_per_second": 190.259,
        "eval_steps_per_second": 23.97
    }
}
