{
    "reconstructed_featural": {
        "eval_loss": 1.6249672174453735,
        "eval_model_preparation_time": 0.0288,
        "eval_accuracy": 0.8788001621402514,
        "eval_precision_macro": 0.6949680956770606,
        "eval_recall_macro": 0.6671806263966032,
        "eval_f1_macro": 0.647548962541396,
        "eval_precision_micro": 0.8788001621402514,
        "eval_recall_micro": 0.8788001621402514,
        "eval_f1_micro": 0.8788001621402514,
        "eval_runtime": 4.6082,
        "eval_samples_per_second": 192.918,
        "eval_steps_per_second": 24.305
    },
    "reconstructed_syntactic": {
        "eval_loss": 1.6284756660461426,
        "eval_model_preparation_time": 0.0292,
        "eval_accuracy": 0.8781516011349818,
        "eval_precision_macro": 0.6940941495297669,
        "eval_recall_macro": 0.6673349839520049,
        "eval_f1_macro": 0.6473194657718625,
        "eval_precision_micro": 0.8781516011349818,
        "eval_recall_micro": 0.8781516011349818,
        "eval_f1_micro": 0.8781516011349818,
        "eval_runtime": 4.6039,
        "eval_samples_per_second": 193.096,
        "eval_steps_per_second": 24.327
    },
    "reconstructed_morphological": {
        "eval_loss": 1.620557188987732,
        "eval_model_preparation_time": 0.0289,
        "eval_accuracy": 0.8783948115119579,
        "eval_precision_macro": 0.6951681417281378,
        "eval_recall_macro": 0.6672577567657186,
        "eval_f1_macro": 0.6474258451530537,
        "eval_precision_micro": 0.8783948115119579,
        "eval_recall_micro": 0.8783948115119579,
        "eval_f1_micro": 0.8783948115119579,
        "eval_runtime": 4.6097,
        "eval_samples_per_second": 192.853,
        "eval_steps_per_second": 24.296
    }
}