{
    "reconstructed_featural": {
        "eval_loss": 1.6235909461975098,
        "eval_model_preparation_time": 0.0298,
        "eval_accuracy": 0.8779894608836644,
        "eval_precision_macro": 0.6945131617636019,
        "eval_recall_macro": 0.6671147431070692,
        "eval_f1_macro": 0.6470564163301069,
        "eval_precision_micro": 0.8779894608836644,
        "eval_recall_micro": 0.8779894608836644,
        "eval_f1_micro": 0.8779894608836644,
        "eval_runtime": 4.7471,
        "eval_samples_per_second": 187.272,
        "eval_steps_per_second": 23.593
    },
    "baseline_en": {
        "eval_loss": 1.6169054508209229,
        "eval_model_preparation_time": 0.0307,
        "eval_accuracy": 0.8699635184434535,
        "eval_precision_macro": 0.6866052554249735,
        "eval_recall_macro": 0.6581260338771018,
        "eval_f1_macro": 0.6389501838593843,
        "eval_precision_micro": 0.8699635184434535,
        "eval_recall_micro": 0.8699635184434535,
        "eval_f1_micro": 0.8699635184434535,
        "eval_runtime": 4.732,
        "eval_samples_per_second": 187.871,
        "eval_steps_per_second": 23.669
    },
    "baseline_task_adapter": {
        "eval_loss": 1.6129333972930908,
        "eval_model_preparation_time": 0.0304,
        "eval_accuracy": 0.8731252533441427,
        "eval_precision_macro": 0.677013464866864,
        "eval_recall_macro": 0.6578192715922152,
        "eval_f1_macro": 0.6375897305006619,
        "eval_precision_micro": 0.8731252533441427,
        "eval_recall_micro": 0.8731252533441427,
        "eval_f1_micro": 0.8731252533441427,
        "eval_runtime": 4.2969,
        "eval_samples_per_second": 206.893,
        "eval_steps_per_second": 26.065
    },
    "baseline_avg_adapter": {
        "eval_loss": 1.386654019355774,
        "eval_model_preparation_time": 0.0298,
        "eval_accuracy": 0.873044183218484,
        "eval_precision_macro": 0.7177170016189006,
        "eval_recall_macro": 0.6901825411590566,
        "eval_f1_macro": 0.6734354917078531,
        "eval_precision_micro": 0.873044183218484,
        "eval_recall_micro": 0.873044183218484,
        "eval_f1_micro": 0.873044183218484,
        "eval_runtime": 4.7409,
        "eval_samples_per_second": 187.518,
        "eval_steps_per_second": 23.624
    },
    "baseline_closest_featural": {
        "eval_loss": 1.6114522218704224,
        "eval_model_preparation_time": 0.0314,
        "eval_accuracy": 0.8663153627888123,
        "eval_precision_macro": 0.673857490426904,
        "eval_recall_macro": 0.649629791485665,
        "eval_f1_macro": 0.6297589433882913,
        "eval_precision_micro": 0.8663153627888123,
        "eval_recall_micro": 0.8663153627888123,
        "eval_f1_micro": 0.8663153627888123,
        "eval_runtime": 4.7382,
        "eval_samples_per_second": 187.624,
        "eval_steps_per_second": 23.638
    },
    "no_train_gain": {
        "eval_loss": 1.6432454586029053,
        "eval_model_preparation_time": 0.0318,
        "eval_accuracy": 0.875962707742197,
        "eval_precision_macro": 0.6879576358855171,
        "eval_recall_macro": 0.6637835733787893,
        "eval_f1_macro": 0.642727060394783,
        "eval_precision_micro": 0.875962707742197,
        "eval_recall_micro": 0.875962707742197,
        "eval_f1_micro": 0.875962707742197,
        "eval_runtime": 4.743,
        "eval_samples_per_second": 187.434,
        "eval_steps_per_second": 23.614
    }
}
