{
    "reconstructed_featural": {
        "eval_loss": 1.1036099195480347,
        "eval_model_preparation_time": 0.033,
        "eval_precision": 0.6786278349864173,
        "eval_recall": 0.7640113798008534,
        "eval_f1": 0.7187928669410151,
        "eval_accuracy": 0.8821672433110427,
        "eval_runtime": 32.3472,
        "eval_samples_per_second": 309.146,
        "eval_steps_per_second": 38.643
    }
}
