{
    "reconstructed_featural": {
        "eval_loss": 1.1436824798583984,
        "eval_model_preparation_time": 0.0287,
        "eval_accuracy": 0.8829178326125667,
        "eval_precision_macro": 0.619627528881205,
        "eval_recall_macro": 0.6470371052236028,
        "eval_f1_macro": 0.6206437899683107,
        "eval_precision_micro": 0.8829178326125667,
        "eval_recall_micro": 0.8829178326125667,
        "eval_f1_micro": 0.8829178326125667,
        "eval_runtime": 5.8093,
        "eval_samples_per_second": 192.104,
        "eval_steps_per_second": 24.099
    },
    "reconstructed_syntactic": {
        "eval_loss": 1.1432820558547974,
        "eval_model_preparation_time": 0.0294,
        "eval_accuracy": 0.8831086237598575,
        "eval_precision_macro": 0.6197362261115074,
        "eval_recall_macro": 0.6470810108709127,
        "eval_f1_macro": 0.6207805220595072,
        "eval_precision_micro": 0.8831086237598575,
        "eval_recall_micro": 0.8831086237598575,
        "eval_f1_micro": 0.8831086237598575,
        "eval_runtime": 5.7916,
        "eval_samples_per_second": 192.693,
        "eval_steps_per_second": 24.173
    },
    "reconstructed_morphological": {
        "eval_loss": 1.144763469696045,
        "eval_model_preparation_time": 0.0294,
        "eval_accuracy": 0.8829178326125667,
        "eval_precision_macro": 0.619627528881205,
        "eval_recall_macro": 0.6470371052236028,
        "eval_f1_macro": 0.6206437899683107,
        "eval_precision_micro": 0.8829178326125667,
        "eval_recall_micro": 0.8829178326125667,
        "eval_f1_micro": 0.8829178326125667,
        "eval_runtime": 5.7952,
        "eval_samples_per_second": 192.574,
        "eval_steps_per_second": 24.158
    }
}
