{
    "reconstructed_featural": {
        "eval_loss": 1.143649697303772,
        "eval_model_preparation_time": 0.0298,
        "eval_accuracy": 0.8829814296616637,
        "eval_precision_macro": 0.6197446193425468,
        "eval_recall_macro": 0.6470707344945201,
        "eval_f1_macro": 0.6207345047895355,
        "eval_precision_micro": 0.8829814296616637,
        "eval_recall_micro": 0.8829814296616637,
        "eval_f1_micro": 0.8829814296616637,
        "eval_runtime": 5.9907,
        "eval_samples_per_second": 186.289,
        "eval_steps_per_second": 23.37
    },
    "baseline_en": {
        "eval_loss": 1.1780946254730225,
        "eval_model_preparation_time": 0.0307,
        "eval_accuracy": 0.8822818621215975,
        "eval_precision_macro": 0.6207331683726781,
        "eval_recall_macro": 0.6448154861567619,
        "eval_f1_macro": 0.6202728069552006,
        "eval_precision_micro": 0.8822818621215975,
        "eval_recall_micro": 0.8822818621215975,
        "eval_f1_micro": 0.8822818621215975,
        "eval_runtime": 5.9735,
        "eval_samples_per_second": 186.825,
        "eval_steps_per_second": 23.437
    },
    "baseline_task_adapter": {
        "eval_loss": 1.0624407529830933,
        "eval_model_preparation_time": 0.0306,
        "eval_accuracy": 0.8843169676926991,
        "eval_precision_macro": 0.6581062417906952,
        "eval_recall_macro": 0.6881856689401928,
        "eval_f1_macro": 0.6611701371372921,
        "eval_precision_micro": 0.8843169676926991,
        "eval_recall_micro": 0.8843169676926991,
        "eval_f1_micro": 0.8843169676926991,
        "eval_runtime": 5.4439,
        "eval_samples_per_second": 204.998,
        "eval_steps_per_second": 25.717
    },
    "baseline_avg_adapter": {
        "eval_loss": 0.9776141047477722,
        "eval_model_preparation_time": 0.0299,
        "eval_accuracy": 0.8847621470363776,
        "eval_precision_macro": 0.6532859962071037,
        "eval_recall_macro": 0.6787437533741834,
        "eval_f1_macro": 0.6555682375271623,
        "eval_precision_micro": 0.8847621470363776,
        "eval_recall_micro": 0.8847621470363776,
        "eval_f1_micro": 0.8847621470363776,
        "eval_runtime": 5.9832,
        "eval_samples_per_second": 186.521,
        "eval_steps_per_second": 23.399
    },
    "baseline_closest_featural": {
        "eval_loss": 1.194739818572998,
        "eval_model_preparation_time": 0.0311,
        "eval_accuracy": 0.8712159755787331,
        "eval_precision_macro": 0.6152664745125576,
        "eval_recall_macro": 0.6854314838735731,
        "eval_f1_macro": 0.6102027648218571,
        "eval_precision_micro": 0.8712159755787331,
        "eval_recall_micro": 0.8712159755787331,
        "eval_f1_micro": 0.8712159755787331,
        "eval_runtime": 5.9827,
        "eval_samples_per_second": 186.538,
        "eval_steps_per_second": 23.401
    },
    "no_train_gain": {
        "eval_loss": 1.17399263381958,
        "eval_model_preparation_time": 0.0318,
        "eval_accuracy": 0.8836809972017299,
        "eval_precision_macro": 0.6227212537983502,
        "eval_recall_macro": 0.701819169561266,
        "eval_f1_macro": 0.6269611636238794,
        "eval_precision_micro": 0.8836809972017299,
        "eval_recall_micro": 0.8836809972017299,
        "eval_f1_micro": 0.8836809972017299,
        "eval_runtime": 5.9699,
        "eval_samples_per_second": 186.937,
        "eval_steps_per_second": 23.451
    }
}