{
    "reconstructed_syntactic": {
        "eval_loss": 4.860835075378418,
        "eval_model_preparation_time": 0.0299,
        "eval_accuracy": 0.5292168674698795,
        "eval_precision_macro": 0.3964372531546678,
        "eval_recall_macro": 0.34684013536355784,
        "eval_f1_macro": 0.32094590992117644,
        "eval_precision_micro": 0.5292168674698795,
        "eval_recall_micro": 0.5292168674698795,
        "eval_f1_micro": 0.5292168674698795,
        "eval_runtime": 1.9179,
        "eval_samples_per_second": 186.143,
        "eval_steps_per_second": 23.463
    },
    "reconstructed_morphological": {
        "eval_loss": 4.873554706573486,
        "eval_model_preparation_time": 0.0301,
        "eval_accuracy": 0.5284638554216867,
        "eval_precision_macro": 0.39575308244188734,
        "eval_recall_macro": 0.3466672278112026,
        "eval_f1_macro": 0.3204125097155392,
        "eval_precision_micro": 0.5284638554216867,
        "eval_recall_micro": 0.5284638554216867,
        "eval_f1_micro": 0.5284638554216867,
        "eval_runtime": 1.8978,
        "eval_samples_per_second": 188.117,
        "eval_steps_per_second": 23.712
    },
    "baseline_en": {
        "eval_loss": 5.256387233734131,
        "eval_model_preparation_time": 0.0288,
        "eval_accuracy": 0.5212349397590361,
        "eval_precision_macro": 0.37069014743391365,
        "eval_recall_macro": 0.3305523721988866,
        "eval_f1_macro": 0.3113745883738055,
        "eval_precision_micro": 0.5212349397590361,
        "eval_recall_micro": 0.5212349397590361,
        "eval_f1_micro": 0.5212349397590361,
        "eval_runtime": 1.8943,
        "eval_samples_per_second": 188.456,
        "eval_steps_per_second": 23.755
    },
    "baseline_task_adapter": {
        "eval_loss": 4.43654203414917,
        "eval_model_preparation_time": 0.0289,
        "eval_accuracy": 0.5323795180722891,
        "eval_precision_macro": 0.4101205010350222,
        "eval_recall_macro": 0.3419496094466946,
        "eval_f1_macro": 0.3211749857097607,
        "eval_precision_micro": 0.5323795180722891,
        "eval_recall_micro": 0.5323795180722891,
        "eval_f1_micro": 0.5323795180722891,
        "eval_runtime": 1.7287,
        "eval_samples_per_second": 206.509,
        "eval_steps_per_second": 26.031
    },
    "baseline_avg_adapter": {
        "eval_loss": 4.353569030761719,
        "eval_model_preparation_time": 0.0307,
        "eval_accuracy": 0.5219879518072289,
        "eval_precision_macro": 0.4352486362695532,
        "eval_recall_macro": 0.3208458739168938,
        "eval_f1_macro": 0.31211702128471247,
        "eval_precision_micro": 0.5219879518072289,
        "eval_recall_micro": 0.5219879518072289,
        "eval_f1_micro": 0.5219879518072289,
        "eval_runtime": 1.9018,
        "eval_samples_per_second": 187.721,
        "eval_steps_per_second": 23.662
    },
    "baseline_closest_syntactic": {
        "eval_loss": 5.256677150726318,
        "eval_model_preparation_time": 0.0282,
        "eval_accuracy": 0.4911144578313253,
        "eval_precision_macro": 0.3709982727719405,
        "eval_recall_macro": 0.30329031223458425,
        "eval_f1_macro": 0.2776651121604416,
        "eval_precision_micro": 0.4911144578313253,
        "eval_recall_micro": 0.4911144578313253,
        "eval_f1_micro": 0.4911144578313253,
        "eval_runtime": 1.8999,
        "eval_samples_per_second": 187.9,
        "eval_steps_per_second": 23.685
    },
    "baseline_closest_morphological": {
        "eval_loss": 4.961447715759277,
        "eval_model_preparation_time": 0.0291,
        "eval_accuracy": 0.5259036144578313,
        "eval_precision_macro": 0.3843004621350624,
        "eval_recall_macro": 0.33694630825410843,
        "eval_f1_macro": 0.313197068556672,
        "eval_precision_micro": 0.5259036144578313,
        "eval_recall_micro": 0.5259036144578313,
        "eval_f1_micro": 0.5259036144578313,
        "eval_runtime": 1.8994,
        "eval_samples_per_second": 187.959,
        "eval_steps_per_second": 23.692
    },
    "no_train_gain": {
        "eval_loss": 5.114789009094238,
        "eval_model_preparation_time": 0.03,
        "eval_accuracy": 0.5201807228915662,
        "eval_precision_macro": 0.3958749021860417,
        "eval_recall_macro": 0.33740176174439923,
        "eval_f1_macro": 0.31267146535201634,
        "eval_precision_micro": 0.5201807228915662,
        "eval_recall_micro": 0.5201807228915662,
        "eval_f1_micro": 0.5201807228915662,
        "eval_runtime": 1.9029,
        "eval_samples_per_second": 187.604,
        "eval_steps_per_second": 23.648
    }
}
