{
    "reconstructed_featural": {
        "eval_loss": 6.795828342437744,
        "eval_model_preparation_time": 0.0297,
        "eval_accuracy": 0.3001960641928691,
        "eval_precision_macro": 0.1880509676141594,
        "eval_recall_macro": 0.19548416570531382,
        "eval_f1_macro": 0.13927379498239048,
        "eval_precision_micro": 0.3001960641928691,
        "eval_recall_micro": 0.3001960641928691,
        "eval_f1_micro": 0.3001960641928691,
        "eval_runtime": 5.3022,
        "eval_samples_per_second": 193.506,
        "eval_steps_per_second": 24.33
    },
    "reconstructed_syntactic": {
        "eval_loss": 6.777311325073242,
        "eval_model_preparation_time": 0.0293,
        "eval_accuracy": 0.29874373683828337,
        "eval_precision_macro": 0.1875239186973227,
        "eval_recall_macro": 0.1963435773998655,
        "eval_f1_macro": 0.1390078680166497,
        "eval_precision_micro": 0.29874373683828337,
        "eval_recall_micro": 0.29874373683828337,
        "eval_f1_micro": 0.29874373683828337,
        "eval_runtime": 5.2914,
        "eval_samples_per_second": 193.898,
        "eval_steps_per_second": 24.379
    },
    "reconstructed_morphological": {
        "eval_loss": 6.961362838745117,
        "eval_model_preparation_time": 0.0289,
        "eval_accuracy": 0.32234405635030133,
        "eval_precision_macro": 0.17220339643311433,
        "eval_recall_macro": 0.19179987219675654,
        "eval_f1_macro": 0.14795961149200132,
        "eval_precision_micro": 0.32234405635030133,
        "eval_recall_micro": 0.32234405635030133,
        "eval_f1_micro": 0.32234405635030133,
        "eval_runtime": 5.293,
        "eval_samples_per_second": 193.841,
        "eval_steps_per_second": 24.372
    }
}
