{
    "reconstructed_featural": {
        "eval_loss": 6.7977681159973145,
        "eval_model_preparation_time": 0.0292,
        "eval_accuracy": 0.3015757751797255,
        "eval_precision_macro": 0.1792988042252589,
        "eval_recall_macro": 0.1948664175959234,
        "eval_f1_macro": 0.1397340351475104,
        "eval_precision_micro": 0.3015757751797255,
        "eval_recall_micro": 0.3015757751797255,
        "eval_f1_micro": 0.3015757751797255,
        "eval_runtime": 5.3891,
        "eval_samples_per_second": 190.385,
        "eval_steps_per_second": 23.937
    },
    "baseline_en": {
        "eval_loss": 7.447476863861084,
        "eval_model_preparation_time": 0.0308,
        "eval_accuracy": 0.32488562922082637,
        "eval_precision_macro": 0.18496928378235122,
        "eval_recall_macro": 0.19758101076876594,
        "eval_f1_macro": 0.15671862613245574,
        "eval_precision_micro": 0.32488562922082637,
        "eval_recall_micro": 0.32488562922082637,
        "eval_f1_micro": 0.32488562922082637,
        "eval_runtime": 5.4088,
        "eval_samples_per_second": 189.69,
        "eval_steps_per_second": 23.85
    },
    "baseline_task_adapter": {
        "eval_loss": 6.6355366706848145,
        "eval_model_preparation_time": 0.029,
        "eval_accuracy": 0.28095272674460825,
        "eval_precision_macro": 0.21112412654832205,
        "eval_recall_macro": 0.17461625252014845,
        "eval_f1_macro": 0.12818736536441788,
        "eval_precision_micro": 0.28095272674460825,
        "eval_recall_micro": 0.28095272674460825,
        "eval_f1_micro": 0.28095272674460825,
        "eval_runtime": 4.9214,
        "eval_samples_per_second": 208.477,
        "eval_steps_per_second": 26.212
    },
    "baseline_avg_adapter": {
        "eval_loss": 5.996208190917969,
        "eval_model_preparation_time": 0.0307,
        "eval_accuracy": 0.28291336867329897,
        "eval_precision_macro": 0.16458701636263193,
        "eval_recall_macro": 0.15870304231629687,
        "eval_f1_macro": 0.11390766306309803,
        "eval_precision_micro": 0.28291336867329897,
        "eval_recall_micro": 0.28291336867329897,
        "eval_f1_micro": 0.28291336867329897,
        "eval_runtime": 5.415,
        "eval_samples_per_second": 189.474,
        "eval_steps_per_second": 23.823
    },
    "baseline_closest_featural": {
        "eval_loss": 6.5789337158203125,
        "eval_model_preparation_time": 0.0298,
        "eval_accuracy": 0.32365115096942854,
        "eval_precision_macro": 0.20904304886641312,
        "eval_recall_macro": 0.1958518160817308,
        "eval_f1_macro": 0.1522070586667937,
        "eval_precision_micro": 0.32365115096942854,
        "eval_recall_micro": 0.32365115096942854,
        "eval_f1_micro": 0.32365115096942854,
        "eval_runtime": 5.4181,
        "eval_samples_per_second": 189.364,
        "eval_steps_per_second": 23.809
    },
    "no_train_gain": {
        "eval_loss": 7.239859580993652,
        "eval_model_preparation_time": 0.0307,
        "eval_accuracy": 0.3230702200275942,
        "eval_precision_macro": 0.16961843931765572,
        "eval_recall_macro": 0.19045942416351136,
        "eval_f1_macro": 0.14539132008513153,
        "eval_precision_micro": 0.3230702200275942,
        "eval_recall_micro": 0.3230702200275942,
        "eval_f1_micro": 0.3230702200275942,
        "eval_runtime": 5.4223,
        "eval_samples_per_second": 189.22,
        "eval_steps_per_second": 23.791
    }
}