{
    "reconstructed_syntactic": {
        "eval_loss": 6.7917070388793945,
        "eval_model_preparation_time": 0.0288,
        "eval_accuracy": 0.30114007697334977,
        "eval_precision_macro": 0.17880893420441002,
        "eval_recall_macro": 0.1949164354399405,
        "eval_f1_macro": 0.1396386802055871,
        "eval_precision_micro": 0.30114007697334977,
        "eval_recall_micro": 0.30114007697334977,
        "eval_f1_micro": 0.30114007697334977,
        "eval_runtime": 5.3152,
        "eval_samples_per_second": 193.031,
        "eval_steps_per_second": 24.27
    },
    "reconstructed_morphological": {
        "eval_loss": 6.799258708953857,
        "eval_model_preparation_time": 0.029,
        "eval_accuracy": 0.3022293224892891,
        "eval_precision_macro": 0.17916025305124336,
        "eval_recall_macro": 0.19353000863108483,
        "eval_f1_macro": 0.13986547133965407,
        "eval_precision_micro": 0.3022293224892891,
        "eval_recall_micro": 0.3022293224892891,
        "eval_f1_micro": 0.3022293224892891,
        "eval_runtime": 5.2957,
        "eval_samples_per_second": 193.741,
        "eval_steps_per_second": 24.359
    },
    "baseline_en": {
        "eval_loss": 7.447476863861084,
        "eval_model_preparation_time": 0.0274,
        "eval_accuracy": 0.32488562922082637,
        "eval_precision_macro": 0.18496928378235122,
        "eval_recall_macro": 0.19758101076876594,
        "eval_f1_macro": 0.15671862613245574,
        "eval_precision_micro": 0.32488562922082637,
        "eval_recall_micro": 0.32488562922082637,
        "eval_f1_micro": 0.32488562922082637,
        "eval_runtime": 5.3099,
        "eval_samples_per_second": 193.222,
        "eval_steps_per_second": 24.294
    },
    "baseline_task_adapter": {
        "eval_loss": 6.6355366706848145,
        "eval_model_preparation_time": 0.0279,
        "eval_accuracy": 0.28095272674460825,
        "eval_precision_macro": 0.21112412654832205,
        "eval_recall_macro": 0.17461625252014845,
        "eval_f1_macro": 0.12818736536441788,
        "eval_precision_micro": 0.28095272674460825,
        "eval_recall_micro": 0.28095272674460825,
        "eval_f1_micro": 0.28095272674460825,
        "eval_runtime": 4.8225,
        "eval_samples_per_second": 212.752,
        "eval_steps_per_second": 26.749
    },
    "baseline_avg_adapter": {
        "eval_loss": 5.996208190917969,
        "eval_model_preparation_time": 0.0295,
        "eval_accuracy": 0.28291336867329897,
        "eval_precision_macro": 0.16458701636263193,
        "eval_recall_macro": 0.15870304231629687,
        "eval_f1_macro": 0.11390766306309803,
        "eval_precision_micro": 0.28291336867329897,
        "eval_recall_micro": 0.28291336867329897,
        "eval_f1_micro": 0.28291336867329897,
        "eval_runtime": 5.3172,
        "eval_samples_per_second": 192.958,
        "eval_steps_per_second": 24.261
    },
    "baseline_closest_syntactic": {
        "eval_loss": 7.297306060791016,
        "eval_model_preparation_time": 0.0292,
        "eval_accuracy": 0.3051339771984605,
        "eval_precision_macro": 0.20463601259099243,
        "eval_recall_macro": 0.16017422102067236,
        "eval_f1_macro": 0.1233995037104708,
        "eval_precision_micro": 0.3051339771984605,
        "eval_recall_micro": 0.3051339771984605,
        "eval_f1_micro": 0.3051339771984605,
        "eval_runtime": 5.3234,
        "eval_samples_per_second": 192.735,
        "eval_steps_per_second": 24.233
    },
    "baseline_closest_morphological": {
        "eval_loss": 4.847126483917236,
        "eval_model_preparation_time": 0.0282,
        "eval_accuracy": 0.38544767990705103,
        "eval_precision_macro": 0.1923858309809966,
        "eval_recall_macro": 0.21392671076983305,
        "eval_f1_macro": 0.1747115739340362,
        "eval_precision_micro": 0.38544767990705103,
        "eval_recall_micro": 0.38544767990705103,
        "eval_f1_micro": 0.38544767990705103,
        "eval_runtime": 5.3197,
        "eval_samples_per_second": 192.869,
        "eval_steps_per_second": 24.25
    },
    "no_train_gain": {
        "eval_loss": 7.239859580993652,
        "eval_model_preparation_time": 0.0297,
        "eval_accuracy": 0.3230702200275942,
        "eval_precision_macro": 0.16961843931765572,
        "eval_recall_macro": 0.19045942416351136,
        "eval_f1_macro": 0.14539132008513153,
        "eval_precision_micro": 0.3230702200275942,
        "eval_recall_micro": 0.3230702200275942,
        "eval_f1_micro": 0.3230702200275942,
        "eval_runtime": 5.3275,
        "eval_samples_per_second": 192.587,
        "eval_steps_per_second": 24.214
    }
}
