{
    "reconstructed_featural": {
        "eval_loss": 3.1297109127044678,
        "eval_model_preparation_time": 0.0291,
        "eval_precision": 0.534357316087308,
        "eval_recall": 0.6069788797061524,
        "eval_f1": 0.5683576956147892,
        "eval_accuracy": 0.6987495263357333,
        "eval_runtime": 2.7614,
        "eval_samples_per_second": 362.137,
        "eval_steps_per_second": 45.267
    },
    "reconstructed_syntactic": {
        "eval_loss": 3.115891933441162,
        "eval_model_preparation_time": 0.0303,
        "eval_precision": 0.5314009661835749,
        "eval_recall": 0.6060606060606061,
        "eval_f1": 0.5662805662805663,
        "eval_accuracy": 0.6986547934823797,
        "eval_runtime": 2.6588,
        "eval_samples_per_second": 376.115,
        "eval_steps_per_second": 47.014
    },
    "reconstructed_morphological": {
        "eval_loss": 3.1307919025421143,
        "eval_model_preparation_time": 0.0288,
        "eval_precision": 0.5294117647058824,
        "eval_recall": 0.6033057851239669,
        "eval_f1": 0.5639484978540773,
        "eval_accuracy": 0.6967601364153089,
        "eval_runtime": 2.68,
        "eval_samples_per_second": 373.135,
        "eval_steps_per_second": 46.642
    }
}