{
    "reconstructed_featural": {
        "eval_loss": 11.245256423950195,
        "eval_model_preparation_time": 0.0271,
        "eval_precision": 0.125,
        "eval_recall": 0.04,
        "eval_f1": 0.06060606060606061,
        "eval_accuracy": 0.2318271119842829,
        "eval_runtime": 0.3086,
        "eval_samples_per_second": 324.046,
        "eval_steps_per_second": 42.126
    }
}
