{
    "reconstructed_syntactic": {
        "eval_loss": 11.162339210510254,
        "eval_model_preparation_time": 0.0288,
        "eval_precision": 0.13333333333333333,
        "eval_recall": 0.04,
        "eval_f1": 0.061538461538461535,
        "eval_accuracy": 0.2318271119842829,
        "eval_runtime": 0.3241,
        "eval_samples_per_second": 308.584,
        "eval_steps_per_second": 40.116
    },
    "reconstructed_morphological": {
        "eval_loss": 11.211487770080566,
        "eval_model_preparation_time": 0.0286,
        "eval_precision": 0.12903225806451613,
        "eval_recall": 0.04,
        "eval_f1": 0.061068702290076333,
        "eval_accuracy": 0.2337917485265226,
        "eval_runtime": 0.3213,
        "eval_samples_per_second": 311.202,
        "eval_steps_per_second": 40.456
    },
    "baseline_en": {
        "eval_loss": 10.918269157409668,
        "eval_model_preparation_time": 0.0273,
        "eval_precision": 0.0,
        "eval_recall": 0.0,
        "eval_f1": 0.0,
        "eval_accuracy": 0.2082514734774067,
        "eval_runtime": 0.3175,
        "eval_samples_per_second": 314.996,
        "eval_steps_per_second": 40.949
    },
    "baseline_task_adapter": {
        "eval_loss": 10.240954399108887,
        "eval_model_preparation_time": 0.0278,
        "eval_precision": 0.0,
        "eval_recall": 0.0,
        "eval_f1": 0.0,
        "eval_accuracy": 0.19842829076620824,
        "eval_runtime": 0.2637,
        "eval_samples_per_second": 379.254,
        "eval_steps_per_second": 49.303
    },
    "baseline_avg_adapter": {
        "eval_loss": 10.649648666381836,
        "eval_model_preparation_time": 0.0287,
        "eval_precision": 0.0,
        "eval_recall": 0.0,
        "eval_f1": 0.0,
        "eval_accuracy": 0.2337917485265226,
        "eval_runtime": 0.2951,
        "eval_samples_per_second": 338.824,
        "eval_steps_per_second": 44.047
    },
    "baseline_closest_syntactic": {
        "eval_loss": 11.683904647827148,
        "eval_model_preparation_time": 0.0278,
        "eval_precision": 0.0,
        "eval_recall": 0.0,
        "eval_f1": 0.0,
        "eval_accuracy": 0.21611001964636542,
        "eval_runtime": 0.2938,
        "eval_samples_per_second": 340.364,
        "eval_steps_per_second": 44.247
    },
    "baseline_closest_morphological": {
        "eval_loss": 11.683904647827148,
        "eval_model_preparation_time": 0.0271,
        "eval_precision": 0.0,
        "eval_recall": 0.0,
        "eval_f1": 0.0,
        "eval_accuracy": 0.21611001964636542,
        "eval_runtime": 0.3461,
        "eval_samples_per_second": 288.955,
        "eval_steps_per_second": 37.564
    },
    "no_train_gain": {
        "eval_loss": 10.868448257446289,
        "eval_model_preparation_time": 0.0283,
        "eval_precision": 0.1111111111111111,
        "eval_recall": 0.04,
        "eval_f1": 0.058823529411764705,
        "eval_accuracy": 0.22986247544204322,
        "eval_runtime": 0.2958,
        "eval_samples_per_second": 338.06,
        "eval_steps_per_second": 43.948
    }
}