{
    "reconstructed_featural": {
        "eval_loss": 11.194206237792969,
        "eval_model_preparation_time": 0.034,
        "eval_precision": 0.125,
        "eval_recall": 0.04,
        "eval_f1": 0.06060606060606061,
        "eval_accuracy": 0.2318271119842829,
        "eval_runtime": 0.367,
        "eval_samples_per_second": 272.483,
        "eval_steps_per_second": 35.423
    }
}
