{
    "reconstructed_featural": {
        "eval_loss": 4.121187210083008,
        "eval_model_preparation_time": 0.0308,
        "eval_accuracy": 0.6106494008504059,
        "eval_precision_macro": 0.4274178176320146,
        "eval_recall_macro": 0.5102099801297254,
        "eval_f1_macro": 0.4169726664917476,
        "eval_precision_micro": 0.6106494008504059,
        "eval_recall_micro": 0.6106494008504059,
        "eval_f1_micro": 0.6106494008504059,
        "eval_runtime": 4.7234,
        "eval_samples_per_second": 188.001,
        "eval_steps_per_second": 23.5
    },
    "baseline_en": {
        "eval_loss": 4.658076763153076,
        "eval_model_preparation_time": 0.0296,
        "eval_accuracy": 0.5932547352145342,
        "eval_precision_macro": 0.4205210804702259,
        "eval_recall_macro": 0.5188337249278021,
        "eval_f1_macro": 0.40874562641486784,
        "eval_precision_micro": 0.5932547352145342,
        "eval_recall_micro": 0.5932547352145342,
        "eval_f1_micro": 0.5932547352145342,
        "eval_runtime": 4.726,
        "eval_samples_per_second": 187.895,
        "eval_steps_per_second": 23.487
    },
    "baseline_task_adapter": {
        "eval_loss": 3.7827720642089844,
        "eval_model_preparation_time": 0.0314,
        "eval_accuracy": 0.6135485117897178,
        "eval_precision_macro": 0.4289913860578061,
        "eval_recall_macro": 0.5136535648241712,
        "eval_f1_macro": 0.4202623917293352,
        "eval_precision_micro": 0.6135485117897178,
        "eval_recall_micro": 0.6135485117897178,
        "eval_f1_micro": 0.6135485117897178,
        "eval_runtime": 4.3076,
        "eval_samples_per_second": 206.145,
        "eval_steps_per_second": 25.768
    },
    "baseline_avg_adapter": {
        "eval_loss": 3.774437189102173,
        "eval_model_preparation_time": 0.0306,
        "eval_accuracy": 0.5873598763046,
        "eval_precision_macro": 0.4374803615312923,
        "eval_recall_macro": 0.49024724919209867,
        "eval_f1_macro": 0.4027509087332757,
        "eval_precision_micro": 0.5873598763046,
        "eval_recall_micro": 0.5873598763046,
        "eval_f1_micro": 0.5873598763046,
        "eval_runtime": 4.7319,
        "eval_samples_per_second": 187.664,
        "eval_steps_per_second": 23.458
    },
    "baseline_closest_featural": {
        "eval_loss": 5.14322566986084,
        "eval_model_preparation_time": 0.0314,
        "eval_accuracy": 0.48163896405102435,
        "eval_precision_macro": 0.3490960250888417,
        "eval_recall_macro": 0.4183167548950623,
        "eval_f1_macro": 0.32957268858621086,
        "eval_precision_micro": 0.48163896405102435,
        "eval_recall_micro": 0.48163896405102435,
        "eval_f1_micro": 0.48163896405102435,
        "eval_runtime": 4.7381,
        "eval_samples_per_second": 187.418,
        "eval_steps_per_second": 23.427
    },
    "no_train_gain": {
        "eval_loss": 4.410244941711426,
        "eval_model_preparation_time": 0.0311,
        "eval_accuracy": 0.5998260533436413,
        "eval_precision_macro": 0.4196698585413841,
        "eval_recall_macro": 0.49667040445034794,
        "eval_f1_macro": 0.40960985330262395,
        "eval_precision_micro": 0.5998260533436413,
        "eval_recall_micro": 0.5998260533436413,
        "eval_f1_micro": 0.5998260533436413,
        "eval_runtime": 4.7347,
        "eval_samples_per_second": 187.553,
        "eval_steps_per_second": 23.444
    }
}
