{
    "reconstructed_featural": {
        "eval_loss": 4.1212568283081055,
        "eval_model_preparation_time": 0.0303,
        "eval_accuracy": 0.6105527638190955,
        "eval_precision_macro": 0.4272044324840057,
        "eval_recall_macro": 0.5100822662089081,
        "eval_f1_macro": 0.41692660044792074,
        "eval_precision_micro": 0.6105527638190955,
        "eval_recall_micro": 0.6105527638190955,
        "eval_f1_micro": 0.6105527638190955,
        "eval_runtime": 4.6422,
        "eval_samples_per_second": 191.288,
        "eval_steps_per_second": 23.911
    },
    "reconstructed_syntactic": {
        "eval_loss": 4.080145835876465,
        "eval_model_preparation_time": 0.0289,
        "eval_accuracy": 0.6125821414766138,
        "eval_precision_macro": 0.42821745382933174,
        "eval_recall_macro": 0.5115362641851005,
        "eval_f1_macro": 0.41856836572288364,
        "eval_precision_micro": 0.6125821414766138,
        "eval_recall_micro": 0.6125821414766138,
        "eval_f1_micro": 0.6125821414766138,
        "eval_runtime": 4.5936,
        "eval_samples_per_second": 193.313,
        "eval_steps_per_second": 24.164
    },
    "reconstructed_morphological": {
        "eval_loss": 4.2440080642700195,
        "eval_model_preparation_time": 0.0295,
        "eval_accuracy": 0.605334364128334,
        "eval_precision_macro": 0.42521771335229247,
        "eval_recall_macro": 0.5048727045473589,
        "eval_f1_macro": 0.4142747217304433,
        "eval_precision_micro": 0.605334364128334,
        "eval_recall_micro": 0.605334364128334,
        "eval_f1_micro": 0.605334364128334,
        "eval_runtime": 4.594,
        "eval_samples_per_second": 193.296,
        "eval_steps_per_second": 24.162
    }
}
