{
    "reconstructed_featural": {
        "eval_loss": 1.1229777336120605,
        "eval_model_preparation_time": 0.0286,
        "eval_precision": 0.6162266580811333,
        "eval_recall": 0.7424359968968193,
        "eval_f1": 0.673469387755102,
        "eval_accuracy": 0.8719448506371422,
        "eval_runtime": 3.0764,
        "eval_samples_per_second": 325.06,
        "eval_steps_per_second": 40.632
    }
}
