{
    "reconstructed_featural": {
        "eval_loss": 0.4671919643878937,
        "eval_model_preparation_time": 0.0292,
        "eval_precision": 0.5678859268443893,
        "eval_recall": 0.7106283941039565,
        "eval_f1": 0.631288766368022,
        "eval_accuracy": 0.8720144836710535,
        "eval_runtime": 2.9148,
        "eval_samples_per_second": 343.081,
        "eval_steps_per_second": 42.885
    },
    "baseline_en": {
        "eval_loss": 0.6276351809501648,
        "eval_model_preparation_time": 0.0275,
        "eval_precision": 0.5867182462927144,
        "eval_recall": 0.7059736229635376,
        "eval_f1": 0.6408450704225352,
        "eval_accuracy": 0.8511245734976673,
        "eval_runtime": 2.9291,
        "eval_samples_per_second": 341.406,
        "eval_steps_per_second": 42.676
    },
    "baseline_task_adapter": {
        "eval_loss": 0.43075892329216003,
        "eval_model_preparation_time": 0.0285,
        "eval_precision": 0.5561694290976059,
        "eval_recall": 0.7028704422032583,
        "eval_f1": 0.620973269362577,
        "eval_accuracy": 0.8766798969431098,
        "eval_runtime": 2.5361,
        "eval_samples_per_second": 394.3,
        "eval_steps_per_second": 49.287
    },
    "baseline_avg_adapter": {
        "eval_loss": 0.43898114562034607,
        "eval_model_preparation_time": 0.0294,
        "eval_precision": 0.5663299663299664,
        "eval_recall": 0.65244375484872,
        "eval_f1": 0.6063446286950254,
        "eval_accuracy": 0.871875217603231,
        "eval_runtime": 2.8733,
        "eval_samples_per_second": 348.036,
        "eval_steps_per_second": 43.505
    },
    "baseline_closest_featural": {
        "eval_loss": 0.5115891098976135,
        "eval_model_preparation_time": 0.0275,
        "eval_precision": 0.5753151957531519,
        "eval_recall": 0.6726144297905353,
        "eval_f1": 0.6201716738197425,
        "eval_accuracy": 0.857113014414038,
        "eval_runtime": 2.9067,
        "eval_samples_per_second": 344.038,
        "eval_steps_per_second": 43.005
    },
    "no_train_gain": {
        "eval_loss": 0.4752044379711151,
        "eval_model_preparation_time": 0.0292,
        "eval_precision": 0.587281795511222,
        "eval_recall": 0.730799069045772,
        "eval_f1": 0.6512270998963015,
        "eval_accuracy": 0.8738945755866583,
        "eval_runtime": 2.9611,
        "eval_samples_per_second": 337.71,
        "eval_steps_per_second": 42.214
    }
}
