{
    "reconstructed_featural": {
        "eval_loss": 3.662036180496216,
        "eval_model_preparation_time": 0.0273,
        "eval_accuracy": 0.5924043062200957,
        "eval_precision_macro": 0.4222171842245201,
        "eval_recall_macro": 0.3253940551618682,
        "eval_f1_macro": 0.31553053341551407,
        "eval_precision_micro": 0.5924043062200957,
        "eval_recall_micro": 0.5924043062200957,
        "eval_f1_micro": 0.5924043062200957,
        "eval_runtime": 4.695,
        "eval_samples_per_second": 193.397,
        "eval_steps_per_second": 24.281
    }
}