{
    "reconstructed_featural": {
        "eval_loss": 3.6205155849456787,
        "eval_model_preparation_time": 0.0291,
        "eval_accuracy": 0.5942982456140351,
        "eval_precision_macro": 0.4154130103790955,
        "eval_recall_macro": 0.3272944141723699,
        "eval_f1_macro": 0.3173494076827675,
        "eval_precision_micro": 0.5942982456140351,
        "eval_recall_micro": 0.5942982456140351,
        "eval_f1_micro": 0.5942982456140351,
        "eval_runtime": 4.6651,
        "eval_samples_per_second": 194.636,
        "eval_steps_per_second": 24.437
    }
}