{
    "reconstructed_syntactic": {
        "eval_loss": 3.58024263381958,
        "eval_model_preparation_time": 0.0295,
        "eval_accuracy": 0.5985845295055822,
        "eval_precision_macro": 0.41390159256960446,
        "eval_recall_macro": 0.3295806026533382,
        "eval_f1_macro": 0.3193324872964183,
        "eval_precision_micro": 0.5985845295055822,
        "eval_recall_micro": 0.5985845295055822,
        "eval_f1_micro": 0.5985845295055822,
        "eval_runtime": 4.8254,
        "eval_samples_per_second": 188.17,
        "eval_steps_per_second": 23.625
    },
    "reconstructed_morphological": {
        "eval_loss": 3.598022699356079,
        "eval_model_preparation_time": 0.0291,
        "eval_accuracy": 0.597488038277512,
        "eval_precision_macro": 0.41560955513152703,
        "eval_recall_macro": 0.32877048116470536,
        "eval_f1_macro": 0.31883558598916173,
        "eval_precision_micro": 0.597488038277512,
        "eval_recall_micro": 0.597488038277512,
        "eval_f1_micro": 0.597488038277512,
        "eval_runtime": 4.7748,
        "eval_samples_per_second": 190.165,
        "eval_steps_per_second": 23.875
    },
    "baseline_en": {
        "eval_loss": 4.4767303466796875,
        "eval_model_preparation_time": 0.028,
        "eval_accuracy": 0.5918062200956937,
        "eval_precision_macro": 0.4082903165113685,
        "eval_recall_macro": 0.29628065043089014,
        "eval_f1_macro": 0.29874995572329843,
        "eval_precision_micro": 0.5918062200956937,
        "eval_recall_micro": 0.5918062200956937,
        "eval_f1_micro": 0.5918062200956937,
        "eval_runtime": 4.7738,
        "eval_samples_per_second": 190.205,
        "eval_steps_per_second": 23.88
    },
    "baseline_task_adapter": {
        "eval_loss": 3.167313575744629,
        "eval_model_preparation_time": 0.028,
        "eval_accuracy": 0.6248006379585327,
        "eval_precision_macro": 0.4160361803392288,
        "eval_recall_macro": 0.3462264248106321,
        "eval_f1_macro": 0.34027422630760323,
        "eval_precision_micro": 0.6248006379585327,
        "eval_recall_micro": 0.6248006379585327,
        "eval_f1_micro": 0.6248006379585327,
        "eval_runtime": 4.351,
        "eval_samples_per_second": 208.687,
        "eval_steps_per_second": 26.201
    },
    "baseline_avg_adapter": {
        "eval_loss": 3.370750665664673,
        "eval_model_preparation_time": 0.0291,
        "eval_accuracy": 0.6018740031897927,
        "eval_precision_macro": 0.42292044660790046,
        "eval_recall_macro": 0.31189026766544803,
        "eval_f1_macro": 0.31092495720729146,
        "eval_precision_micro": 0.6018740031897927,
        "eval_recall_micro": 0.6018740031897927,
        "eval_f1_micro": 0.6018740031897927,
        "eval_runtime": 4.7935,
        "eval_samples_per_second": 189.424,
        "eval_steps_per_second": 23.782
    },
    "baseline_closest_syntactic": {
        "eval_loss": 4.9510626792907715,
        "eval_model_preparation_time": 0.0274,
        "eval_accuracy": 0.5120614035087719,
        "eval_precision_macro": 0.42923455604494065,
        "eval_recall_macro": 0.23462373527449015,
        "eval_f1_macro": 0.21022088083640483,
        "eval_precision_micro": 0.5120614035087719,
        "eval_recall_micro": 0.5120614035087719,
        "eval_f1_micro": 0.5120614035087719,
        "eval_runtime": 4.7976,
        "eval_samples_per_second": 189.26,
        "eval_steps_per_second": 23.762
    },
    "baseline_closest_morphological": {
        "eval_loss": 4.155922889709473,
        "eval_model_preparation_time": 0.0277,
        "eval_accuracy": 0.5982854864433812,
        "eval_precision_macro": 0.4150678231674412,
        "eval_recall_macro": 0.2874460519999547,
        "eval_f1_macro": 0.3011607412970343,
        "eval_precision_micro": 0.5982854864433812,
        "eval_recall_micro": 0.5982854864433812,
        "eval_f1_micro": 0.5982854864433812,
        "eval_runtime": 4.7993,
        "eval_samples_per_second": 189.193,
        "eval_steps_per_second": 23.753
    },
    "no_train_gain": {
        "eval_loss": 3.7815537452697754,
        "eval_model_preparation_time": 0.0288,
        "eval_accuracy": 0.5819377990430622,
        "eval_precision_macro": 0.400788098141731,
        "eval_recall_macro": 0.3134304063214863,
        "eval_f1_macro": 0.30201367802300777,
        "eval_precision_micro": 0.5819377990430622,
        "eval_recall_micro": 0.5819377990430622,
        "eval_f1_micro": 0.5819377990430622,
        "eval_runtime": 4.799,
        "eval_samples_per_second": 189.205,
        "eval_steps_per_second": 23.755
    }
}
