{
    "reconstructed_featural": {
        "eval_loss": 1.1351758241653442,
        "eval_model_preparation_time": 0.0282,
        "eval_accuracy": 0.8900017328019407,
        "eval_precision_macro": 0.6457300158385683,
        "eval_recall_macro": 0.653812613845759,
        "eval_f1_macro": 0.6281747509468015,
        "eval_precision_micro": 0.8900017328019407,
        "eval_recall_micro": 0.8900017328019407,
        "eval_f1_micro": 0.8900017328019407,
        "eval_runtime": 9.678,
        "eval_samples_per_second": 190.741,
        "eval_steps_per_second": 23.869
    }
}
