{
    "reconstructed_featural": {
        "eval_loss": 1.1321845054626465,
        "eval_model_preparation_time": 0.0284,
        "eval_accuracy": 0.8901230289377924,
        "eval_precision_macro": 0.6517413577747204,
        "eval_recall_macro": 0.6537565823078002,
        "eval_f1_macro": 0.6287431265257136,
        "eval_precision_micro": 0.8901230289377924,
        "eval_recall_micro": 0.8901230289377924,
        "eval_f1_micro": 0.8901230289377924,
        "eval_runtime": 9.618,
        "eval_samples_per_second": 191.932,
        "eval_steps_per_second": 24.017
    }
}
