{
    "reconstructed_featural": {
        "eval_loss": 2.5905563831329346,
        "eval_model_preparation_time": 0.029,
        "eval_precision": 0.11059907834101383,
        "eval_recall": 0.2033898305084746,
        "eval_f1": 0.14328358208955225,
        "eval_accuracy": 0.6578014184397163,
        "eval_runtime": 0.4863,
        "eval_samples_per_second": 205.647,
        "eval_steps_per_second": 26.734
    },
    "reconstructed_syntactic": {
        "eval_loss": 2.5861568450927734,
        "eval_model_preparation_time": 0.0291,
        "eval_precision": 0.11428571428571428,
        "eval_recall": 0.2033898305084746,
        "eval_f1": 0.14634146341463417,
        "eval_accuracy": 0.6595744680851063,
        "eval_runtime": 0.4818,
        "eval_samples_per_second": 207.573,
        "eval_steps_per_second": 26.984
    },
    "reconstructed_morphological": {
        "eval_loss": 2.5861568450927734,
        "eval_model_preparation_time": 0.0293,
        "eval_precision": 0.11428571428571428,
        "eval_recall": 0.2033898305084746,
        "eval_f1": 0.14634146341463417,
        "eval_accuracy": 0.6595744680851063,
        "eval_runtime": 0.4862,
        "eval_samples_per_second": 205.697,
        "eval_steps_per_second": 26.741
    }
}