{
    "reconstructed_featural": {
        "eval_loss": 1.3794184923171997,
        "eval_model_preparation_time": 0.0285,
        "eval_precision": 0.1443850267379679,
        "eval_recall": 0.15606936416184972,
        "eval_f1": 0.15,
        "eval_accuracy": 0.5901759530791789,
        "eval_runtime": 0.3611,
        "eval_samples_per_second": 276.943,
        "eval_steps_per_second": 36.003
    },
    "baseline_en": {
        "eval_loss": 1.8400312662124634,
        "eval_model_preparation_time": 0.0277,
        "eval_precision": 0.0546448087431694,
        "eval_recall": 0.057803468208092484,
        "eval_f1": 0.05617977528089887,
        "eval_accuracy": 0.5685483870967742,
        "eval_runtime": 0.3784,
        "eval_samples_per_second": 264.282,
        "eval_steps_per_second": 34.357
    },
    "baseline_task_adapter": {
        "eval_loss": 1.1340746879577637,
        "eval_model_preparation_time": 0.0281,
        "eval_precision": 0.12556053811659193,
        "eval_recall": 0.16184971098265896,
        "eval_f1": 0.14141414141414144,
        "eval_accuracy": 0.6660557184750733,
        "eval_runtime": 0.3277,
        "eval_samples_per_second": 305.119,
        "eval_steps_per_second": 39.666
    },
    "baseline_avg_adapter": {
        "eval_loss": 1.5276858806610107,
        "eval_model_preparation_time": 0.0289,
        "eval_precision": 0.10365853658536585,
        "eval_recall": 0.09826589595375723,
        "eval_f1": 0.10089020771513355,
        "eval_accuracy": 0.625,
        "eval_runtime": 0.3689,
        "eval_samples_per_second": 271.071,
        "eval_steps_per_second": 35.239
    },
    "baseline_closest_featural": {
        "eval_loss": 1.8318792581558228,
        "eval_model_preparation_time": 0.0277,
        "eval_precision": 0.11805555555555555,
        "eval_recall": 0.09826589595375723,
        "eval_f1": 0.10725552050473187,
        "eval_accuracy": 0.5689149560117303,
        "eval_runtime": 0.3702,
        "eval_samples_per_second": 270.123,
        "eval_steps_per_second": 35.116
    },
    "no_train_gain": {
        "eval_loss": 1.515848994255066,
        "eval_model_preparation_time": 0.0284,
        "eval_precision": 0.13089005235602094,
        "eval_recall": 0.14450867052023122,
        "eval_f1": 0.13736263736263737,
        "eval_accuracy": 0.5505865102639296,
        "eval_runtime": 0.362,
        "eval_samples_per_second": 276.274,
        "eval_steps_per_second": 35.916
    }
}
