{
    "reconstructed_featural": {
        "eval_loss": 3.686741828918457,
        "eval_model_preparation_time": 0.0301,
        "eval_precision": 0.14130434782608695,
        "eval_recall": 0.15028901734104047,
        "eval_f1": 0.14565826330532214,
        "eval_accuracy": 0.5832111436950147,
        "eval_runtime": 0.3482,
        "eval_samples_per_second": 287.198,
        "eval_steps_per_second": 37.336
    },
    "reconstructed_syntactic": {
        "eval_loss": 3.6625325679779053,
        "eval_model_preparation_time": 0.03,
        "eval_precision": 0.12994350282485875,
        "eval_recall": 0.1329479768786127,
        "eval_f1": 0.1314285714285714,
        "eval_accuracy": 0.5821114369501467,
        "eval_runtime": 0.3459,
        "eval_samples_per_second": 289.076,
        "eval_steps_per_second": 37.58
    },
    "reconstructed_morphological": {
        "eval_loss": 3.637906551361084,
        "eval_model_preparation_time": 0.0294,
        "eval_precision": 0.12834224598930483,
        "eval_recall": 0.13872832369942195,
        "eval_f1": 0.13333333333333333,
        "eval_accuracy": 0.5828445747800587,
        "eval_runtime": 0.3459,
        "eval_samples_per_second": 289.071,
        "eval_steps_per_second": 37.579
    }
}
