{
    "reconstructed_featural": {
        "eval_loss": 3.3373184204101562,
        "eval_model_preparation_time": 0.0295,
        "eval_precision": 0.13559322033898305,
        "eval_recall": 0.13872832369942195,
        "eval_f1": 0.13714285714285712,
        "eval_accuracy": 0.6092375366568915,
        "eval_runtime": 0.3418,
        "eval_samples_per_second": 292.553,
        "eval_steps_per_second": 38.032
    },
    "reconstructed_syntactic": {
        "eval_loss": 3.8150691986083984,
        "eval_model_preparation_time": 0.0281,
        "eval_precision": 0.11917098445595854,
        "eval_recall": 0.1329479768786127,
        "eval_f1": 0.12568306010928962,
        "eval_accuracy": 0.5443548387096774,
        "eval_runtime": 0.3407,
        "eval_samples_per_second": 293.476,
        "eval_steps_per_second": 38.152
    },
    "reconstructed_morphological": {
        "eval_loss": 3.612929582595825,
        "eval_model_preparation_time": 0.0276,
        "eval_precision": 0.15476190476190477,
        "eval_recall": 0.15028901734104047,
        "eval_f1": 0.15249266862170088,
        "eval_accuracy": 0.5835777126099707,
        "eval_runtime": 0.3375,
        "eval_samples_per_second": 296.332,
        "eval_steps_per_second": 38.523
    }
}
