{
    "reconstructed_featural": {
        "eval_loss": 3.7826225757598877,
        "eval_model_preparation_time": 0.0276,
        "eval_precision": 0.115,
        "eval_recall": 0.1329479768786127,
        "eval_f1": 0.12332439678284182,
        "eval_accuracy": 0.5619501466275659,
        "eval_runtime": 0.355,
        "eval_samples_per_second": 281.718,
        "eval_steps_per_second": 36.623
    }
}