{
    "reconstructed_featural": {
        "eval_loss": 3.729367256164551,
        "eval_model_preparation_time": 0.0287,
        "eval_precision": 0.12637362637362637,
        "eval_recall": 0.1329479768786127,
        "eval_f1": 0.1295774647887324,
        "eval_accuracy": 0.5747800586510264,
        "eval_runtime": 0.3516,
        "eval_samples_per_second": 284.401,
        "eval_steps_per_second": 36.972
    }
}