{
    "reconstructed_featural": {
        "eval_loss": 3.733872175216675,
        "eval_model_preparation_time": 0.0339,
        "eval_precision": 0.12568306010928962,
        "eval_recall": 0.1329479768786127,
        "eval_f1": 0.1292134831460674,
        "eval_accuracy": 0.5744134897360704,
        "eval_runtime": 0.3978,
        "eval_samples_per_second": 251.393,
        "eval_steps_per_second": 32.681
    }
}