{
    "reconstructed_featural": {
        "eval_loss": 7.45145320892334,
        "eval_model_preparation_time": 0.0272,
        "eval_precision": 0.2526964560862866,
        "eval_recall": 0.15648854961832062,
        "eval_f1": 0.19328226281673544,
        "eval_accuracy": 0.39538365564566436,
        "eval_runtime": 2.9552,
        "eval_samples_per_second": 338.391,
        "eval_steps_per_second": 42.299
    }
}
