{
    "reconstructed_featural": {
        "eval_loss": 6.644051551818848,
        "eval_model_preparation_time": 0.0301,
        "eval_precision": 0.20718816067653276,
        "eval_recall": 0.18702290076335878,
        "eval_f1": 0.19658976930792377,
        "eval_accuracy": 0.4272613849033063,
        "eval_runtime": 2.9357,
        "eval_samples_per_second": 340.632,
        "eval_steps_per_second": 42.579
    },
    "reconstructed_syntactic": {
        "eval_loss": 6.528244972229004,
        "eval_model_preparation_time": 0.0301,
        "eval_precision": 0.1987891019172553,
        "eval_recall": 0.18797709923664122,
        "eval_f1": 0.19323197645904855,
        "eval_accuracy": 0.43169058016219586,
        "eval_runtime": 2.9089,
        "eval_samples_per_second": 343.77,
        "eval_steps_per_second": 42.971
    },
    "reconstructed_morphological": {
        "eval_loss": 6.269099712371826,
        "eval_model_preparation_time": 0.03,
        "eval_precision": 0.22018348623853212,
        "eval_recall": 0.20610687022900764,
        "eval_f1": 0.2129127649088221,
        "eval_accuracy": 0.4217092950717405,
        "eval_runtime": 2.8998,
        "eval_samples_per_second": 344.847,
        "eval_steps_per_second": 43.106
    }
}
