{
    "reconstructed_featural": {
        "eval_loss": 6.300644397735596,
        "eval_model_preparation_time": 0.0282,
        "eval_precision": 0.22350472193074503,
        "eval_recall": 0.2032442748091603,
        "eval_f1": 0.21289355322338832,
        "eval_accuracy": 0.4357454772301934,
        "eval_runtime": 3.0887,
        "eval_samples_per_second": 323.759,
        "eval_steps_per_second": 40.47
    },
    "reconstructed_syntactic": {
        "eval_loss": 6.995217323303223,
        "eval_model_preparation_time": 0.0279,
        "eval_precision": 0.19421965317919074,
        "eval_recall": 0.16030534351145037,
        "eval_f1": 0.17564035546262413,
        "eval_accuracy": 0.4094822208359326,
        "eval_runtime": 3.1586,
        "eval_samples_per_second": 316.594,
        "eval_steps_per_second": 39.574
    },
    "reconstructed_morphological": {
        "eval_loss": 5.722812652587891,
        "eval_model_preparation_time": 0.0276,
        "eval_precision": 0.2177121771217712,
        "eval_recall": 0.22519083969465647,
        "eval_f1": 0.22138836772983114,
        "eval_accuracy": 0.4442295695570805,
        "eval_runtime": 3.166,
        "eval_samples_per_second": 315.859,
        "eval_steps_per_second": 39.482
    }
}