{
    "reconstructed_featural": {
        "eval_loss": 7.327927589416504,
        "eval_model_preparation_time": 0.0288,
        "eval_precision": 0.24597364568081992,
        "eval_recall": 0.16030534351145037,
        "eval_f1": 0.19410745233968804,
        "eval_accuracy": 0.398378041172801,
        "eval_runtime": 2.9096,
        "eval_samples_per_second": 343.684,
        "eval_steps_per_second": 42.961
    }
}
