{
    "reconstructed_featural": {
        "eval_loss": 7.313712120056152,
        "eval_model_preparation_time": 0.0294,
        "eval_accuracy": 0.2691970802919708,
        "eval_precision_macro": 0.20012419858191371,
        "eval_recall_macro": 0.18010586196108672,
        "eval_f1_macro": 0.12264831976808958,
        "eval_precision_micro": 0.2691970802919708,
        "eval_recall_micro": 0.2691970802919708,
        "eval_f1_micro": 0.2691970802919708,
        "eval_runtime": 5.4133,
        "eval_samples_per_second": 185.47,
        "eval_steps_per_second": 23.276
    },
    "baseline_en": {
        "eval_loss": 7.632959365844727,
        "eval_model_preparation_time": 0.0296,
        "eval_accuracy": 0.2856934306569343,
        "eval_precision_macro": 0.18355052872751382,
        "eval_recall_macro": 0.17757531271023377,
        "eval_f1_macro": 0.13119948904427792,
        "eval_precision_micro": 0.2856934306569343,
        "eval_recall_micro": 0.2856934306569343,
        "eval_f1_micro": 0.2856934306569343,
        "eval_runtime": 5.4243,
        "eval_samples_per_second": 185.092,
        "eval_steps_per_second": 23.229
    },
    "baseline_task_adapter": {
        "eval_loss": 7.044858455657959,
        "eval_model_preparation_time": 0.0289,
        "eval_accuracy": 0.27007299270072993,
        "eval_precision_macro": 0.1979922848767811,
        "eval_recall_macro": 0.1875450885695539,
        "eval_f1_macro": 0.1327298949072394,
        "eval_precision_micro": 0.27007299270072993,
        "eval_recall_micro": 0.27007299270072993,
        "eval_f1_micro": 0.27007299270072993,
        "eval_runtime": 4.9464,
        "eval_samples_per_second": 202.978,
        "eval_steps_per_second": 25.473
    },
    "baseline_avg_adapter": {
        "eval_loss": 7.591273307800293,
        "eval_model_preparation_time": 0.0312,
        "eval_accuracy": 0.26452554744525547,
        "eval_precision_macro": 0.19241732299772993,
        "eval_recall_macro": 0.17158029959445129,
        "eval_f1_macro": 0.11985872578102467,
        "eval_precision_micro": 0.26452554744525547,
        "eval_recall_micro": 0.26452554744525547,
        "eval_f1_micro": 0.26452554744525547,
        "eval_runtime": 5.4264,
        "eval_samples_per_second": 185.023,
        "eval_steps_per_second": 23.22
    },
    "baseline_closest_featural": {
        "eval_loss": 6.892892360687256,
        "eval_model_preparation_time": 0.0302,
        "eval_accuracy": 0.28978102189781024,
        "eval_precision_macro": 0.18425759506847356,
        "eval_recall_macro": 0.19518680599811106,
        "eval_f1_macro": 0.1392099538057252,
        "eval_precision_micro": 0.28978102189781024,
        "eval_recall_micro": 0.28978102189781024,
        "eval_f1_micro": 0.28978102189781024,
        "eval_runtime": 5.4312,
        "eval_samples_per_second": 184.858,
        "eval_steps_per_second": 23.199
    },
    "no_train_gain": {
        "eval_loss": 7.089369773864746,
        "eval_model_preparation_time": 0.0308,
        "eval_accuracy": 0.28029197080291973,
        "eval_precision_macro": 0.20473647993093774,
        "eval_recall_macro": 0.18660738336540442,
        "eval_f1_macro": 0.13168172431947123,
        "eval_precision_micro": 0.28029197080291973,
        "eval_recall_micro": 0.28029197080291973,
        "eval_f1_micro": 0.28029197080291973,
        "eval_runtime": 5.4295,
        "eval_samples_per_second": 184.917,
        "eval_steps_per_second": 23.207
    }
}