{
    "reconstructed_featural": {
        "eval_loss": 7.320963382720947,
        "eval_model_preparation_time": 0.0279,
        "eval_accuracy": 0.268029197080292,
        "eval_precision_macro": 0.1972897597865188,
        "eval_recall_macro": 0.17979162888913164,
        "eval_f1_macro": 0.12144121036868562,
        "eval_precision_micro": 0.268029197080292,
        "eval_recall_micro": 0.268029197080292,
        "eval_f1_micro": 0.268029197080292,
        "eval_runtime": 5.1454,
        "eval_samples_per_second": 195.124,
        "eval_steps_per_second": 24.488
    }
}
