{
    "reconstructed_featural": {
        "eval_loss": 7.29852819442749,
        "eval_model_preparation_time": 0.0292,
        "eval_accuracy": 0.26905109489051093,
        "eval_precision_macro": 0.19767637306448824,
        "eval_recall_macro": 0.18072396444853958,
        "eval_f1_macro": 0.12243300569632076,
        "eval_precision_micro": 0.26905109489051093,
        "eval_recall_micro": 0.26905109489051093,
        "eval_f1_micro": 0.26905109489051093,
        "eval_runtime": 5.2127,
        "eval_samples_per_second": 192.608,
        "eval_steps_per_second": 24.172
    },
    "reconstructed_syntactic": {
        "eval_loss": 7.302725791931152,
        "eval_model_preparation_time": 0.0287,
        "eval_accuracy": 0.26905109489051093,
        "eval_precision_macro": 0.19543857748417795,
        "eval_recall_macro": 0.18074398852525034,
        "eval_f1_macro": 0.1225755001948582,
        "eval_precision_micro": 0.26905109489051093,
        "eval_recall_micro": 0.26905109489051093,
        "eval_f1_micro": 0.26905109489051093,
        "eval_runtime": 5.214,
        "eval_samples_per_second": 192.559,
        "eval_steps_per_second": 24.166
    },
    "reconstructed_morphological": {
        "eval_loss": 7.305776119232178,
        "eval_model_preparation_time": 0.0287,
        "eval_accuracy": 0.27007299270072993,
        "eval_precision_macro": 0.19989156751034598,
        "eval_recall_macro": 0.18004691672250853,
        "eval_f1_macro": 0.12218579254091146,
        "eval_precision_micro": 0.27007299270072993,
        "eval_recall_micro": 0.27007299270072993,
        "eval_f1_micro": 0.27007299270072993,
        "eval_runtime": 5.229,
        "eval_samples_per_second": 192.005,
        "eval_steps_per_second": 24.096
    }
}