{
    "reconstructed_syntactic": {
        "eval_loss": 7.314406871795654,
        "eval_model_preparation_time": 0.0281,
        "eval_accuracy": 0.26963503649635034,
        "eval_precision_macro": 0.19929222829229498,
        "eval_recall_macro": 0.18057490662794248,
        "eval_f1_macro": 0.12300689706021213,
        "eval_precision_micro": 0.26963503649635034,
        "eval_recall_micro": 0.26963503649635034,
        "eval_f1_micro": 0.26963503649635034,
        "eval_runtime": 5.349,
        "eval_samples_per_second": 187.699,
        "eval_steps_per_second": 23.556
    },
    "reconstructed_morphological": {
        "eval_loss": 7.320836544036865,
        "eval_model_preparation_time": 0.029,
        "eval_accuracy": 0.2678832116788321,
        "eval_precision_macro": 0.1965922876775972,
        "eval_recall_macro": 0.1798182243913391,
        "eval_f1_macro": 0.1216510329258625,
        "eval_precision_micro": 0.2678832116788321,
        "eval_recall_micro": 0.2678832116788321,
        "eval_f1_micro": 0.2678832116788321,
        "eval_runtime": 5.341,
        "eval_samples_per_second": 187.978,
        "eval_steps_per_second": 23.591
    },
    "baseline_en": {
        "eval_loss": 7.632959365844727,
        "eval_model_preparation_time": 0.0269,
        "eval_accuracy": 0.2856934306569343,
        "eval_precision_macro": 0.18355052872751382,
        "eval_recall_macro": 0.17757531271023377,
        "eval_f1_macro": 0.13119948904427792,
        "eval_precision_micro": 0.2856934306569343,
        "eval_recall_micro": 0.2856934306569343,
        "eval_f1_micro": 0.2856934306569343,
        "eval_runtime": 5.3504,
        "eval_samples_per_second": 187.65,
        "eval_steps_per_second": 23.55
    },
    "baseline_task_adapter": {
        "eval_loss": 7.044858455657959,
        "eval_model_preparation_time": 0.0283,
        "eval_accuracy": 0.27007299270072993,
        "eval_precision_macro": 0.1979922848767811,
        "eval_recall_macro": 0.1875450885695539,
        "eval_f1_macro": 0.1327298949072394,
        "eval_precision_micro": 0.27007299270072993,
        "eval_recall_micro": 0.27007299270072993,
        "eval_f1_micro": 0.27007299270072993,
        "eval_runtime": 4.8958,
        "eval_samples_per_second": 205.074,
        "eval_steps_per_second": 25.736
    },
    "baseline_avg_adapter": {
        "eval_loss": 7.591273307800293,
        "eval_model_preparation_time": 0.0296,
        "eval_accuracy": 0.26452554744525547,
        "eval_precision_macro": 0.19241732299772993,
        "eval_recall_macro": 0.17158029959445129,
        "eval_f1_macro": 0.11985872578102467,
        "eval_precision_micro": 0.26452554744525547,
        "eval_recall_micro": 0.26452554744525547,
        "eval_f1_micro": 0.26452554744525547,
        "eval_runtime": 5.3749,
        "eval_samples_per_second": 186.793,
        "eval_steps_per_second": 23.442
    },
    "baseline_closest_syntactic": {
        "eval_loss": 6.769354343414307,
        "eval_model_preparation_time": 0.027,
        "eval_accuracy": 0.28233576642335767,
        "eval_precision_macro": 0.192719711332012,
        "eval_recall_macro": 0.18456120158472974,
        "eval_f1_macro": 0.13672132487372302,
        "eval_precision_micro": 0.28233576642335767,
        "eval_recall_micro": 0.28233576642335767,
        "eval_f1_micro": 0.28233576642335767,
        "eval_runtime": 5.381,
        "eval_samples_per_second": 186.584,
        "eval_steps_per_second": 23.416
    },
    "baseline_closest_morphological": {
        "eval_loss": 6.316084861755371,
        "eval_model_preparation_time": 0.0278,
        "eval_accuracy": 0.28846715328467154,
        "eval_precision_macro": 0.16421700201674866,
        "eval_recall_macro": 0.17914328699651594,
        "eval_f1_macro": 0.13044894912700716,
        "eval_precision_micro": 0.28846715328467154,
        "eval_recall_micro": 0.28846715328467154,
        "eval_f1_micro": 0.28846715328467154,
        "eval_runtime": 5.3784,
        "eval_samples_per_second": 186.674,
        "eval_steps_per_second": 23.427
    },
    "no_train_gain": {
        "eval_loss": 7.089369773864746,
        "eval_model_preparation_time": 0.0299,
        "eval_accuracy": 0.28029197080291973,
        "eval_precision_macro": 0.20473647993093774,
        "eval_recall_macro": 0.18660738336540442,
        "eval_f1_macro": 0.13168172431947123,
        "eval_precision_micro": 0.28029197080291973,
        "eval_recall_micro": 0.28029197080291973,
        "eval_f1_micro": 0.28029197080291973,
        "eval_runtime": 5.3816,
        "eval_samples_per_second": 186.563,
        "eval_steps_per_second": 23.413
    }
}
