{
    "reconstructed_featural": {
        "eval_loss": 3.0499961376190186,
        "eval_model_preparation_time": 0.0288,
        "eval_precision": 0.4666666666666667,
        "eval_recall": 0.6176470588235294,
        "eval_f1": 0.5316455696202531,
        "eval_accuracy": 0.7120743034055728,
        "eval_runtime": 0.3374,
        "eval_samples_per_second": 296.351,
        "eval_steps_per_second": 38.526
    }
}