{
    "reconstructed_featural": {
        "eval_loss": 16.843496322631836,
        "eval_model_preparation_time": 0.0291,
        "eval_accuracy": 0.03909511880361345,
        "eval_precision_macro": 0.0024486496766831494,
        "eval_recall_macro": 0.0625,
        "eval_f1_macro": 0.004712664714494876,
        "eval_precision_micro": 0.03909511880361345,
        "eval_recall_micro": 0.03909511880361345,
        "eval_f1_micro": 0.03909511880361345,
        "eval_runtime": 2.1357,
        "eval_samples_per_second": 188.694,
        "eval_steps_per_second": 23.879
    }
}
