{
    "reconstructed_featural": {
        "eval_loss": 16.892316818237305,
        "eval_model_preparation_time": 0.0283,
        "eval_accuracy": 0.03909511880361345,
        "eval_precision_macro": 0.0024475325070336855,
        "eval_recall_macro": 0.0625,
        "eval_f1_macro": 0.004710595638811649,
        "eval_precision_micro": 0.03909511880361345,
        "eval_recall_micro": 0.03909511880361345,
        "eval_f1_micro": 0.03909511880361345,
        "eval_runtime": 2.1477,
        "eval_samples_per_second": 187.645,
        "eval_steps_per_second": 23.747
    }
}
