{
    "reconstructed_featural": {
        "eval_loss": 3.0424299240112305,
        "eval_model_preparation_time": 0.0331,
        "eval_precision": 0.24581005586592178,
        "eval_recall": 0.41509433962264153,
        "eval_f1": 0.3087719298245614,
        "eval_accuracy": 0.7036797934151066,
        "eval_runtime": 0.3754,
        "eval_samples_per_second": 266.37,
        "eval_steps_per_second": 34.628
    }
}