{
    "reconstructed_featural": {
        "eval_loss": 3.042755365371704,
        "eval_model_preparation_time": 0.0278,
        "eval_precision": 0.24581005586592178,
        "eval_recall": 0.41509433962264153,
        "eval_f1": 0.3087719298245614,
        "eval_accuracy": 0.7036797934151066,
        "eval_runtime": 0.347,
        "eval_samples_per_second": 288.22,
        "eval_steps_per_second": 37.469
    }
}
