{
    "reconstructed_featural": {
        "eval_loss": 3.0465657711029053,
        "eval_model_preparation_time": 0.0281,
        "eval_precision": 0.25,
        "eval_recall": 0.42452830188679247,
        "eval_f1": 0.3146853146853147,
        "eval_accuracy": 0.7023886378308586,
        "eval_runtime": 0.3357,
        "eval_samples_per_second": 297.841,
        "eval_steps_per_second": 38.719
    }
}
