{
    "reconstructed_syntactic": {
        "eval_loss": 0.8910805583000183,
        "eval_model_preparation_time": 0.0283,
        "eval_precision": 0.690350214159738,
        "eval_recall": 0.7598973861193926,
        "eval_f1": 0.7234562196772172,
        "eval_accuracy": 0.8977097130242826,
        "eval_runtime": 27.5947,
        "eval_samples_per_second": 362.388,
        "eval_steps_per_second": 45.298
    },
    "reconstructed_morphological": {
        "eval_loss": 0.8918631076812744,
        "eval_model_preparation_time": 0.0287,
        "eval_precision": 0.6895965762477185,
        "eval_recall": 0.7596893850100533,
        "eval_f1": 0.7229480073898126,
        "eval_accuracy": 0.897578642384106,
        "eval_runtime": 26.9767,
        "eval_samples_per_second": 370.691,
        "eval_steps_per_second": 46.336
    }
}