{
    "reconstructed_syntactic": {
        "eval_loss": 1.5564242601394653,
        "eval_model_preparation_time": 0.0281,
        "eval_accuracy": 0.8548853653310478,
        "eval_precision_macro": 0.6191235580491725,
        "eval_recall_macro": 0.6395276658586584,
        "eval_f1_macro": 0.6049941873921847,
        "eval_precision_micro": 0.8548853653310478,
        "eval_recall_micro": 0.8548853653310478,
        "eval_f1_micro": 0.8548853653310478,
        "eval_runtime": 6.1568,
        "eval_samples_per_second": 162.423,
        "eval_steps_per_second": 20.303
    },
    "reconstructed_morphological": {
        "eval_loss": 1.5587284564971924,
        "eval_model_preparation_time": 0.0281,
        "eval_accuracy": 0.8545103921148489,
        "eval_precision_macro": 0.618616404994889,
        "eval_recall_macro": 0.6388855860013949,
        "eval_f1_macro": 0.6044535202540264,
        "eval_precision_micro": 0.8545103921148489,
        "eval_recall_micro": 0.8545103921148489,
        "eval_f1_micro": 0.8545103921148489,
        "eval_runtime": 5.4251,
        "eval_samples_per_second": 184.33,
        "eval_steps_per_second": 23.041
    },
    "baseline_en": {
        "eval_loss": 1.633405327796936,
        "eval_model_preparation_time": 0.0269,
        "eval_accuracy": 0.8532783372616242,
        "eval_precision_macro": 0.6140297173913897,
        "eval_recall_macro": 0.6362741083513702,
        "eval_f1_macro": 0.6016954902069993,
        "eval_precision_micro": 0.8532783372616242,
        "eval_recall_micro": 0.8532783372616242,
        "eval_f1_micro": 0.8532783372616242,
        "eval_runtime": 5.429,
        "eval_samples_per_second": 184.197,
        "eval_steps_per_second": 23.025
    },
    "baseline_task_adapter": {
        "eval_loss": 1.4921296834945679,
        "eval_model_preparation_time": 0.0287,
        "eval_accuracy": 0.854081851296336,
        "eval_precision_macro": 0.6154274670786238,
        "eval_recall_macro": 0.6378391834183078,
        "eval_f1_macro": 0.6055595784154465,
        "eval_precision_micro": 0.854081851296336,
        "eval_recall_micro": 0.854081851296336,
        "eval_f1_micro": 0.854081851296336,
        "eval_runtime": 4.9705,
        "eval_samples_per_second": 201.186,
        "eval_steps_per_second": 25.148
    },
    "baseline_avg_adapter": {
        "eval_loss": 1.3037116527557373,
        "eval_model_preparation_time": 0.0286,
        "eval_accuracy": 0.8542425541032783,
        "eval_precision_macro": 0.6113956319112016,
        "eval_recall_macro": 0.6277367303199026,
        "eval_f1_macro": 0.601387171855502,
        "eval_precision_micro": 0.8542425541032783,
        "eval_recall_micro": 0.8542425541032783,
        "eval_f1_micro": 0.8542425541032783,
        "eval_runtime": 5.4407,
        "eval_samples_per_second": 183.801,
        "eval_steps_per_second": 22.975
    },
    "baseline_closest_syntactic": {
        "eval_loss": 1.5296794176101685,
        "eval_model_preparation_time": 0.0278,
        "eval_accuracy": 0.8548317977287336,
        "eval_precision_macro": 0.6147492542727675,
        "eval_recall_macro": 0.6378217178781568,
        "eval_f1_macro": 0.6031507044729544,
        "eval_precision_micro": 0.8548317977287336,
        "eval_recall_micro": 0.8548317977287336,
        "eval_f1_micro": 0.8548317977287336,
        "eval_runtime": 5.4507,
        "eval_samples_per_second": 183.463,
        "eval_steps_per_second": 22.933
    },
    "baseline_closest_morphological": {
        "eval_loss": 1.5592509508132935,
        "eval_model_preparation_time": 0.0284,
        "eval_accuracy": 0.8527962288407971,
        "eval_precision_macro": 0.6163749527877762,
        "eval_recall_macro": 0.6351070446095031,
        "eval_f1_macro": 0.6015414183886584,
        "eval_precision_micro": 0.8527962288407971,
        "eval_recall_micro": 0.8527962288407971,
        "eval_f1_micro": 0.8527962288407971,
        "eval_runtime": 5.4561,
        "eval_samples_per_second": 183.282,
        "eval_steps_per_second": 22.91
    },
    "no_train_gain": {
        "eval_loss": 1.5612963438034058,
        "eval_model_preparation_time": 0.0298,
        "eval_accuracy": 0.8557424469680737,
        "eval_precision_macro": 0.6181114096604118,
        "eval_recall_macro": 0.6410990937870723,
        "eval_f1_macro": 0.6055888907813256,
        "eval_precision_micro": 0.8557424469680737,
        "eval_recall_micro": 0.8557424469680737,
        "eval_f1_micro": 0.8557424469680737,
        "eval_runtime": 5.4459,
        "eval_samples_per_second": 183.623,
        "eval_steps_per_second": 22.953
    }
}