{
    "reconstructed_featural": {
        "eval_loss": 1.563561201095581,
        "eval_model_preparation_time": 0.0274,
        "eval_accuracy": 0.8547246625241054,
        "eval_precision_macro": 0.6179070690531349,
        "eval_recall_macro": 0.6389555512063276,
        "eval_f1_macro": 0.6045273919220201,
        "eval_precision_micro": 0.8547246625241054,
        "eval_recall_micro": 0.8547246625241054,
        "eval_f1_micro": 0.8547246625241054,
        "eval_runtime": 5.2158,
        "eval_samples_per_second": 191.726,
        "eval_steps_per_second": 23.966
    }
}