{
    "reconstructed_featural": {
        "eval_loss": 2.2793474197387695,
        "eval_model_preparation_time": 0.0298,
        "eval_precision": 0.40106951871657753,
        "eval_recall": 0.5905511811023622,
        "eval_f1": 0.47770700636942676,
        "eval_accuracy": 0.7206498951781971,
        "eval_runtime": 0.3651,
        "eval_samples_per_second": 273.879,
        "eval_steps_per_second": 35.604
    },
    "baseline_en": {
        "eval_loss": 3.882944345474243,
        "eval_model_preparation_time": 0.0289,
        "eval_precision": 0.37423312883435583,
        "eval_recall": 0.48031496062992124,
        "eval_f1": 0.4206896551724138,
        "eval_accuracy": 0.5932914046121593,
        "eval_runtime": 0.3608,
        "eval_samples_per_second": 277.171,
        "eval_steps_per_second": 36.032
    },
    "baseline_task_adapter": {
        "eval_loss": 2.731231451034546,
        "eval_model_preparation_time": 0.0284,
        "eval_precision": 0.36585365853658536,
        "eval_recall": 0.47244094488188976,
        "eval_f1": 0.4123711340206186,
        "eval_accuracy": 0.6802935010482181,
        "eval_runtime": 0.3277,
        "eval_samples_per_second": 305.153,
        "eval_steps_per_second": 39.67
    },
    "baseline_avg_adapter": {
        "eval_loss": 3.6157498359680176,
        "eval_model_preparation_time": 0.0298,
        "eval_precision": 0.45263157894736844,
        "eval_recall": 0.33858267716535434,
        "eval_f1": 0.3873873873873874,
        "eval_accuracy": 0.6813417190775681,
        "eval_runtime": 0.363,
        "eval_samples_per_second": 275.467,
        "eval_steps_per_second": 35.811
    },
    "baseline_closest_featural": {
        "eval_loss": 2.2082154750823975,
        "eval_model_preparation_time": 0.0311,
        "eval_precision": 0.40397350993377484,
        "eval_recall": 0.48031496062992124,
        "eval_f1": 0.4388489208633094,
        "eval_accuracy": 0.7285115303983228,
        "eval_runtime": 0.3521,
        "eval_samples_per_second": 283.996,
        "eval_steps_per_second": 36.92
    },
    "no_train_gain": {
        "eval_loss": 2.39890456199646,
        "eval_model_preparation_time": 0.0317,
        "eval_precision": 0.4301675977653631,
        "eval_recall": 0.6062992125984252,
        "eval_f1": 0.5032679738562091,
        "eval_accuracy": 0.7075471698113207,
        "eval_runtime": 0.3679,
        "eval_samples_per_second": 271.838,
        "eval_steps_per_second": 35.339
    }
}
