{
    "reconstructed_featural": {
        "eval_loss": 2.2714035511016846,
        "eval_model_preparation_time": 0.0281,
        "eval_precision": 0.4143646408839779,
        "eval_recall": 0.5905511811023622,
        "eval_f1": 0.48701298701298695,
        "eval_accuracy": 0.7253668763102725,
        "eval_runtime": 0.3148,
        "eval_samples_per_second": 317.692,
        "eval_steps_per_second": 41.3
    }
}