{
    "reconstructed_featural": {
        "eval_loss": 2.2807817459106445,
        "eval_model_preparation_time": 0.0286,
        "eval_precision": 0.4021164021164021,
        "eval_recall": 0.5984251968503937,
        "eval_f1": 0.4810126582278481,
        "eval_accuracy": 0.7169811320754716,
        "eval_runtime": 0.3211,
        "eval_samples_per_second": 311.469,
        "eval_steps_per_second": 40.491
    },
    "reconstructed_syntactic": {
        "eval_loss": 2.319578170776367,
        "eval_model_preparation_time": 0.0298,
        "eval_precision": 0.4508670520231214,
        "eval_recall": 0.6141732283464567,
        "eval_f1": 0.5200000000000001,
        "eval_accuracy": 0.7127882599580713,
        "eval_runtime": 0.3179,
        "eval_samples_per_second": 314.574,
        "eval_steps_per_second": 40.895
    },
    "reconstructed_morphological": {
        "eval_loss": 2.2738521099090576,
        "eval_model_preparation_time": 0.03,
        "eval_precision": 0.47701149425287354,
        "eval_recall": 0.6535433070866141,
        "eval_f1": 0.5514950166112956,
        "eval_accuracy": 0.7295597484276729,
        "eval_runtime": 0.328,
        "eval_samples_per_second": 304.896,
        "eval_steps_per_second": 39.637
    }
}
