{
    "reconstructed_featural": {
        "eval_loss": 0.8210670351982117,
        "eval_model_preparation_time": 0.0299,
        "eval_precision": 0.45695364238410596,
        "eval_recall": 0.5433070866141733,
        "eval_f1": 0.49640287769784175,
        "eval_accuracy": 0.7657232704402516,
        "eval_runtime": 0.3627,
        "eval_samples_per_second": 275.715,
        "eval_steps_per_second": 35.843
    },
    "baseline_en": {
        "eval_loss": 0.9066258072853088,
        "eval_model_preparation_time": 0.0277,
        "eval_precision": 0.4375,
        "eval_recall": 0.5511811023622047,
        "eval_f1": 0.48780487804878053,
        "eval_accuracy": 0.7274633123689728,
        "eval_runtime": 0.3537,
        "eval_samples_per_second": 282.735,
        "eval_steps_per_second": 36.756
    },
    "baseline_task_adapter": {
        "eval_loss": 0.8706267476081848,
        "eval_model_preparation_time": 0.0283,
        "eval_precision": 0.32432432432432434,
        "eval_recall": 0.47244094488188976,
        "eval_f1": 0.38461538461538464,
        "eval_accuracy": 0.7269392033542977,
        "eval_runtime": 0.3093,
        "eval_samples_per_second": 323.323,
        "eval_steps_per_second": 42.032
    },
    "baseline_avg_adapter": {
        "eval_loss": 1.0440806150436401,
        "eval_model_preparation_time": 0.0289,
        "eval_precision": 0.3684210526315789,
        "eval_recall": 0.4409448818897638,
        "eval_f1": 0.40143369175627247,
        "eval_accuracy": 0.750524109014675,
        "eval_runtime": 0.3436,
        "eval_samples_per_second": 291.035,
        "eval_steps_per_second": 37.835
    },
    "baseline_closest_featural": {
        "eval_loss": 0.9265946745872498,
        "eval_model_preparation_time": 0.0282,
        "eval_precision": 0.2807017543859649,
        "eval_recall": 0.3779527559055118,
        "eval_f1": 0.3221476510067114,
        "eval_accuracy": 0.740041928721174,
        "eval_runtime": 0.3439,
        "eval_samples_per_second": 290.82,
        "eval_steps_per_second": 37.807
    },
    "no_train_gain": {
        "eval_loss": 0.6902008056640625,
        "eval_model_preparation_time": 0.0289,
        "eval_precision": 0.3989071038251366,
        "eval_recall": 0.5748031496062992,
        "eval_f1": 0.47096774193548385,
        "eval_accuracy": 0.7887840670859538,
        "eval_runtime": 0.3442,
        "eval_samples_per_second": 290.506,
        "eval_steps_per_second": 37.766
    }
}