{
    "reconstructed_featural": {
        "eval_loss": 2.0479021072387695,
        "eval_model_preparation_time": 0.0288,
        "eval_precision": 0.4784456587735276,
        "eval_recall": 0.653941908713693,
        "eval_f1": 0.5525946704067322,
        "eval_accuracy": 0.7674013532524955,
        "eval_runtime": 2.9393,
        "eval_samples_per_second": 340.222,
        "eval_steps_per_second": 42.528
    },
    "reconstructed_syntactic": {
        "eval_loss": 2.0536203384399414,
        "eval_model_preparation_time": 0.0295,
        "eval_precision": 0.4696066746126341,
        "eval_recall": 0.653941908713693,
        "eval_f1": 0.5466527922303157,
        "eval_accuracy": 0.7671333824613117,
        "eval_runtime": 2.9526,
        "eval_samples_per_second": 338.688,
        "eval_steps_per_second": 42.336
    },
    "reconstructed_morphological": {
        "eval_loss": 1.9516687393188477,
        "eval_model_preparation_time": 0.029,
        "eval_precision": 0.4673396674584323,
        "eval_recall": 0.6531120331950208,
        "eval_f1": 0.5448251990308064,
        "eval_accuracy": 0.7609700542640853,
        "eval_runtime": 3.0332,
        "eval_samples_per_second": 329.684,
        "eval_steps_per_second": 41.211
    }
}