{
    "reconstructed_featural": {
        "eval_loss": 2.0247573852539062,
        "eval_model_preparation_time": 0.0282,
        "eval_precision": 0.482779827798278,
        "eval_recall": 0.6514522821576764,
        "eval_f1": 0.5545743553514659,
        "eval_accuracy": 0.7661284919943726,
        "eval_runtime": 2.6888,
        "eval_samples_per_second": 371.909,
        "eval_steps_per_second": 46.489
    }
}
