{
    "reconstructed_featural": {
        "eval_loss": 3.6969144344329834,
        "eval_model_preparation_time": 0.0303,
        "eval_accuracy": 0.6355113143121709,
        "eval_precision_macro": 0.513899731684433,
        "eval_recall_macro": 0.5735163663178153,
        "eval_f1_macro": 0.5111848259242859,
        "eval_precision_micro": 0.6355113143121709,
        "eval_recall_micro": 0.6355113143121709,
        "eval_f1_micro": 0.6355113143121709,
        "eval_runtime": 5.5508,
        "eval_samples_per_second": 171.687,
        "eval_steps_per_second": 21.618
    },
    "baseline_en": {
        "eval_loss": 3.8622334003448486,
        "eval_model_preparation_time": 0.0299,
        "eval_accuracy": 0.6300133109554951,
        "eval_precision_macro": 0.5159451999114427,
        "eval_recall_macro": 0.5613136342291151,
        "eval_f1_macro": 0.5095130663393566,
        "eval_precision_micro": 0.6300133109554951,
        "eval_recall_micro": 0.6300133109554951,
        "eval_f1_micro": 0.6300133109554951,
        "eval_runtime": 5.5484,
        "eval_samples_per_second": 171.763,
        "eval_steps_per_second": 21.628
    },
    "baseline_task_adapter": {
        "eval_loss": 3.5238075256347656,
        "eval_model_preparation_time": 0.0286,
        "eval_accuracy": 0.6363794201053302,
        "eval_precision_macro": 0.516911301128717,
        "eval_recall_macro": 0.5781605656701898,
        "eval_f1_macro": 0.5139021068916303,
        "eval_precision_micro": 0.6363794201053302,
        "eval_recall_micro": 0.6363794201053302,
        "eval_f1_micro": 0.6363794201053302,
        "eval_runtime": 5.0815,
        "eval_samples_per_second": 187.541,
        "eval_steps_per_second": 23.615
    },
    "baseline_avg_adapter": {
        "eval_loss": 3.278195858001709,
        "eval_model_preparation_time": 0.03,
        "eval_accuracy": 0.6248046761965391,
        "eval_precision_macro": 0.5083141887422831,
        "eval_recall_macro": 0.5556953316929675,
        "eval_f1_macro": 0.4986480413036563,
        "eval_precision_micro": 0.6248046761965391,
        "eval_recall_micro": 0.6248046761965391,
        "eval_f1_micro": 0.6248046761965391,
        "eval_runtime": 5.5678,
        "eval_samples_per_second": 171.161,
        "eval_steps_per_second": 21.552
    },
    "baseline_closest_featural": {
        "eval_loss": 4.20989990234375,
        "eval_model_preparation_time": 0.0281,
        "eval_accuracy": 0.5726604548874357,
        "eval_precision_macro": 0.46468711735243584,
        "eval_recall_macro": 0.4962322743705772,
        "eval_f1_macro": 0.44704395150604714,
        "eval_precision_micro": 0.5726604548874357,
        "eval_recall_micro": 0.5726604548874357,
        "eval_f1_micro": 0.5726604548874357,
        "eval_runtime": 5.5556,
        "eval_samples_per_second": 171.538,
        "eval_steps_per_second": 21.6
    },
    "no_train_gain": {
        "eval_loss": 3.8467814922332764,
        "eval_model_preparation_time": 0.0309,
        "eval_accuracy": 0.6291452051623357,
        "eval_precision_macro": 0.5084579310282628,
        "eval_recall_macro": 0.5682874710432778,
        "eval_f1_macro": 0.5056541287583157,
        "eval_precision_micro": 0.6291452051623357,
        "eval_recall_micro": 0.6291452051623357,
        "eval_f1_micro": 0.6291452051623357,
        "eval_runtime": 5.5594,
        "eval_samples_per_second": 171.422,
        "eval_steps_per_second": 21.585
    }
}