{
    "reconstructed_featural": {
        "eval_loss": 3.7126989364624023,
        "eval_model_preparation_time": 0.028,
        "eval_accuracy": 0.6355113143121709,
        "eval_precision_macro": 0.5177150433820282,
        "eval_recall_macro": 0.5730163919705505,
        "eval_f1_macro": 0.5131694934088448,
        "eval_precision_micro": 0.6355113143121709,
        "eval_recall_micro": 0.6355113143121709,
        "eval_f1_micro": 0.6355113143121709,
        "eval_runtime": 5.1249,
        "eval_samples_per_second": 185.956,
        "eval_steps_per_second": 23.415
    }
}
