{
    "reconstructed_featural": {
        "eval_loss": 0.7400940656661987,
        "eval_model_preparation_time": 0.0291,
        "eval_precision": 0.7407432116885716,
        "eval_recall": 0.8105562855891371,
        "eval_f1": 0.774078851047513,
        "eval_accuracy": 0.9142737340231968,
        "eval_runtime": 32.0157,
        "eval_samples_per_second": 312.346,
        "eval_steps_per_second": 39.043
    },
    "reconstructed_syntactic": {
        "eval_loss": 0.7413439750671387,
        "eval_model_preparation_time": 0.0287,
        "eval_precision": 0.7409903897490657,
        "eval_recall": 0.8105562855891371,
        "eval_f1": 0.7742137926225507,
        "eval_accuracy": 0.9141314684058014,
        "eval_runtime": 33.1787,
        "eval_samples_per_second": 301.398,
        "eval_steps_per_second": 37.675
    },
    "reconstructed_morphological": {
        "eval_loss": 0.7612770795822144,
        "eval_model_preparation_time": 0.0291,
        "eval_precision": 0.7463519601909757,
        "eval_recall": 0.8102642721565192,
        "eval_f1": 0.7769960446637963,
        "eval_accuracy": 0.9140266411087733,
        "eval_runtime": 32.4012,
        "eval_samples_per_second": 308.63,
        "eval_steps_per_second": 38.579
    }
}