{
    "reconstructed_featural": {
        "eval_loss": 0.7419589161872864,
        "eval_model_preparation_time": 0.0296,
        "eval_precision": 0.7425762439807384,
        "eval_recall": 0.8105562855891371,
        "eval_f1": 0.7750785340314137,
        "eval_accuracy": 0.9140341287728467,
        "eval_runtime": 26.7337,
        "eval_samples_per_second": 374.06,
        "eval_steps_per_second": 46.758
    }
}
