{
    "reconstructed_featural": {
        "eval_loss": 0.7403571009635925,
        "eval_model_preparation_time": 0.0286,
        "eval_precision": 0.7402441464878927,
        "eval_recall": 0.8101182654402103,
        "eval_f1": 0.7736066088047684,
        "eval_accuracy": 0.9141015177495077,
        "eval_runtime": 31.103,
        "eval_samples_per_second": 321.512,
        "eval_steps_per_second": 40.189
    },
    "baseline_en": {
        "eval_loss": 0.819201648235321,
        "eval_model_preparation_time": 0.0282,
        "eval_precision": 0.745923269504026,
        "eval_recall": 0.8047890202949336,
        "eval_f1": 0.7742388594304175,
        "eval_accuracy": 0.9121247744341198,
        "eval_runtime": 31.7347,
        "eval_samples_per_second": 315.113,
        "eval_steps_per_second": 39.389
    },
    "baseline_task_adapter": {
        "eval_loss": 0.7506178617477417,
        "eval_model_preparation_time": 0.0286,
        "eval_precision": 0.7140692925833223,
        "eval_recall": 0.7914294057526646,
        "eval_f1": 0.7507617728531855,
        "eval_accuracy": 0.9085905969914566,
        "eval_runtime": 28.2228,
        "eval_samples_per_second": 354.323,
        "eval_steps_per_second": 44.29
    },
    "baseline_avg_adapter": {
        "eval_loss": 0.9003023505210876,
        "eval_model_preparation_time": 0.0291,
        "eval_precision": 0.7127564674397859,
        "eval_recall": 0.6999561979851073,
        "eval_f1": 0.7062983425414364,
        "eval_accuracy": 0.8851392331134456,
        "eval_runtime": 33.8547,
        "eval_samples_per_second": 295.38,
        "eval_steps_per_second": 36.923
    },
    "baseline_closest_featural": {
        "eval_loss": 0.8420081734657288,
        "eval_model_preparation_time": 0.0299,
        "eval_precision": 0.6987863430248066,
        "eval_recall": 0.7650021901007447,
        "eval_f1": 0.73039659859204,
        "eval_accuracy": 0.8985571271330483,
        "eval_runtime": 33.8744,
        "eval_samples_per_second": 295.208,
        "eval_steps_per_second": 36.901
    },
    "no_train_gain": {
        "eval_loss": 0.7539783120155334,
        "eval_model_preparation_time": 0.0294,
        "eval_precision": 0.7352531351602415,
        "eval_recall": 0.8089502117097387,
        "eval_f1": 0.7703430776182696,
        "eval_accuracy": 0.9126863492396277,
        "eval_runtime": 32.1081,
        "eval_samples_per_second": 311.448,
        "eval_steps_per_second": 38.931
    }
}