{
    "reconstructed_syntactic": {
        "eval_loss": 0.950984537601471,
        "eval_model_preparation_time": 0.0283,
        "eval_accuracy": 0.9042202933253517,
        "eval_precision_macro": 0.7594833733011135,
        "eval_recall_macro": 0.7954310164760228,
        "eval_f1_macro": 0.7680240758616825,
        "eval_precision_micro": 0.9042202933253517,
        "eval_recall_micro": 0.9042202933253517,
        "eval_f1_micro": 0.9042202933253517,
        "eval_runtime": 3.0933,
        "eval_samples_per_second": 182.654,
        "eval_steps_per_second": 22.953
    },
    "reconstructed_morphological": {
        "eval_loss": 0.9531692862510681,
        "eval_model_preparation_time": 0.0282,
        "eval_accuracy": 0.9042202933253517,
        "eval_precision_macro": 0.7594900466477769,
        "eval_recall_macro": 0.7953824068444757,
        "eval_f1_macro": 0.7680286839848279,
        "eval_precision_micro": 0.9042202933253517,
        "eval_recall_micro": 0.9042202933253517,
        "eval_f1_micro": 0.9042202933253517,
        "eval_runtime": 3.0825,
        "eval_samples_per_second": 183.29,
        "eval_steps_per_second": 23.033
    },
    "baseline_en": {
        "eval_loss": 1.0238856077194214,
        "eval_model_preparation_time": 0.0273,
        "eval_accuracy": 0.9008280953806246,
        "eval_precision_macro": 0.769037156072268,
        "eval_recall_macro": 0.7993849990923736,
        "eval_f1_macro": 0.7730465756865221,
        "eval_precision_micro": 0.9008280953806246,
        "eval_recall_micro": 0.9008280953806246,
        "eval_f1_micro": 0.9008280953806246,
        "eval_runtime": 3.0782,
        "eval_samples_per_second": 183.548,
        "eval_steps_per_second": 23.065
    },
    "baseline_task_adapter": {
        "eval_loss": 0.8966882824897766,
        "eval_model_preparation_time": 0.0282,
        "eval_accuracy": 0.9070138681033623,
        "eval_precision_macro": 0.7628539657859764,
        "eval_recall_macro": 0.8071800515403615,
        "eval_f1_macro": 0.7776658864040769,
        "eval_precision_micro": 0.9070138681033623,
        "eval_recall_micro": 0.9070138681033623,
        "eval_f1_micro": 0.9070138681033623,
        "eval_runtime": 2.8142,
        "eval_samples_per_second": 200.771,
        "eval_steps_per_second": 25.23
    },
    "baseline_avg_adapter": {
        "eval_loss": 0.8458203077316284,
        "eval_model_preparation_time": 0.0298,
        "eval_accuracy": 0.9037214406864212,
        "eval_precision_macro": 0.8090678918863673,
        "eval_recall_macro": 0.8504966873594256,
        "eval_f1_macro": 0.822985622247986,
        "eval_precision_micro": 0.9037214406864212,
        "eval_recall_micro": 0.9037214406864212,
        "eval_f1_micro": 0.9037214406864212,
        "eval_runtime": 3.0869,
        "eval_samples_per_second": 183.03,
        "eval_steps_per_second": 23.0
    },
    "baseline_closest_syntactic": {
        "eval_loss": 0.9184102416038513,
        "eval_model_preparation_time": 0.0273,
        "eval_accuracy": 0.9015264890751272,
        "eval_precision_macro": 0.7901972610955799,
        "eval_recall_macro": 0.8480462513279876,
        "eval_f1_macro": 0.8103903200438198,
        "eval_precision_micro": 0.9015264890751272,
        "eval_recall_micro": 0.9015264890751272,
        "eval_f1_micro": 0.9015264890751272,
        "eval_runtime": 3.0789,
        "eval_samples_per_second": 183.506,
        "eval_steps_per_second": 23.06
    },
    "baseline_closest_morphological": {
        "eval_loss": 1.0019606351852417,
        "eval_model_preparation_time": 0.0277,
        "eval_accuracy": 0.8963384216302505,
        "eval_precision_macro": 0.7581927263045727,
        "eval_recall_macro": 0.7817970566032706,
        "eval_f1_macro": 0.7613636025198498,
        "eval_precision_micro": 0.8963384216302505,
        "eval_recall_micro": 0.8963384216302505,
        "eval_f1_micro": 0.8963384216302505,
        "eval_runtime": 3.0841,
        "eval_samples_per_second": 183.196,
        "eval_steps_per_second": 23.021
    },
    "no_train_gain": {
        "eval_loss": 0.9502952098846436,
        "eval_model_preparation_time": 0.0277,
        "eval_accuracy": 0.9054175396587848,
        "eval_precision_macro": 0.7598051723238108,
        "eval_recall_macro": 0.7957049642319275,
        "eval_f1_macro": 0.7684622019278433,
        "eval_precision_micro": 0.9054175396587848,
        "eval_recall_micro": 0.9054175396587848,
        "eval_f1_micro": 0.9054175396587848,
        "eval_runtime": 3.0788,
        "eval_samples_per_second": 183.515,
        "eval_steps_per_second": 23.061
    }
}