{
    "reconstructed_featural": {
        "eval_loss": 0.9477368593215942,
        "eval_model_preparation_time": 0.0276,
        "eval_accuracy": 0.9058166217699292,
        "eval_precision_macro": 0.7606417868470209,
        "eval_recall_macro": 0.7967842474411303,
        "eval_f1_macro": 0.7693211130318924,
        "eval_precision_micro": 0.9058166217699292,
        "eval_recall_micro": 0.9058166217699292,
        "eval_f1_micro": 0.9058166217699292,
        "eval_runtime": 3.0279,
        "eval_samples_per_second": 186.595,
        "eval_steps_per_second": 23.448
    },
    "reconstructed_syntactic": {
        "eval_loss": 0.9388251900672913,
        "eval_model_preparation_time": 0.0277,
        "eval_accuracy": 0.9061159333532874,
        "eval_precision_macro": 0.7609815656802413,
        "eval_recall_macro": 0.7978766124208979,
        "eval_f1_macro": 0.7699969847745033,
        "eval_precision_micro": 0.9061159333532874,
        "eval_recall_micro": 0.9061159333532874,
        "eval_f1_micro": 0.9061159333532874,
        "eval_runtime": 3.0231,
        "eval_samples_per_second": 186.895,
        "eval_steps_per_second": 23.486
    },
    "reconstructed_morphological": {
        "eval_loss": 0.9640029668807983,
        "eval_model_preparation_time": 0.0277,
        "eval_accuracy": 0.9036216701586351,
        "eval_precision_macro": 0.7518078410795845,
        "eval_recall_macro": 0.7950975258894842,
        "eval_f1_macro": 0.7619528937433565,
        "eval_precision_micro": 0.9036216701586351,
        "eval_recall_micro": 0.9036216701586351,
        "eval_f1_micro": 0.9036216701586351,
        "eval_runtime": 3.027,
        "eval_samples_per_second": 186.654,
        "eval_steps_per_second": 23.456
    }
}
