{
    "reconstructed_featural": {
        "eval_loss": 0.9510021805763245,
        "eval_model_preparation_time": 0.0312,
        "eval_accuracy": 0.9044198343809239,
        "eval_precision_macro": 0.7596820674298383,
        "eval_recall_macro": 0.7958034408230953,
        "eval_f1_macro": 0.7682731559506785,
        "eval_precision_micro": 0.9044198343809239,
        "eval_recall_micro": 0.9044198343809239,
        "eval_f1_micro": 0.9044198343809239,
        "eval_runtime": 3.1496,
        "eval_samples_per_second": 179.388,
        "eval_steps_per_second": 22.543
    },
    "baseline_en": {
        "eval_loss": 1.0238856077194214,
        "eval_model_preparation_time": 0.0307,
        "eval_accuracy": 0.9008280953806246,
        "eval_precision_macro": 0.769037156072268,
        "eval_recall_macro": 0.7993849990923736,
        "eval_f1_macro": 0.7730465756865221,
        "eval_precision_micro": 0.9008280953806246,
        "eval_recall_micro": 0.9008280953806246,
        "eval_f1_micro": 0.9008280953806246,
        "eval_runtime": 3.1215,
        "eval_samples_per_second": 181.002,
        "eval_steps_per_second": 22.745
    },
    "baseline_task_adapter": {
        "eval_loss": 0.8966882824897766,
        "eval_model_preparation_time": 0.0301,
        "eval_accuracy": 0.9070138681033623,
        "eval_precision_macro": 0.7628539657859764,
        "eval_recall_macro": 0.8071800515403615,
        "eval_f1_macro": 0.7776658864040769,
        "eval_precision_micro": 0.9070138681033623,
        "eval_recall_micro": 0.9070138681033623,
        "eval_f1_micro": 0.9070138681033623,
        "eval_runtime": 2.8553,
        "eval_samples_per_second": 197.876,
        "eval_steps_per_second": 24.866
    },
    "baseline_avg_adapter": {
        "eval_loss": 0.8458203077316284,
        "eval_model_preparation_time": 0.0308,
        "eval_accuracy": 0.9037214406864212,
        "eval_precision_macro": 0.8090678918863673,
        "eval_recall_macro": 0.8504966873594256,
        "eval_f1_macro": 0.822985622247986,
        "eval_precision_micro": 0.9037214406864212,
        "eval_recall_micro": 0.9037214406864212,
        "eval_f1_micro": 0.9037214406864212,
        "eval_runtime": 3.1254,
        "eval_samples_per_second": 180.775,
        "eval_steps_per_second": 22.717
    },
    "baseline_closest_featural": {
        "eval_loss": 0.9184102416038513,
        "eval_model_preparation_time": 0.0299,
        "eval_accuracy": 0.9015264890751272,
        "eval_precision_macro": 0.7901972610955799,
        "eval_recall_macro": 0.8480462513279876,
        "eval_f1_macro": 0.8103903200438198,
        "eval_precision_micro": 0.9015264890751272,
        "eval_recall_micro": 0.9015264890751272,
        "eval_f1_micro": 0.9015264890751272,
        "eval_runtime": 3.128,
        "eval_samples_per_second": 180.629,
        "eval_steps_per_second": 22.699
    },
    "no_train_gain": {
        "eval_loss": 0.9502952098846436,
        "eval_model_preparation_time": 0.0303,
        "eval_accuracy": 0.9054175396587848,
        "eval_precision_macro": 0.7598051723238108,
        "eval_recall_macro": 0.7957049642319275,
        "eval_f1_macro": 0.7684622019278433,
        "eval_precision_micro": 0.9054175396587848,
        "eval_recall_micro": 0.9054175396587848,
        "eval_f1_micro": 0.9054175396587848,
        "eval_runtime": 3.1365,
        "eval_samples_per_second": 180.137,
        "eval_steps_per_second": 22.637
    }
}
