{
    "reconstructed_featural": {
        "eval_loss": 0.9786359667778015,
        "eval_model_preparation_time": 0.0291,
        "eval_precision": 0.6524264568109425,
        "eval_recall": 0.7532448802999712,
        "eval_f1": 0.6992201880919708,
        "eval_accuracy": 0.8892478109639389,
        "eval_runtime": 31.5844,
        "eval_samples_per_second": 316.612,
        "eval_steps_per_second": 39.576
    },
    "reconstructed_syntactic": {
        "eval_loss": 0.9813737273216248,
        "eval_model_preparation_time": 0.0299,
        "eval_precision": 0.652301542689401,
        "eval_recall": 0.7531006633977502,
        "eval_f1": 0.699086314803039,
        "eval_accuracy": 0.8888599207686585,
        "eval_runtime": 30.5778,
        "eval_samples_per_second": 327.034,
        "eval_steps_per_second": 40.879
    },
    "reconstructed_morphological": {
        "eval_loss": 0.9805001020431519,
        "eval_model_preparation_time": 0.0308,
        "eval_precision": 0.6520327234122275,
        "eval_recall": 0.7528843380444188,
        "eval_f1": 0.698838726950236,
        "eval_accuracy": 0.8890697630054495,
        "eval_runtime": 29.7589,
        "eval_samples_per_second": 336.034,
        "eval_steps_per_second": 42.004
    }
}