{
    "reconstructed_featural": {
        "eval_loss": 0.9832038283348083,
        "eval_model_preparation_time": 0.0283,
        "eval_precision": 0.6538870473450498,
        "eval_recall": 0.7538938563599654,
        "eval_f1": 0.7003382791305223,
        "eval_accuracy": 0.8890888395724306,
        "eval_runtime": 27.2363,
        "eval_samples_per_second": 367.158,
        "eval_steps_per_second": 45.895
    }
}