{
    "reconstructed_featural": {
        "eval_loss": 1.3871777057647705,
        "eval_model_preparation_time": 0.0279,
        "eval_accuracy": 0.8693263148173801,
        "eval_precision_macro": 0.7355389679958767,
        "eval_recall_macro": 0.7497220860951781,
        "eval_f1_macro": 0.723492485982995,
        "eval_precision_micro": 0.8693263148173801,
        "eval_recall_micro": 0.8693263148173801,
        "eval_f1_micro": 0.8693263148173801,
        "eval_runtime": 5.2322,
        "eval_samples_per_second": 191.125,
        "eval_steps_per_second": 23.891
    }
}