{
    "reconstructed_featural": {
        "eval_loss": 1.3898462057113647,
        "eval_model_preparation_time": 0.0275,
        "eval_accuracy": 0.8689569192408921,
        "eval_precision_macro": 0.7346073386217036,
        "eval_recall_macro": 0.7495424153386817,
        "eval_f1_macro": 0.7231607620007328,
        "eval_precision_micro": 0.8689569192408921,
        "eval_recall_micro": 0.8689569192408921,
        "eval_f1_micro": 0.8689569192408921,
        "eval_runtime": 5.2527,
        "eval_samples_per_second": 190.378,
        "eval_steps_per_second": 23.797
    }
}