{
    "reconstructed_featural": {
        "eval_loss": 1.3843132257461548,
        "eval_model_preparation_time": 0.0286,
        "eval_accuracy": 0.869649535946807,
        "eval_precision_macro": 0.7364509488943178,
        "eval_recall_macro": 0.7500810698775771,
        "eval_f1_macro": 0.72377040749117,
        "eval_precision_micro": 0.869649535946807,
        "eval_recall_micro": 0.869649535946807,
        "eval_f1_micro": 0.869649535946807,
        "eval_runtime": 5.3884,
        "eval_samples_per_second": 185.584,
        "eval_steps_per_second": 23.198
    },
    "reconstructed_syntactic": {
        "eval_loss": 1.3822002410888672,
        "eval_model_preparation_time": 0.0302,
        "eval_accuracy": 0.869511012605624,
        "eval_precision_macro": 0.7362424257492047,
        "eval_recall_macro": 0.7498350174797748,
        "eval_f1_macro": 0.7235614214603253,
        "eval_precision_micro": 0.869511012605624,
        "eval_recall_micro": 0.869511012605624,
        "eval_f1_micro": 0.869511012605624,
        "eval_runtime": 5.3797,
        "eval_samples_per_second": 185.884,
        "eval_steps_per_second": 23.236
    },
    "reconstructed_morphological": {
        "eval_loss": 1.3854297399520874,
        "eval_model_preparation_time": 0.0301,
        "eval_accuracy": 0.8693263148173801,
        "eval_precision_macro": 0.7362737614822134,
        "eval_recall_macro": 0.7499335310296388,
        "eval_f1_macro": 0.7235809563355554,
        "eval_precision_micro": 0.8693263148173801,
        "eval_recall_micro": 0.8693263148173801,
        "eval_f1_micro": 0.8693263148173801,
        "eval_runtime": 5.3789,
        "eval_samples_per_second": 185.912,
        "eval_steps_per_second": 23.239
    }
}
