{
    "reconstructed_featural": {
        "exact_match": 55.46218487394958,
        "f1": 72.8633095782192
    },
    "baseline_en": {
        "exact_match": 56.97478991596638,
        "f1": 73.68478572860094
    },
    "baseline_task_adapter": {
        "exact_match": 56.05042016806723,
        "f1": 72.94527630910618
    },
    "baseline_avg_adapter": {
        "exact_match": 52.52100840336134,
        "f1": 70.05160073034493
    },
    "baseline_closest_featural": {
        "exact_match": 54.87394957983193,
        "f1": 72.74115343528457
    },
    "no_train_gain": {
        "exact_match": 56.21848739495798,
        "f1": 73.6288513379111
    }
}