{
    "reconstructed_featural": {
        "exact_match": 56.134453781512605,
        "f1": 73.33419129700007
    }
}