{
    "reconstructed_featural": {
        "exact_match": 55.54621848739496,
        "f1": 72.94734319166457
    },
    "reconstructed_syntactic": {
        "exact_match": 55.378151260504204,
        "f1": 72.84180293634675
    },
    "reconstructed_morphological": {
        "exact_match": 55.294117647058826,
        "f1": 72.71625075468978
    }
}