{
    "reconstructed_featural": {
        "eval_loss": 2.838111639022827,
        "eval_model_preparation_time": 0.0287,
        "eval_precision": 0.31016042780748665,
        "eval_recall": 0.464,
        "eval_f1": 0.3717948717948718,
        "eval_accuracy": 0.6398671096345515,
        "eval_runtime": 0.3422,
        "eval_samples_per_second": 292.23,
        "eval_steps_per_second": 37.99
    },
    "baseline_en": {
        "eval_loss": 3.853419303894043,
        "eval_model_preparation_time": 0.0283,
        "eval_precision": 0.27380952380952384,
        "eval_recall": 0.368,
        "eval_f1": 0.31399317406143346,
        "eval_accuracy": 0.5893687707641196,
        "eval_runtime": 0.3397,
        "eval_samples_per_second": 294.414,
        "eval_steps_per_second": 38.274
    },
    "baseline_task_adapter": {
        "eval_loss": 2.3055334091186523,
        "eval_model_preparation_time": 0.0283,
        "eval_precision": 0.3103448275862069,
        "eval_recall": 0.432,
        "eval_f1": 0.3612040133779264,
        "eval_accuracy": 0.6903654485049834,
        "eval_runtime": 0.2967,
        "eval_samples_per_second": 337.028,
        "eval_steps_per_second": 43.814
    },
    "baseline_avg_adapter": {
        "eval_loss": 2.2174909114837646,
        "eval_model_preparation_time": 0.0287,
        "eval_precision": 0.37209302325581395,
        "eval_recall": 0.256,
        "eval_f1": 0.30331753554502366,
        "eval_accuracy": 0.762126245847176,
        "eval_runtime": 0.3437,
        "eval_samples_per_second": 290.922,
        "eval_steps_per_second": 37.82
    },
    "baseline_closest_featural": {
        "eval_loss": 2.7942588329315186,
        "eval_model_preparation_time": 0.0291,
        "eval_precision": 0.2804232804232804,
        "eval_recall": 0.424,
        "eval_f1": 0.3375796178343949,
        "eval_accuracy": 0.5980066445182725,
        "eval_runtime": 0.3468,
        "eval_samples_per_second": 288.362,
        "eval_steps_per_second": 37.487
    },
    "no_train_gain": {
        "eval_loss": 3.5018415451049805,
        "eval_model_preparation_time": 0.0295,
        "eval_precision": 0.24242424242424243,
        "eval_recall": 0.384,
        "eval_f1": 0.2972136222910217,
        "eval_accuracy": 0.5840531561461794,
        "eval_runtime": 0.3411,
        "eval_samples_per_second": 293.178,
        "eval_steps_per_second": 38.113
    }
}
