{
    "reconstructed_featural": {
        "eval_loss": 2.9154412746429443,
        "eval_model_preparation_time": 0.0279,
        "eval_precision": 0.29842931937172773,
        "eval_recall": 0.456,
        "eval_f1": 0.36075949367088606,
        "eval_accuracy": 0.6305647840531562,
        "eval_runtime": 0.3029,
        "eval_samples_per_second": 330.176,
        "eval_steps_per_second": 42.923
    }
}