{
    "reconstructed_featural": {
        "eval_loss": 3.016355037689209,
        "eval_model_preparation_time": 0.0281,
        "eval_precision": 0.2731707317073171,
        "eval_recall": 0.448,
        "eval_f1": 0.33939393939393947,
        "eval_accuracy": 0.6186046511627907,
        "eval_runtime": 0.3123,
        "eval_samples_per_second": 320.191,
        "eval_steps_per_second": 41.625
    }
}
