{
    "reconstructed_featural": {
        "eval_loss": 4.808812141418457,
        "eval_model_preparation_time": 0.0285,
        "eval_precision": 0.0,
        "eval_recall": 0.0,
        "eval_f1": 0.0,
        "eval_accuracy": 0.6743153219837158,
        "eval_runtime": 0.3485,
        "eval_samples_per_second": 286.91,
        "eval_steps_per_second": 37.298
    },
    "baseline_en": {
        "eval_loss": 5.584309101104736,
        "eval_model_preparation_time": 0.028,
        "eval_precision": 0.0,
        "eval_recall": 0.0,
        "eval_f1": 0.0,
        "eval_accuracy": 0.7017024426350851,
        "eval_runtime": 0.3419,
        "eval_samples_per_second": 292.496,
        "eval_steps_per_second": 38.024
    },
    "baseline_task_adapter": {
        "eval_loss": 4.06068754196167,
        "eval_model_preparation_time": 0.0286,
        "eval_precision": 0.0,
        "eval_recall": 0.0,
        "eval_f1": 0.0,
        "eval_accuracy": 0.6062176165803109,
        "eval_runtime": 0.3069,
        "eval_samples_per_second": 325.806,
        "eval_steps_per_second": 42.355
    },
    "baseline_avg_adapter": {
        "eval_loss": 4.6357550621032715,
        "eval_model_preparation_time": 0.0287,
        "eval_precision": 0.0,
        "eval_recall": 0.0,
        "eval_f1": 0.0,
        "eval_accuracy": 0.7031828275351591,
        "eval_runtime": 0.3422,
        "eval_samples_per_second": 292.244,
        "eval_steps_per_second": 37.992
    },
    "baseline_closest_featural": {
        "eval_loss": 4.038629531860352,
        "eval_model_preparation_time": 0.0293,
        "eval_precision": 0.005128205128205128,
        "eval_recall": 0.009345794392523364,
        "eval_f1": 0.00662251655629139,
        "eval_accuracy": 0.5677276091783864,
        "eval_runtime": 0.3595,
        "eval_samples_per_second": 278.151,
        "eval_steps_per_second": 36.16
    },
    "no_train_gain": {
        "eval_loss": 5.049746513366699,
        "eval_model_preparation_time": 0.0291,
        "eval_precision": 0.0,
        "eval_recall": 0.0,
        "eval_f1": 0.0,
        "eval_accuracy": 0.7017024426350851,
        "eval_runtime": 0.3467,
        "eval_samples_per_second": 288.473,
        "eval_steps_per_second": 37.501
    }
}
