{
    "reconstructed_featural": {
        "eval_loss": 1.149838924407959,
        "eval_model_preparation_time": 0.0282,
        "eval_precision": 0.6451474989311672,
        "eval_recall": 0.7443275238408418,
        "eval_f1": 0.6911978013588823,
        "eval_accuracy": 0.8862798285318997,
        "eval_runtime": 28.8854,
        "eval_samples_per_second": 346.196,
        "eval_steps_per_second": 43.275
    }
}
