{
    "reconstructed_featural": {
        "eval_loss": 2.278625011444092,
        "eval_model_preparation_time": 0.0311,
        "eval_accuracy": 0.8100110619469026,
        "eval_precision_macro": 0.595307255620706,
        "eval_recall_macro": 0.6492406833165931,
        "eval_f1_macro": 0.5963253039952273,
        "eval_precision_micro": 0.8100110619469026,
        "eval_recall_micro": 0.8100110619469026,
        "eval_f1_micro": 0.8100110619469026,
        "eval_runtime": 2.6172,
        "eval_samples_per_second": 174.231,
        "eval_steps_per_second": 21.779
    },
    "baseline_en": {
        "eval_loss": 2.3064591884613037,
        "eval_model_preparation_time": 0.0306,
        "eval_accuracy": 0.8103797935103245,
        "eval_precision_macro": 0.5949376241097837,
        "eval_recall_macro": 0.653814951157023,
        "eval_f1_macro": 0.597847295538689,
        "eval_precision_micro": 0.8103797935103245,
        "eval_recall_micro": 0.8103797935103245,
        "eval_f1_micro": 0.8103797935103245,
        "eval_runtime": 2.6021,
        "eval_samples_per_second": 175.243,
        "eval_steps_per_second": 21.905
    },
    "baseline_task_adapter": {
        "eval_loss": 2.1087446212768555,
        "eval_model_preparation_time": 0.0301,
        "eval_accuracy": 0.8198746312684366,
        "eval_precision_macro": 0.6048080986615542,
        "eval_recall_macro": 0.6523023475623528,
        "eval_f1_macro": 0.6023648845922351,
        "eval_precision_micro": 0.8198746312684366,
        "eval_recall_micro": 0.8198746312684366,
        "eval_f1_micro": 0.8198746312684366,
        "eval_runtime": 2.3871,
        "eval_samples_per_second": 191.026,
        "eval_steps_per_second": 23.878
    },
    "baseline_avg_adapter": {
        "eval_loss": 1.9152692556381226,
        "eval_model_preparation_time": 0.0299,
        "eval_accuracy": 0.8207964601769911,
        "eval_precision_macro": 0.590288873832353,
        "eval_recall_macro": 0.6487619994945178,
        "eval_f1_macro": 0.5959706090304366,
        "eval_precision_micro": 0.8207964601769911,
        "eval_recall_micro": 0.8207964601769911,
        "eval_f1_micro": 0.8207964601769911,
        "eval_runtime": 2.6081,
        "eval_samples_per_second": 174.838,
        "eval_steps_per_second": 21.855
    },
    "baseline_closest_featural": {
        "eval_loss": 2.285895824432373,
        "eval_model_preparation_time": 0.0302,
        "eval_accuracy": 0.7911135693215339,
        "eval_precision_macro": 0.5811517721727615,
        "eval_recall_macro": 0.6290387579374133,
        "eval_f1_macro": 0.5821139738921142,
        "eval_precision_micro": 0.7911135693215339,
        "eval_recall_micro": 0.7911135693215339,
        "eval_f1_micro": 0.7911135693215339,
        "eval_runtime": 2.6043,
        "eval_samples_per_second": 175.098,
        "eval_steps_per_second": 21.887
    },
    "no_train_gain": {
        "eval_loss": 2.2586638927459717,
        "eval_model_preparation_time": 0.0304,
        "eval_accuracy": 0.8098266961651918,
        "eval_precision_macro": 0.5971823272771515,
        "eval_recall_macro": 0.6492361322192773,
        "eval_f1_macro": 0.5972854833496481,
        "eval_precision_micro": 0.8098266961651918,
        "eval_recall_micro": 0.8098266961651918,
        "eval_f1_micro": 0.8098266961651918,
        "eval_runtime": 2.6055,
        "eval_samples_per_second": 175.016,
        "eval_steps_per_second": 21.877
    }
}