{
    "reconstructed_syntactic": {
        "eval_loss": 2.27748703956604,
        "eval_model_preparation_time": 0.0293,
        "eval_accuracy": 0.8101032448377581,
        "eval_precision_macro": 0.5951559058717799,
        "eval_recall_macro": 0.6493354634308411,
        "eval_f1_macro": 0.5962778426837847,
        "eval_precision_micro": 0.8101032448377581,
        "eval_recall_micro": 0.8101032448377581,
        "eval_f1_micro": 0.8101032448377581,
        "eval_runtime": 2.6046,
        "eval_samples_per_second": 175.074,
        "eval_steps_per_second": 21.884
    },
    "reconstructed_morphological": {
        "eval_loss": 2.2826387882232666,
        "eval_model_preparation_time": 0.028,
        "eval_accuracy": 0.809273598820059,
        "eval_precision_macro": 0.5946483579435982,
        "eval_recall_macro": 0.6490042438261149,
        "eval_f1_macro": 0.5958107314404784,
        "eval_precision_micro": 0.809273598820059,
        "eval_recall_micro": 0.809273598820059,
        "eval_f1_micro": 0.809273598820059,
        "eval_runtime": 2.5775,
        "eval_samples_per_second": 176.916,
        "eval_steps_per_second": 22.114
    },
    "baseline_en": {
        "eval_loss": 2.3064591884613037,
        "eval_model_preparation_time": 0.0277,
        "eval_accuracy": 0.8103797935103245,
        "eval_precision_macro": 0.5949376241097837,
        "eval_recall_macro": 0.653814951157023,
        "eval_f1_macro": 0.597847295538689,
        "eval_precision_micro": 0.8103797935103245,
        "eval_recall_micro": 0.8103797935103245,
        "eval_f1_micro": 0.8103797935103245,
        "eval_runtime": 2.5787,
        "eval_samples_per_second": 176.832,
        "eval_steps_per_second": 22.104
    },
    "baseline_task_adapter": {
        "eval_loss": 2.1087446212768555,
        "eval_model_preparation_time": 0.028,
        "eval_accuracy": 0.8198746312684366,
        "eval_precision_macro": 0.6048080986615542,
        "eval_recall_macro": 0.6523023475623528,
        "eval_f1_macro": 0.6023648845922351,
        "eval_precision_micro": 0.8198746312684366,
        "eval_recall_micro": 0.8198746312684366,
        "eval_f1_micro": 0.8198746312684366,
        "eval_runtime": 2.3722,
        "eval_samples_per_second": 192.225,
        "eval_steps_per_second": 24.028
    },
    "baseline_avg_adapter": {
        "eval_loss": 1.9152692556381226,
        "eval_model_preparation_time": 0.0296,
        "eval_accuracy": 0.8207964601769911,
        "eval_precision_macro": 0.590288873832353,
        "eval_recall_macro": 0.6487619994945178,
        "eval_f1_macro": 0.5959706090304366,
        "eval_precision_micro": 0.8207964601769911,
        "eval_recall_micro": 0.8207964601769911,
        "eval_f1_micro": 0.8207964601769911,
        "eval_runtime": 2.5843,
        "eval_samples_per_second": 176.453,
        "eval_steps_per_second": 22.057
    },
    "baseline_closest_syntactic": {
        "eval_loss": 2.285895824432373,
        "eval_model_preparation_time": 0.0276,
        "eval_accuracy": 0.7911135693215339,
        "eval_precision_macro": 0.5811517721727615,
        "eval_recall_macro": 0.6290387579374133,
        "eval_f1_macro": 0.5821139738921142,
        "eval_precision_micro": 0.7911135693215339,
        "eval_recall_micro": 0.7911135693215339,
        "eval_f1_micro": 0.7911135693215339,
        "eval_runtime": 2.5848,
        "eval_samples_per_second": 176.415,
        "eval_steps_per_second": 22.052
    },
    "baseline_closest_morphological": {
        "eval_loss": 2.285895824432373,
        "eval_model_preparation_time": 0.0273,
        "eval_accuracy": 0.7911135693215339,
        "eval_precision_macro": 0.5811517721727615,
        "eval_recall_macro": 0.6290387579374133,
        "eval_f1_macro": 0.5821139738921142,
        "eval_precision_micro": 0.7911135693215339,
        "eval_recall_micro": 0.7911135693215339,
        "eval_f1_micro": 0.7911135693215339,
        "eval_runtime": 3.3164,
        "eval_samples_per_second": 137.499,
        "eval_steps_per_second": 17.187
    },
    "no_train_gain": {
        "eval_loss": 2.2586638927459717,
        "eval_model_preparation_time": 0.0283,
        "eval_accuracy": 0.8098266961651918,
        "eval_precision_macro": 0.5971823272771515,
        "eval_recall_macro": 0.6492361322192773,
        "eval_f1_macro": 0.5972854833496481,
        "eval_precision_micro": 0.8098266961651918,
        "eval_recall_micro": 0.8098266961651918,
        "eval_f1_micro": 0.8098266961651918,
        "eval_runtime": 2.584,
        "eval_samples_per_second": 176.471,
        "eval_steps_per_second": 22.059
    }
}
