{
    "reconstructed_featural": {
        "exact_match": 54.45378151260504,
        "f1": 72.26362035208452
    },
    "reconstructed_syntactic": {
        "exact_match": 54.53781512605042,
        "f1": 72.32159569533187
    },
    "reconstructed_morphological": {
        "exact_match": 55.12605042016807,
        "f1": 72.7656696638744
    }
}
