{
    "reconstructed_featural": {
        "exact_match": 54.53781512605042,
        "f1": 72.14426509641656
    }
}