{
    "reconstructed_featural": {
        "exact_match": 54.78991596638655,
        "f1": 72.28712223927369
    }
}