{
    "reconstructed_featural": {
        "eval_loss": 0.29605987668037415,
        "eval_model_preparation_time": 0.0287,
        "eval_precision": 0.7625354777672658,
        "eval_recall": 0.8084252758274825,
        "eval_f1": 0.7848101265822784,
        "eval_accuracy": 0.9184852907034593,
        "eval_runtime": 31.2209,
        "eval_samples_per_second": 320.298,
        "eval_steps_per_second": 40.037
    },
    "baseline_en": {
        "eval_loss": 0.28575947880744934,
        "eval_model_preparation_time": 0.0277,
        "eval_precision": 0.8009715475364331,
        "eval_recall": 0.8269092993265511,
        "eval_f1": 0.8137337845459673,
        "eval_accuracy": 0.9235846240589035,
        "eval_runtime": 32.0091,
        "eval_samples_per_second": 312.411,
        "eval_steps_per_second": 39.051
    },
    "baseline_task_adapter": {
        "eval_loss": 0.33338773250579834,
        "eval_model_preparation_time": 0.0277,
        "eval_precision": 0.7202089892156206,
        "eval_recall": 0.7703109327983951,
        "eval_f1": 0.7444179042475855,
        "eval_accuracy": 0.9033531226161653,
        "eval_runtime": 28.096,
        "eval_samples_per_second": 355.923,
        "eval_steps_per_second": 44.49
    },
    "baseline_avg_adapter": {
        "eval_loss": 0.4353457987308502,
        "eval_model_preparation_time": 0.0297,
        "eval_precision": 0.6709598698481561,
        "eval_recall": 0.7091273821464393,
        "eval_f1": 0.6895158481365378,
        "eval_accuracy": 0.8750870617889954,
        "eval_runtime": 31.6629,
        "eval_samples_per_second": 315.827,
        "eval_steps_per_second": 39.478
    },
    "baseline_closest_featural": {
        "eval_loss": 0.28575947880744934,
        "eval_model_preparation_time": 0.0275,
        "eval_precision": 0.8009715475364331,
        "eval_recall": 0.8269092993265511,
        "eval_f1": 0.8137337845459673,
        "eval_accuracy": 0.9235846240589035,
        "eval_runtime": 31.6328,
        "eval_samples_per_second": 316.128,
        "eval_steps_per_second": 39.516
    },
    "no_train_gain": {
        "eval_loss": 0.2968541085720062,
        "eval_model_preparation_time": 0.0287,
        "eval_precision": 0.76042441035345,
        "eval_recall": 0.8061326837655824,
        "eval_f1": 0.7826117197009215,
        "eval_accuracy": 0.9169928028921097,
        "eval_runtime": 30.9132,
        "eval_samples_per_second": 323.487,
        "eval_steps_per_second": 40.436
    }
}