{
    "reconstructed_syntactic": {
        "eval_loss": 0.8268247842788696,
        "eval_model_preparation_time": 0.0282,
        "eval_precision": 0.7724522401250935,
        "eval_recall": 0.8140134689783637,
        "eval_f1": 0.7926884571109637,
        "eval_accuracy": 0.9109150608603364,
        "eval_runtime": 27.0517,
        "eval_samples_per_second": 369.662,
        "eval_steps_per_second": 46.208
    },
    "reconstructed_morphological": {
        "eval_loss": 0.8262246251106262,
        "eval_model_preparation_time": 0.0283,
        "eval_precision": 0.7728138174894601,
        "eval_recall": 0.8142283994841668,
        "eval_f1": 0.7929807423946413,
        "eval_accuracy": 0.9110145600477596,
        "eval_runtime": 26.191,
        "eval_samples_per_second": 381.811,
        "eval_steps_per_second": 47.726
    }
}