{
    "reconstructed_featural": {
        "eval_loss": 0.8257575035095215,
        "eval_model_preparation_time": 0.0291,
        "eval_precision": 0.7728693761043903,
        "eval_recall": 0.8147299039977074,
        "eval_f1": 0.7932477678571428,
        "eval_accuracy": 0.9112881828131737,
        "eval_runtime": 27.3234,
        "eval_samples_per_second": 365.986,
        "eval_steps_per_second": 45.748
    }
}
