{
    "reconstructed_featural": {
        "eval_loss": 0.8155878782272339,
        "eval_model_preparation_time": 0.0289,
        "eval_precision": 0.7769450878866331,
        "eval_recall": 0.8170224960596074,
        "eval_f1": 0.7964799553010197,
        "eval_accuracy": 0.9125402142549169,
        "eval_runtime": 27.8355,
        "eval_samples_per_second": 359.253,
        "eval_steps_per_second": 44.907
    },
    "reconstructed_syntactic": {
        "eval_loss": 0.8155032992362976,
        "eval_model_preparation_time": 0.0284,
        "eval_precision": 0.7772628135223555,
        "eval_recall": 0.8170224960596074,
        "eval_f1": 0.7966468739084877,
        "eval_accuracy": 0.9124655898643494,
        "eval_runtime": 28.6913,
        "eval_samples_per_second": 348.538,
        "eval_steps_per_second": 43.567
    },
    "reconstructed_morphological": {
        "eval_loss": 0.8092219829559326,
        "eval_model_preparation_time": 0.028,
        "eval_precision": 0.7936737647302047,
        "eval_recall": 0.8251182117781917,
        "eval_f1": 0.8090905897643051,
        "eval_accuracy": 0.9170342608868695,
        "eval_runtime": 27.9638,
        "eval_samples_per_second": 357.605,
        "eval_steps_per_second": 44.701
    }
}