{
    "reconstructed_featural": {
        "eval_loss": 0.8269845843315125,
        "eval_model_preparation_time": 0.0283,
        "eval_precision": 0.7713878326996197,
        "eval_recall": 0.8139418254764292,
        "eval_f1": 0.7920937042459736,
        "eval_accuracy": 0.9109150608603364,
        "eval_runtime": 31.2486,
        "eval_samples_per_second": 320.015,
        "eval_steps_per_second": 40.002
    },
    "baseline_en": {
        "eval_loss": 0.8006607294082642,
        "eval_model_preparation_time": 0.0279,
        "eval_precision": 0.8054842068726137,
        "eval_recall": 0.8312795529445479,
        "eval_f1": 0.8181786129817016,
        "eval_accuracy": 0.9210391031806574,
        "eval_runtime": 31.4238,
        "eval_samples_per_second": 318.23,
        "eval_steps_per_second": 39.779
    },
    "baseline_task_adapter": {
        "eval_loss": 0.9030148386955261,
        "eval_model_preparation_time": 0.0281,
        "eval_precision": 0.7383108606694841,
        "eval_recall": 0.7885083822897263,
        "eval_f1": 0.762584444829378,
        "eval_accuracy": 0.8987347019999337,
        "eval_runtime": 27.5068,
        "eval_samples_per_second": 363.546,
        "eval_steps_per_second": 45.443
    },
    "baseline_avg_adapter": {
        "eval_loss": 1.21123468875885,
        "eval_model_preparation_time": 0.0286,
        "eval_precision": 0.6819812847393232,
        "eval_recall": 0.6944404642498926,
        "eval_f1": 0.6881544851088,
        "eval_accuracy": 0.8535040297170906,
        "eval_runtime": 30.779,
        "eval_samples_per_second": 324.897,
        "eval_steps_per_second": 40.612
    },
    "baseline_closest_featural": {
        "eval_loss": 0.8006607294082642,
        "eval_model_preparation_time": 0.0291,
        "eval_precision": 0.8054842068726137,
        "eval_recall": 0.8312795529445479,
        "eval_f1": 0.8181786129817016,
        "eval_accuracy": 0.9210391031806574,
        "eval_runtime": 31.6666,
        "eval_samples_per_second": 315.79,
        "eval_steps_per_second": 39.474
    },
    "no_train_gain": {
        "eval_loss": 0.8171609044075012,
        "eval_model_preparation_time": 0.0291,
        "eval_precision": 0.7724217530042773,
        "eval_recall": 0.8150881215073793,
        "eval_f1": 0.7931815805068497,
        "eval_accuracy": 0.9119349275314251,
        "eval_runtime": 31.4193,
        "eval_samples_per_second": 318.275,
        "eval_steps_per_second": 39.784
    }
}