{
    "reconstructed_featural": {
        "eval_loss": 0.8255032300949097,
        "eval_model_preparation_time": 0.0289,
        "eval_precision": 0.7737131977969675,
        "eval_recall": 0.815231408511248,
        "eval_f1": 0.7939298796441654,
        "eval_accuracy": 0.9114540147922126,
        "eval_runtime": 27.1121,
        "eval_samples_per_second": 368.838,
        "eval_steps_per_second": 46.105
    }
}
