{
    "reconstructed_featural": {
        "eval_loss": 0.390400230884552,
        "eval_model_preparation_time": 0.0295,
        "eval_accuracy": 0.9644998347731671,
        "eval_precision_macro": 0.9051527107130433,
        "eval_recall_macro": 0.9176220711227723,
        "eval_f1_macro": 0.9087596450115794,
        "eval_precision_micro": 0.9644998347731671,
        "eval_recall_micro": 0.9644998347731671,
        "eval_f1_micro": 0.9644998347731671,
        "eval_runtime": 5.5785,
        "eval_samples_per_second": 179.26,
        "eval_steps_per_second": 22.408
    },
    "baseline_en": {
        "eval_loss": 0.40234753489494324,
        "eval_model_preparation_time": 0.0308,
        "eval_accuracy": 0.9647358731057923,
        "eval_precision_macro": 0.8611643531380913,
        "eval_recall_macro": 0.8699631598731786,
        "eval_f1_macro": 0.8626301496356735,
        "eval_precision_micro": 0.9647358731057923,
        "eval_recall_micro": 0.9647358731057923,
        "eval_f1_micro": 0.9647358731057923,
        "eval_runtime": 5.5541,
        "eval_samples_per_second": 180.046,
        "eval_steps_per_second": 22.506
    },
    "baseline_task_adapter": {
        "eval_loss": 0.3751220703125,
        "eval_model_preparation_time": 0.0305,
        "eval_accuracy": 0.964216588774017,
        "eval_precision_macro": 0.8658311496326787,
        "eval_recall_macro": 0.9133805146246751,
        "eval_f1_macro": 0.8835522282455375,
        "eval_precision_micro": 0.964216588774017,
        "eval_recall_micro": 0.964216588774017,
        "eval_f1_micro": 0.964216588774017,
        "eval_runtime": 5.0698,
        "eval_samples_per_second": 197.245,
        "eval_steps_per_second": 24.656
    },
    "baseline_avg_adapter": {
        "eval_loss": 0.3442673981189728,
        "eval_model_preparation_time": 0.0307,
        "eval_accuracy": 0.9603927677854883,
        "eval_precision_macro": 0.8002856372521384,
        "eval_recall_macro": 0.8518444339684188,
        "eval_f1_macro": 0.812851609830743,
        "eval_precision_micro": 0.9603927677854883,
        "eval_recall_micro": 0.9603927677854883,
        "eval_f1_micro": 0.9603927677854883,
        "eval_runtime": 5.5552,
        "eval_samples_per_second": 180.011,
        "eval_steps_per_second": 22.501
    },
    "baseline_closest_featural": {
        "eval_loss": 0.40234753489494324,
        "eval_model_preparation_time": 0.0314,
        "eval_accuracy": 0.9647358731057923,
        "eval_precision_macro": 0.8611643531380913,
        "eval_recall_macro": 0.8699631598731786,
        "eval_f1_macro": 0.8626301496356735,
        "eval_precision_micro": 0.9647358731057923,
        "eval_recall_micro": 0.9647358731057923,
        "eval_f1_micro": 0.9647358731057923,
        "eval_runtime": 5.5605,
        "eval_samples_per_second": 179.84,
        "eval_steps_per_second": 22.48
    },
    "no_train_gain": {
        "eval_loss": 0.39091137051582336,
        "eval_model_preparation_time": 0.0321,
        "eval_accuracy": 0.9644526271066421,
        "eval_precision_macro": 0.8952322342950143,
        "eval_recall_macro": 0.9138832774519217,
        "eval_f1_macro": 0.9033129059709629,
        "eval_precision_micro": 0.9644526271066421,
        "eval_recall_micro": 0.9644526271066421,
        "eval_f1_micro": 0.9644526271066421,
        "eval_runtime": 5.5459,
        "eval_samples_per_second": 180.312,
        "eval_steps_per_second": 22.539
    }
}
