{
    "reconstructed_featural": {
        "eval_loss": 0.39165857434272766,
        "eval_model_preparation_time": 0.0272,
        "eval_accuracy": 0.9647358731057923,
        "eval_precision_macro": 0.905404583747812,
        "eval_recall_macro": 0.9178381307488404,
        "eval_f1_macro": 0.9090130979191625,
        "eval_precision_micro": 0.9647358731057923,
        "eval_recall_micro": 0.9647358731057923,
        "eval_f1_micro": 0.9647358731057923,
        "eval_runtime": 5.2384,
        "eval_samples_per_second": 190.898,
        "eval_steps_per_second": 23.862
    }
}
