{
    "reconstructed_featural": {
        "eval_loss": 0.39105451107025146,
        "eval_model_preparation_time": 0.0289,
        "eval_accuracy": 0.9646886654392673,
        "eval_precision_macro": 0.905291870065512,
        "eval_recall_macro": 0.917823570469283,
        "eval_f1_macro": 0.9089320771399897,
        "eval_precision_micro": 0.9646886654392673,
        "eval_recall_micro": 0.9646886654392673,
        "eval_f1_micro": 0.9646886654392673,
        "eval_runtime": 5.2043,
        "eval_samples_per_second": 192.15,
        "eval_steps_per_second": 24.019
    }
}
