{
    "reconstructed_featural": {
        "exact_match": 73.4453781512605,
        "f1": 84.11895466958183
    },
    "baseline_en": {
        "exact_match": 72.94117647058823,
        "f1": 84.04736909120074
    },
    "baseline_task_adapter": {
        "exact_match": 72.52100840336135,
        "f1": 83.54568740630886
    },
    "baseline_avg_adapter": {
        "exact_match": 69.24369747899159,
        "f1": 80.92812515561346
    },
    "baseline_closest_featural": {
        "exact_match": 72.94117647058823,
        "f1": 84.04736909120074
    },
    "no_train_gain": {
        "exact_match": 72.52100840336135,
        "f1": 83.60559366907304
    }
}
