{
    "reconstructed_featural": {
        "exact_match": 73.52941176470588,
        "f1": 84.1422367096706
    },
    "reconstructed_syntactic": {
        "exact_match": 73.36134453781513,
        "f1": 84.14006115139024
    },
    "reconstructed_morphological": {
        "exact_match": 73.36134453781513,
        "f1": 84.0874147808991
    }
}
