{
    "reconstructed_featural": {
        "exact_match": 73.19327731092437,
        "f1": 83.94429023367172
    }
}
