{
    "reconstructed_featural": {
        "eval_loss": 2.076395034790039,
        "eval_model_preparation_time": 0.0292,
        "eval_precision": 0.5169902912621359,
        "eval_recall": 0.6513761467889908,
        "eval_f1": 0.5764546684709067,
        "eval_accuracy": 0.7796556612636002,
        "eval_runtime": 31.9042,
        "eval_samples_per_second": 313.438,
        "eval_steps_per_second": 39.18
    },
    "baseline_en": {
        "eval_loss": 2.306246757507324,
        "eval_model_preparation_time": 0.0278,
        "eval_precision": 0.5394291599234956,
        "eval_recall": 0.6407164700742682,
        "eval_f1": 0.5857262670234434,
        "eval_accuracy": 0.7785283618289579,
        "eval_runtime": 31.9115,
        "eval_samples_per_second": 313.367,
        "eval_steps_per_second": 39.171
    },
    "baseline_task_adapter": {
        "eval_loss": 2.357299566268921,
        "eval_model_preparation_time": 0.0284,
        "eval_precision": 0.47881561611538725,
        "eval_recall": 0.6033202271734381,
        "eval_f1": 0.5339055130286863,
        "eval_accuracy": 0.7516781389311151,
        "eval_runtime": 27.3676,
        "eval_samples_per_second": 365.395,
        "eval_steps_per_second": 45.674
    },
    "baseline_avg_adapter": {
        "eval_loss": 2.4631106853485107,
        "eval_model_preparation_time": 0.0285,
        "eval_precision": 0.4638245179550681,
        "eval_recall": 0.4581913499344692,
        "eval_f1": 0.4609907256823875,
        "eval_accuracy": 0.7180214186892582,
        "eval_runtime": 33.5275,
        "eval_samples_per_second": 298.263,
        "eval_steps_per_second": 37.283
    },
    "baseline_closest_featural": {
        "eval_loss": 2.7074131965637207,
        "eval_model_preparation_time": 0.0292,
        "eval_precision": 0.3464778186809759,
        "eval_recall": 0.4851900393184797,
        "eval_f1": 0.4042661619103087,
        "eval_accuracy": 0.6585222129229508,
        "eval_runtime": 34.897,
        "eval_samples_per_second": 286.558,
        "eval_steps_per_second": 35.82
    },
    "no_train_gain": {
        "eval_loss": 2.277700185775757,
        "eval_model_preparation_time": 0.0292,
        "eval_precision": 0.515696007830525,
        "eval_recall": 0.6444735692442114,
        "eval_f1": 0.572937703899332,
        "eval_accuracy": 0.767844637641553,
        "eval_runtime": 34.7598,
        "eval_samples_per_second": 287.689,
        "eval_steps_per_second": 35.961
    }
}