{
    "reconstructed_featural": {
        "eval_loss": 2.075573444366455,
        "eval_model_preparation_time": 0.0286,
        "eval_precision": 0.5180430256766134,
        "eval_recall": 0.6522498907820009,
        "eval_f1": 0.577451169986463,
        "eval_accuracy": 0.779954566416725,
        "eval_runtime": 26.1644,
        "eval_samples_per_second": 382.199,
        "eval_steps_per_second": 47.775
    }
}