{
    "reconstructed_featural": {
        "eval_loss": 1.500282883644104,
        "eval_model_preparation_time": 0.0273,
        "eval_precision": 0.6313888888888889,
        "eval_recall": 0.7415986949429038,
        "eval_f1": 0.6820705176294073,
        "eval_accuracy": 0.8179520198407021,
        "eval_runtime": 26.9164,
        "eval_samples_per_second": 371.52,
        "eval_steps_per_second": 46.44
    }
}