{
    "reconstructed_featural": {
        "eval_loss": 1.3593964576721191,
        "eval_model_preparation_time": 0.028,
        "eval_accuracy": 0.8763472549680027,
        "eval_precision_macro": 0.6593413685401844,
        "eval_recall_macro": 0.7040219189179459,
        "eval_f1_macro": 0.6731591811527357,
        "eval_precision_micro": 0.8763472549680027,
        "eval_recall_micro": 0.8763472549680027,
        "eval_f1_micro": 0.8763472549680027,
        "eval_runtime": 5.3401,
        "eval_samples_per_second": 187.261,
        "eval_steps_per_second": 23.408
    }
}
