{
    "reconstructed_featural": {
        "exact_match": 57.226890756302524,
        "f1": 75.37255482089566
    }
}
