{
    "reconstructed_featural": {
        "exact_match": 57.05882352941177,
        "f1": 75.3092491015856
    },
    "baseline_en": {
        "exact_match": 58.319327731092436,
        "f1": 75.96513255623552
    },
    "baseline_task_adapter": {
        "exact_match": 56.63865546218487,
        "f1": 75.12760484325418
    },
    "baseline_avg_adapter": {
        "exact_match": 54.03361344537815,
        "f1": 73.31166128780687
    },
    "baseline_closest_featural": {
        "exact_match": 57.73109243697479,
        "f1": 75.6998048320883
    },
    "no_train_gain": {
        "exact_match": 57.39495798319328,
        "f1": 75.35776866140273
    }
}
