{
    "reconstructed_featural": {
        "eval_loss": 1.0602244138717651,
        "eval_model_preparation_time": 0.0283,
        "eval_precision": 0.6009122006841505,
        "eval_recall": 0.6828390440541319,
        "eval_f1": 0.6392614057551047,
        "eval_accuracy": 0.8739686124120606,
        "eval_runtime": 27.5086,
        "eval_samples_per_second": 363.522,
        "eval_steps_per_second": 45.44
    }
}
