{
    "reconstructed_featural": {
        "eval_loss": 1.296047568321228,
        "eval_model_preparation_time": 0.0299,
        "eval_accuracy": 0.8432909658269274,
        "eval_precision_macro": 0.6499005532061115,
        "eval_recall_macro": 0.6533653839410669,
        "eval_f1_macro": 0.6443026834005547,
        "eval_precision_micro": 0.8432909658269274,
        "eval_recall_micro": 0.8432909658269274,
        "eval_f1_micro": 0.8432909658269274,
        "eval_runtime": 5.1092,
        "eval_samples_per_second": 178.696,
        "eval_steps_per_second": 22.508
    },
    "baseline_en": {
        "eval_loss": 1.7102038860321045,
        "eval_model_preparation_time": 0.0302,
        "eval_accuracy": 0.813760560164396,
        "eval_precision_macro": 0.6249639854276167,
        "eval_recall_macro": 0.623336488804186,
        "eval_f1_macro": 0.6157522816058526,
        "eval_precision_micro": 0.813760560164396,
        "eval_recall_micro": 0.813760560164396,
        "eval_f1_micro": 0.813760560164396,
        "eval_runtime": 5.0925,
        "eval_samples_per_second": 179.284,
        "eval_steps_per_second": 22.582
    },
    "baseline_task_adapter": {
        "eval_loss": 1.2114174365997314,
        "eval_model_preparation_time": 0.0297,
        "eval_accuracy": 0.8470964304741609,
        "eval_precision_macro": 0.6533336898609103,
        "eval_recall_macro": 0.6556105465611961,
        "eval_f1_macro": 0.6487350925865223,
        "eval_precision_micro": 0.8470964304741609,
        "eval_recall_micro": 0.8470964304741609,
        "eval_f1_micro": 0.8470964304741609,
        "eval_runtime": 4.6572,
        "eval_samples_per_second": 196.04,
        "eval_steps_per_second": 24.693
    },
    "baseline_avg_adapter": {
        "eval_loss": 1.2107102870941162,
        "eval_model_preparation_time": 0.0314,
        "eval_accuracy": 0.8384960803714133,
        "eval_precision_macro": 0.6805639723007861,
        "eval_recall_macro": 0.6779094924269412,
        "eval_f1_macro": 0.6702567768631189,
        "eval_precision_micro": 0.8384960803714133,
        "eval_recall_micro": 0.8384960803714133,
        "eval_f1_micro": 0.8384960803714133,
        "eval_runtime": 5.1056,
        "eval_samples_per_second": 178.823,
        "eval_steps_per_second": 22.524
    },
    "baseline_closest_featural": {
        "eval_loss": 1.1501026153564453,
        "eval_model_preparation_time": 0.031,
        "eval_accuracy": 0.8562295456275211,
        "eval_precision_macro": 0.6510895354637871,
        "eval_recall_macro": 0.6762402587512262,
        "eval_f1_macro": 0.6540714449247097,
        "eval_precision_micro": 0.8562295456275211,
        "eval_recall_micro": 0.8562295456275211,
        "eval_f1_micro": 0.8562295456275211,
        "eval_runtime": 5.0992,
        "eval_samples_per_second": 179.048,
        "eval_steps_per_second": 22.553
    },
    "no_train_gain": {
        "eval_loss": 1.2728526592254639,
        "eval_model_preparation_time": 0.0315,
        "eval_accuracy": 0.8480858512824416,
        "eval_precision_macro": 0.6566569178425751,
        "eval_recall_macro": 0.6590019446485952,
        "eval_f1_macro": 0.6504494961499279,
        "eval_precision_micro": 0.8480858512824416,
        "eval_recall_micro": 0.8480858512824416,
        "eval_f1_micro": 0.8480858512824416,
        "eval_runtime": 5.0927,
        "eval_samples_per_second": 179.276,
        "eval_steps_per_second": 22.581
    }
}