{
    "reconstructed_featural": {
        "eval_loss": 1.3309581279754639,
        "eval_model_preparation_time": 0.027,
        "eval_accuracy": 0.8399421569373621,
        "eval_precision_macro": 0.644085974681074,
        "eval_recall_macro": 0.6486563581741905,
        "eval_f1_macro": 0.6384989428857093,
        "eval_precision_micro": 0.8399421569373621,
        "eval_recall_micro": 0.8399421569373621,
        "eval_f1_micro": 0.8399421569373621,
        "eval_runtime": 4.77,
        "eval_samples_per_second": 191.404,
        "eval_steps_per_second": 24.109
    }
}