{
    "reconstructed_featural": {
        "eval_loss": 1.5400737524032593,
        "eval_model_preparation_time": 0.0318,
        "eval_precision": 0.42795952240723883,
        "eval_recall": 0.5938777026525002,
        "eval_f1": 0.4974483445357232,
        "eval_accuracy": 0.8039625991514481,
        "eval_runtime": 37.6569,
        "eval_samples_per_second": 265.556,
        "eval_steps_per_second": 33.194
    },
    "baseline_en": {
        "eval_loss": 1.864019513130188,
        "eval_model_preparation_time": 0.0307,
        "eval_precision": 0.4051724137931034,
        "eval_recall": 0.5377814102087822,
        "eval_f1": 0.46215241196564827,
        "eval_accuracy": 0.7860749861649142,
        "eval_runtime": 36.9303,
        "eval_samples_per_second": 270.781,
        "eval_steps_per_second": 33.848
    },
    "baseline_task_adapter": {
        "eval_loss": 1.527769684791565,
        "eval_model_preparation_time": 0.0309,
        "eval_precision": 0.4019136169522677,
        "eval_recall": 0.5524184560517126,
        "eval_f1": 0.465298203892609,
        "eval_accuracy": 0.8003424183729939,
        "eval_runtime": 33.2696,
        "eval_samples_per_second": 300.575,
        "eval_steps_per_second": 37.572
    },
    "baseline_avg_adapter": {
        "eval_loss": 1.7036958932876587,
        "eval_model_preparation_time": 0.0305,
        "eval_precision": 0.4196201585165246,
        "eval_recall": 0.41697005721078834,
        "eval_f1": 0.4182909104460925,
        "eval_accuracy": 0.7847606530160487,
        "eval_runtime": 36.8275,
        "eval_samples_per_second": 271.536,
        "eval_steps_per_second": 33.942
    },
    "baseline_closest_featural": {
        "eval_loss": 1.4685050249099731,
        "eval_model_preparation_time": 0.0321,
        "eval_precision": 0.4106448887637285,
        "eval_recall": 0.5417192956386061,
        "eval_f1": 0.4671621708207855,
        "eval_accuracy": 0.8086838221730308,
        "eval_runtime": 37.7814,
        "eval_samples_per_second": 264.68,
        "eval_steps_per_second": 33.085
    },
    "no_train_gain": {
        "eval_loss": 1.5637123584747314,
        "eval_model_preparation_time": 0.0316,
        "eval_precision": 0.42575544243474495,
        "eval_recall": 0.584144438665577,
        "eval_f1": 0.4925293657008614,
        "eval_accuracy": 0.8015587529976019,
        "eval_runtime": 37.0933,
        "eval_samples_per_second": 269.591,
        "eval_steps_per_second": 33.699
    }
}