{
    "reconstructed_featural": {
        "eval_loss": 1.573988437652588,
        "eval_model_preparation_time": 0.0279,
        "eval_precision": 0.42854889589905365,
        "eval_recall": 0.6056170592168809,
        "eval_f1": 0.5019243203300594,
        "eval_accuracy": 0.8017086330935251,
        "eval_runtime": 32.0914,
        "eval_samples_per_second": 311.61,
        "eval_steps_per_second": 38.951
    }
}