{
    "reconstructed_featural": {
        "eval_loss": 2.689525842666626,
        "eval_model_preparation_time": 0.0276,
        "eval_accuracy": 0.7233117256092557,
        "eval_precision_macro": 0.4566693793354891,
        "eval_recall_macro": 0.4203398567735119,
        "eval_f1_macro": 0.3910625457863719,
        "eval_precision_micro": 0.7233117256092557,
        "eval_recall_micro": 0.7233117256092557,
        "eval_f1_micro": 0.7233117256092557,
        "eval_runtime": 9.294,
        "eval_samples_per_second": 193.566,
        "eval_steps_per_second": 24.209
    }
}