{
    "reconstructed_featural": {
        "eval_loss": 2.588472843170166,
        "eval_model_preparation_time": 0.031,
        "eval_accuracy": 0.7302863707229015,
        "eval_precision_macro": 0.4716379368324076,
        "eval_recall_macro": 0.43562212138782974,
        "eval_f1_macro": 0.40101794766892773,
        "eval_precision_micro": 0.7302863707229015,
        "eval_recall_micro": 0.7302863707229015,
        "eval_f1_micro": 0.7302863707229015,
        "eval_runtime": 9.5333,
        "eval_samples_per_second": 188.707,
        "eval_steps_per_second": 23.601
    },
    "baseline_en": {
        "eval_loss": 3.2705588340759277,
        "eval_model_preparation_time": 0.0311,
        "eval_accuracy": 0.6853614507261836,
        "eval_precision_macro": 0.41496484225629165,
        "eval_recall_macro": 0.3776424809979124,
        "eval_f1_macro": 0.35945255793546377,
        "eval_precision_micro": 0.6853614507261836,
        "eval_recall_micro": 0.6853614507261836,
        "eval_f1_micro": 0.6853614507261836,
        "eval_runtime": 9.4826,
        "eval_samples_per_second": 189.717,
        "eval_steps_per_second": 23.728
    },
    "baseline_task_adapter": {
        "eval_loss": 2.348642587661743,
        "eval_model_preparation_time": 0.0302,
        "eval_accuracy": 0.74271764995487,
        "eval_precision_macro": 0.4806856408183524,
        "eval_recall_macro": 0.4364858639225855,
        "eval_f1_macro": 0.4102475552780975,
        "eval_precision_micro": 0.74271764995487,
        "eval_recall_micro": 0.74271764995487,
        "eval_f1_micro": 0.74271764995487,
        "eval_runtime": 8.6334,
        "eval_samples_per_second": 208.377,
        "eval_steps_per_second": 26.062
    },
    "baseline_avg_adapter": {
        "eval_loss": 2.3652830123901367,
        "eval_model_preparation_time": 0.0304,
        "eval_accuracy": 0.7151062607696727,
        "eval_precision_macro": 0.44740007332670156,
        "eval_recall_macro": 0.4077645779093408,
        "eval_f1_macro": 0.382849036752131,
        "eval_precision_micro": 0.7151062607696727,
        "eval_recall_micro": 0.7151062607696727,
        "eval_f1_micro": 0.7151062607696727,
        "eval_runtime": 9.4898,
        "eval_samples_per_second": 189.571,
        "eval_steps_per_second": 23.71
    },
    "baseline_closest_featural": {
        "eval_loss": 2.2837393283843994,
        "eval_model_preparation_time": 0.0308,
        "eval_accuracy": 0.7576926232871092,
        "eval_precision_macro": 0.49533652984475574,
        "eval_recall_macro": 0.45134810384447366,
        "eval_f1_macro": 0.4295691582620398,
        "eval_precision_micro": 0.7576926232871092,
        "eval_recall_micro": 0.7576926232871092,
        "eval_f1_micro": 0.7576926232871092,
        "eval_runtime": 9.4896,
        "eval_samples_per_second": 189.575,
        "eval_steps_per_second": 23.71
    },
    "no_train_gain": {
        "eval_loss": 2.50889253616333,
        "eval_model_preparation_time": 0.0305,
        "eval_accuracy": 0.7414868302289325,
        "eval_precision_macro": 0.4884020332746932,
        "eval_recall_macro": 0.44333823759771324,
        "eval_f1_macro": 0.4143198171015705,
        "eval_precision_micro": 0.7414868302289325,
        "eval_recall_micro": 0.7414868302289325,
        "eval_f1_micro": 0.7414868302289325,
        "eval_runtime": 9.4843,
        "eval_samples_per_second": 189.683,
        "eval_steps_per_second": 23.724
    }
}