{
    "reconstructed_featural": {
        "eval_loss": 1.732987880706787,
        "eval_model_preparation_time": 0.0275,
        "eval_precision": 0.2789473684210526,
        "eval_recall": 0.48623853211009177,
        "eval_f1": 0.3545150501672241,
        "eval_accuracy": 0.7905405405405406,
        "eval_runtime": 0.3733,
        "eval_samples_per_second": 267.874,
        "eval_steps_per_second": 34.824
    }
}
