{
    "reconstructed_featural": {
        "eval_loss": 2.9528982639312744,
        "eval_model_preparation_time": 0.0288,
        "eval_accuracy": 0.7229297384605827,
        "eval_precision_macro": 0.6518773917636166,
        "eval_recall_macro": 0.6403596607847466,
        "eval_f1_macro": 0.6318905700797848,
        "eval_precision_micro": 0.7229297384605827,
        "eval_recall_micro": 0.7229297384605827,
        "eval_f1_micro": 0.7229297384605827,
        "eval_runtime": 3.2624,
        "eval_samples_per_second": 183.914,
        "eval_steps_per_second": 22.989
    },
    "reconstructed_syntactic": {
        "eval_loss": 2.9528982639312744,
        "eval_model_preparation_time": 0.0295,
        "eval_accuracy": 0.7229297384605827,
        "eval_precision_macro": 0.6518773917636166,
        "eval_recall_macro": 0.6403596607847466,
        "eval_f1_macro": 0.6318905700797848,
        "eval_precision_micro": 0.7229297384605827,
        "eval_recall_micro": 0.7229297384605827,
        "eval_f1_micro": 0.7229297384605827,
        "eval_runtime": 3.2726,
        "eval_samples_per_second": 183.342,
        "eval_steps_per_second": 22.918
    },
    "reconstructed_morphological": {
        "eval_loss": 2.9528982639312744,
        "eval_model_preparation_time": 0.0299,
        "eval_accuracy": 0.7229297384605827,
        "eval_precision_macro": 0.6518773917636166,
        "eval_recall_macro": 0.6403596607847466,
        "eval_f1_macro": 0.6318905700797848,
        "eval_precision_micro": 0.7229297384605827,
        "eval_recall_micro": 0.7229297384605827,
        "eval_f1_micro": 0.7229297384605827,
        "eval_runtime": 3.2779,
        "eval_samples_per_second": 183.043,
        "eval_steps_per_second": 22.88
    }
}