{
    "reconstructed_featural": {
        "eval_loss": 0.9820691347122192,
        "eval_model_preparation_time": 0.0282,
        "eval_precision": 0.6188253833565671,
        "eval_recall": 0.7015253538546105,
        "eval_f1": 0.6575854184780859,
        "eval_accuracy": 0.8825938524260054,
        "eval_runtime": 27.4064,
        "eval_samples_per_second": 364.878,
        "eval_steps_per_second": 45.61
    }
}
