{
    "reconstructed_featural": {
        "eval_loss": 0.9778693318367004,
        "eval_model_preparation_time": 0.03,
        "eval_precision": 0.6196773019531724,
        "eval_recall": 0.7019376116531538,
        "eval_f1": 0.6582474226804124,
        "eval_accuracy": 0.8829656065478293,
        "eval_runtime": 32.252,
        "eval_samples_per_second": 310.059,
        "eval_steps_per_second": 38.757
    },
    "baseline_en": {
        "eval_loss": 1.1362593173980713,
        "eval_model_preparation_time": 0.03,
        "eval_precision": 0.6199198273203823,
        "eval_recall": 0.690669231826302,
        "eval_f1": 0.6533849003867529,
        "eval_accuracy": 0.875425193776836,
        "eval_runtime": 32.2534,
        "eval_samples_per_second": 310.045,
        "eval_steps_per_second": 38.756
    },
    "baseline_task_adapter": {
        "eval_loss": 0.9761208295822144,
        "eval_model_preparation_time": 0.0295,
        "eval_precision": 0.597796476784309,
        "eval_recall": 0.678507626769273,
        "eval_f1": 0.6356000386187365,
        "eval_accuracy": 0.8777176775280829,
        "eval_runtime": 28.4696,
        "eval_samples_per_second": 351.252,
        "eval_steps_per_second": 43.906
    },
    "baseline_avg_adapter": {
        "eval_loss": 1.0986194610595703,
        "eval_model_preparation_time": 0.0308,
        "eval_precision": 0.5895560223075251,
        "eval_recall": 0.5592964133571526,
        "eval_f1": 0.5740277141144529,
        "eval_accuracy": 0.8582253697404537,
        "eval_runtime": 32.2805,
        "eval_samples_per_second": 309.784,
        "eval_steps_per_second": 38.723
    },
    "baseline_closest_featural": {
        "eval_loss": 0.988623321056366,
        "eval_model_preparation_time": 0.0303,
        "eval_precision": 0.5849701640974639,
        "eval_recall": 0.6466263570152535,
        "eval_f1": 0.6142549441942431,
        "eval_accuracy": 0.8764165381016995,
        "eval_runtime": 32.3094,
        "eval_samples_per_second": 309.507,
        "eval_steps_per_second": 38.688
    },
    "no_train_gain": {
        "eval_loss": 0.9962050914764404,
        "eval_model_preparation_time": 0.0305,
        "eval_precision": 0.6093477082454978,
        "eval_recall": 0.6951353579771884,
        "eval_f1": 0.6494206759315723,
        "eval_accuracy": 0.8813113007057133,
        "eval_runtime": 32.3983,
        "eval_samples_per_second": 308.658,
        "eval_steps_per_second": 38.582
    }
}