{
    "reconstructed_featural": {
        "eval_loss": 0.9884810447692871,
        "eval_model_preparation_time": 0.0284,
        "eval_precision": 0.6163149301566185,
        "eval_recall": 0.7002885804589803,
        "eval_f1": 0.6556238139654563,
        "eval_accuracy": 0.8819432827128137,
        "eval_runtime": 27.6859,
        "eval_samples_per_second": 361.195,
        "eval_steps_per_second": 45.149
    }
}