{
    "reconstructed_featural": {
        "eval_loss": 1.1069867610931396,
        "eval_model_preparation_time": 0.0276,
        "eval_accuracy": 0.8757102272727273,
        "eval_precision_macro": 0.6292552502339872,
        "eval_recall_macro": 0.638300096932503,
        "eval_f1_macro": 0.6268793460543618,
        "eval_precision_micro": 0.8757102272727273,
        "eval_recall_micro": 0.8757102272727273,
        "eval_f1_micro": 0.8757102272727273,
        "eval_runtime": 8.3223,
        "eval_samples_per_second": 186.848,
        "eval_steps_per_second": 23.431
    },
    "reconstructed_syntactic": {
        "eval_loss": 1.1002428531646729,
        "eval_model_preparation_time": 0.0282,
        "eval_accuracy": 0.8767045454545455,
        "eval_precision_macro": 0.6250987899881003,
        "eval_recall_macro": 0.6281195604437709,
        "eval_f1_macro": 0.6202753214037556,
        "eval_precision_micro": 0.8767045454545455,
        "eval_recall_micro": 0.8767045454545455,
        "eval_f1_micro": 0.8767045454545455,
        "eval_runtime": 8.3091,
        "eval_samples_per_second": 187.145,
        "eval_steps_per_second": 23.468
    },
    "reconstructed_morphological": {
        "eval_loss": 1.1355375051498413,
        "eval_model_preparation_time": 0.0284,
        "eval_accuracy": 0.8733901515151515,
        "eval_precision_macro": 0.6236637464773123,
        "eval_recall_macro": 0.6415487473252663,
        "eval_f1_macro": 0.6246231852653847,
        "eval_precision_micro": 0.8733901515151515,
        "eval_recall_micro": 0.8733901515151515,
        "eval_f1_micro": 0.8733901515151515,
        "eval_runtime": 8.3161,
        "eval_samples_per_second": 186.986,
        "eval_steps_per_second": 23.448
    }
}