{
    "reconstructed_featural": {
        "eval_loss": 1.1240485906600952,
        "eval_model_preparation_time": 0.0286,
        "eval_accuracy": 0.8745738636363637,
        "eval_precision_macro": 0.6261046949178521,
        "eval_recall_macro": 0.6273714872965456,
        "eval_f1_macro": 0.620157916280354,
        "eval_precision_micro": 0.8745738636363637,
        "eval_recall_micro": 0.8745738636363637,
        "eval_f1_micro": 0.8745738636363637,
        "eval_runtime": 8.252,
        "eval_samples_per_second": 188.439,
        "eval_steps_per_second": 23.631
    },
    "reconstructed_syntactic": {
        "eval_loss": 1.121758222579956,
        "eval_model_preparation_time": 0.0301,
        "eval_accuracy": 0.8753314393939394,
        "eval_precision_macro": 0.6269174900135253,
        "eval_recall_macro": 0.6313987786254298,
        "eval_f1_macro": 0.6226152205700327,
        "eval_precision_micro": 0.8753314393939394,
        "eval_recall_micro": 0.8753314393939394,
        "eval_f1_micro": 0.8753314393939394,
        "eval_runtime": 8.2215,
        "eval_samples_per_second": 189.139,
        "eval_steps_per_second": 23.718
    },
    "reconstructed_morphological": {
        "eval_loss": 1.126625418663025,
        "eval_model_preparation_time": 0.029,
        "eval_accuracy": 0.8746212121212121,
        "eval_precision_macro": 0.6282361889140256,
        "eval_recall_macro": 0.633164814616483,
        "eval_f1_macro": 0.6242287137751625,
        "eval_precision_micro": 0.8746212121212121,
        "eval_recall_micro": 0.8746212121212121,
        "eval_f1_micro": 0.8746212121212121,
        "eval_runtime": 8.2279,
        "eval_samples_per_second": 188.992,
        "eval_steps_per_second": 23.7
    }
}