{
    "reconstructed_syntactic": {
        "eval_loss": 1.1241847276687622,
        "eval_model_preparation_time": 0.0284,
        "eval_accuracy": 0.8746212121212121,
        "eval_precision_macro": 0.6261831064937252,
        "eval_recall_macro": 0.6274540352210689,
        "eval_f1_macro": 0.6202540317250087,
        "eval_precision_micro": 0.8746212121212121,
        "eval_recall_micro": 0.8746212121212121,
        "eval_f1_micro": 0.8746212121212121,
        "eval_runtime": 8.5864,
        "eval_samples_per_second": 181.101,
        "eval_steps_per_second": 22.71
    },
    "reconstructed_morphological": {
        "eval_loss": 1.1264920234680176,
        "eval_model_preparation_time": 0.0296,
        "eval_accuracy": 0.8742897727272727,
        "eval_precision_macro": 0.6260434991084292,
        "eval_recall_macro": 0.6270033940901703,
        "eval_f1_macro": 0.6198777310227805,
        "eval_precision_micro": 0.8742897727272727,
        "eval_recall_micro": 0.8742897727272727,
        "eval_f1_micro": 0.8742897727272727,
        "eval_runtime": 8.596,
        "eval_samples_per_second": 180.898,
        "eval_steps_per_second": 22.685
    },
    "baseline_en": {
        "eval_loss": 1.221838116645813,
        "eval_model_preparation_time": 0.0281,
        "eval_accuracy": 0.8664772727272727,
        "eval_precision_macro": 0.6138022078214029,
        "eval_recall_macro": 0.6276395328734887,
        "eval_f1_macro": 0.6145286265820965,
        "eval_precision_micro": 0.8664772727272727,
        "eval_recall_micro": 0.8664772727272727,
        "eval_f1_micro": 0.8664772727272727,
        "eval_runtime": 8.6455,
        "eval_samples_per_second": 179.862,
        "eval_steps_per_second": 22.555
    },
    "baseline_task_adapter": {
        "eval_loss": 1.0627046823501587,
        "eval_model_preparation_time": 0.0274,
        "eval_accuracy": 0.8746212121212121,
        "eval_precision_macro": 0.6316249941806965,
        "eval_recall_macro": 0.6302944541914773,
        "eval_f1_macro": 0.624464605729075,
        "eval_precision_micro": 0.8746212121212121,
        "eval_recall_micro": 0.8746212121212121,
        "eval_f1_micro": 0.8746212121212121,
        "eval_runtime": 7.8842,
        "eval_samples_per_second": 197.23,
        "eval_steps_per_second": 24.733
    },
    "baseline_avg_adapter": {
        "eval_loss": 1.0218925476074219,
        "eval_model_preparation_time": 0.0288,
        "eval_accuracy": 0.8705492424242425,
        "eval_precision_macro": 0.6149506394024492,
        "eval_recall_macro": 0.6058055032955959,
        "eval_f1_macro": 0.601117925378251,
        "eval_precision_micro": 0.8705492424242425,
        "eval_recall_micro": 0.8705492424242425,
        "eval_f1_micro": 0.8705492424242425,
        "eval_runtime": 8.6297,
        "eval_samples_per_second": 180.191,
        "eval_steps_per_second": 22.596
    },
    "baseline_closest_syntactic": {
        "eval_loss": 1.4291108846664429,
        "eval_model_preparation_time": 0.0277,
        "eval_accuracy": 0.8127367424242424,
        "eval_precision_macro": 0.5526652467813815,
        "eval_recall_macro": 0.5731049211714425,
        "eval_f1_macro": 0.5364026315464352,
        "eval_precision_micro": 0.8127367424242424,
        "eval_recall_micro": 0.8127367424242424,
        "eval_f1_micro": 0.8127367424242424,
        "eval_runtime": 8.6453,
        "eval_samples_per_second": 179.866,
        "eval_steps_per_second": 22.556
    },
    "baseline_closest_morphological": {
        "eval_loss": 1.104087233543396,
        "eval_model_preparation_time": 0.0279,
        "eval_accuracy": 0.8671401515151516,
        "eval_precision_macro": 0.6070506855915672,
        "eval_recall_macro": 0.6381260386483172,
        "eval_f1_macro": 0.611554006333757,
        "eval_precision_micro": 0.8671401515151516,
        "eval_recall_micro": 0.8671401515151516,
        "eval_f1_micro": 0.8671401515151516,
        "eval_runtime": 9.3765,
        "eval_samples_per_second": 165.841,
        "eval_steps_per_second": 20.797
    },
    "no_train_gain": {
        "eval_loss": 1.1031686067581177,
        "eval_model_preparation_time": 0.0281,
        "eval_accuracy": 0.8772727272727273,
        "eval_precision_macro": 0.6292816207896631,
        "eval_recall_macro": 0.636779197790133,
        "eval_f1_macro": 0.6262424354130991,
        "eval_precision_micro": 0.8772727272727273,
        "eval_recall_micro": 0.8772727272727273,
        "eval_f1_micro": 0.8772727272727273,
        "eval_runtime": 8.647,
        "eval_samples_per_second": 179.832,
        "eval_steps_per_second": 22.551
    }
}
