{
    "reconstructed_featural": {
        "eval_loss": 1.446804404258728,
        "eval_model_preparation_time": 0.029,
        "eval_precision": 0.5833333333333334,
        "eval_recall": 0.7,
        "eval_f1": 0.6363636363636365,
        "eval_accuracy": 0.8383005707038681,
        "eval_runtime": 0.3168,
        "eval_samples_per_second": 315.674,
        "eval_steps_per_second": 41.038
    }
}
