{
    "reconstructed_featural": {
        "eval_loss": 1.439063549041748,
        "eval_model_preparation_time": 0.0316,
        "eval_precision": 0.5793103448275863,
        "eval_recall": 0.7,
        "eval_f1": 0.6339622641509434,
        "eval_accuracy": 0.8357641090678504,
        "eval_runtime": 0.4554,
        "eval_samples_per_second": 219.57,
        "eval_steps_per_second": 28.544
    },
    "baseline_en": {
        "eval_loss": 1.664890170097351,
        "eval_model_preparation_time": 0.0276,
        "eval_precision": 0.49019607843137253,
        "eval_recall": 0.625,
        "eval_f1": 0.5494505494505494,
        "eval_accuracy": 0.8034242232086239,
        "eval_runtime": 0.3138,
        "eval_samples_per_second": 318.703,
        "eval_steps_per_second": 41.431
    },
    "baseline_task_adapter": {
        "eval_loss": 1.2271894216537476,
        "eval_model_preparation_time": 0.0279,
        "eval_precision": 0.5448275862068965,
        "eval_recall": 0.6583333333333333,
        "eval_f1": 0.5962264150943396,
        "eval_accuracy": 0.8516169942929613,
        "eval_runtime": 0.2589,
        "eval_samples_per_second": 386.217,
        "eval_steps_per_second": 50.208
    },
    "baseline_avg_adapter": {
        "eval_loss": 1.7004863023757935,
        "eval_model_preparation_time": 0.0298,
        "eval_precision": 0.5454545454545454,
        "eval_recall": 0.4,
        "eval_f1": 0.4615384615384615,
        "eval_accuracy": 0.8243500317057705,
        "eval_runtime": 0.3066,
        "eval_samples_per_second": 326.165,
        "eval_steps_per_second": 42.401
    },
    "baseline_closest_featural": {
        "eval_loss": 1.4764021635055542,
        "eval_model_preparation_time": 0.0273,
        "eval_precision": 0.49640287769784175,
        "eval_recall": 0.575,
        "eval_f1": 0.5328185328185328,
        "eval_accuracy": 0.8186429930247305,
        "eval_runtime": 0.3052,
        "eval_samples_per_second": 327.689,
        "eval_steps_per_second": 42.6
    },
    "no_train_gain": {
        "eval_loss": 1.403863549232483,
        "eval_model_preparation_time": 0.0294,
        "eval_precision": 0.5369127516778524,
        "eval_recall": 0.6666666666666666,
        "eval_f1": 0.5947955390334572,
        "eval_accuracy": 0.8319594166138237,
        "eval_runtime": 0.3086,
        "eval_samples_per_second": 324.032,
        "eval_steps_per_second": 42.124
    }
}