{
    "reconstructed_syntactic": {
        "eval_loss": 1.6871918439865112,
        "eval_model_preparation_time": 0.0282,
        "eval_accuracy": 0.8190361927614477,
        "eval_precision_macro": 0.6083399618207107,
        "eval_recall_macro": 0.5625325457058721,
        "eval_f1_macro": 0.5738927758098877,
        "eval_precision_micro": 0.8190361927614477,
        "eval_recall_micro": 0.8190361927614477,
        "eval_f1_micro": 0.8190361927614477,
        "eval_runtime": 6.6253,
        "eval_samples_per_second": 182.33,
        "eval_steps_per_second": 22.791
    },
    "reconstructed_morphological": {
        "eval_loss": 1.7012518644332886,
        "eval_model_preparation_time": 0.0286,
        "eval_accuracy": 0.8183363327334533,
        "eval_precision_macro": 0.6093738319311623,
        "eval_recall_macro": 0.5624191729999992,
        "eval_f1_macro": 0.5743146674255213,
        "eval_precision_micro": 0.8183363327334533,
        "eval_recall_micro": 0.8183363327334533,
        "eval_f1_micro": 0.8183363327334533,
        "eval_runtime": 6.6234,
        "eval_samples_per_second": 182.384,
        "eval_steps_per_second": 22.798
    },
    "baseline_en": {
        "eval_loss": 2.004195213317871,
        "eval_model_preparation_time": 0.0278,
        "eval_accuracy": 0.8021395720855828,
        "eval_precision_macro": 0.601607288730657,
        "eval_recall_macro": 0.5342696134274593,
        "eval_f1_macro": 0.5494907771671659,
        "eval_precision_micro": 0.8021395720855828,
        "eval_recall_micro": 0.8021395720855828,
        "eval_f1_micro": 0.8021395720855828,
        "eval_runtime": 6.6248,
        "eval_samples_per_second": 182.345,
        "eval_steps_per_second": 22.793
    },
    "baseline_task_adapter": {
        "eval_loss": 1.5967886447906494,
        "eval_model_preparation_time": 0.0275,
        "eval_accuracy": 0.81873625274945,
        "eval_precision_macro": 0.6003203986825492,
        "eval_recall_macro": 0.5579813134460687,
        "eval_f1_macro": 0.5676850317039306,
        "eval_precision_micro": 0.81873625274945,
        "eval_recall_micro": 0.81873625274945,
        "eval_f1_micro": 0.81873625274945,
        "eval_runtime": 6.0571,
        "eval_samples_per_second": 199.437,
        "eval_steps_per_second": 24.93
    },
    "baseline_avg_adapter": {
        "eval_loss": 1.515407919883728,
        "eval_model_preparation_time": 0.0287,
        "eval_accuracy": 0.8148370325934813,
        "eval_precision_macro": 0.6081244225762945,
        "eval_recall_macro": 0.5405267306896802,
        "eval_f1_macro": 0.5610277712549198,
        "eval_precision_micro": 0.8148370325934813,
        "eval_recall_micro": 0.8148370325934813,
        "eval_f1_micro": 0.8148370325934813,
        "eval_runtime": 6.6193,
        "eval_samples_per_second": 182.497,
        "eval_steps_per_second": 22.812
    },
    "baseline_closest_syntactic": {
        "eval_loss": 1.927625060081482,
        "eval_model_preparation_time": 0.0281,
        "eval_accuracy": 0.7903419316136773,
        "eval_precision_macro": 0.5826042112083454,
        "eval_recall_macro": 0.5203471506672561,
        "eval_f1_macro": 0.5339008168304333,
        "eval_precision_micro": 0.7903419316136773,
        "eval_recall_micro": 0.7903419316136773,
        "eval_f1_micro": 0.7903419316136773,
        "eval_runtime": 6.647,
        "eval_samples_per_second": 181.737,
        "eval_steps_per_second": 22.717
    },
    "baseline_closest_morphological": {
        "eval_loss": 1.3922772407531738,
        "eval_model_preparation_time": 0.0275,
        "eval_accuracy": 0.8409318136372725,
        "eval_precision_macro": 0.6045444081282234,
        "eval_recall_macro": 0.5599327126278858,
        "eval_f1_macro": 0.56301164216148,
        "eval_precision_micro": 0.8409318136372725,
        "eval_recall_micro": 0.8409318136372725,
        "eval_f1_micro": 0.8409318136372725,
        "eval_runtime": 6.6455,
        "eval_samples_per_second": 181.778,
        "eval_steps_per_second": 22.722
    },
    "no_train_gain": {
        "eval_loss": 1.6718171834945679,
        "eval_model_preparation_time": 0.0288,
        "eval_accuracy": 0.8200359928014397,
        "eval_precision_macro": 0.6067225648568163,
        "eval_recall_macro": 0.5645202885144587,
        "eval_f1_macro": 0.5744792799804888,
        "eval_precision_micro": 0.8200359928014397,
        "eval_recall_micro": 0.8200359928014397,
        "eval_f1_micro": 0.8200359928014397,
        "eval_runtime": 6.6502,
        "eval_samples_per_second": 181.648,
        "eval_steps_per_second": 22.706
    }
}
