{
    "reconstructed_featural": {
        "eval_loss": 1.6871588230133057,
        "eval_model_preparation_time": 0.0308,
        "eval_accuracy": 0.8191361727654469,
        "eval_precision_macro": 0.6076424987740094,
        "eval_recall_macro": 0.5619736029837609,
        "eval_f1_macro": 0.5731307511841968,
        "eval_precision_micro": 0.8191361727654469,
        "eval_recall_micro": 0.8191361727654469,
        "eval_f1_micro": 0.8191361727654469,
        "eval_runtime": 6.7067,
        "eval_samples_per_second": 180.118,
        "eval_steps_per_second": 22.515
    },
    "baseline_en": {
        "eval_loss": 2.004195213317871,
        "eval_model_preparation_time": 0.0291,
        "eval_accuracy": 0.8021395720855828,
        "eval_precision_macro": 0.601607288730657,
        "eval_recall_macro": 0.5342696134274593,
        "eval_f1_macro": 0.5494907771671659,
        "eval_precision_micro": 0.8021395720855828,
        "eval_recall_micro": 0.8021395720855828,
        "eval_f1_micro": 0.8021395720855828,
        "eval_runtime": 6.68,
        "eval_samples_per_second": 180.837,
        "eval_steps_per_second": 22.605
    },
    "baseline_task_adapter": {
        "eval_loss": 1.5967886447906494,
        "eval_model_preparation_time": 0.0288,
        "eval_accuracy": 0.81873625274945,
        "eval_precision_macro": 0.6003203986825492,
        "eval_recall_macro": 0.5579813134460687,
        "eval_f1_macro": 0.5676850317039306,
        "eval_precision_micro": 0.81873625274945,
        "eval_recall_micro": 0.81873625274945,
        "eval_f1_micro": 0.81873625274945,
        "eval_runtime": 6.0944,
        "eval_samples_per_second": 198.215,
        "eval_steps_per_second": 24.777
    },
    "baseline_avg_adapter": {
        "eval_loss": 1.515407919883728,
        "eval_model_preparation_time": 0.0313,
        "eval_accuracy": 0.8148370325934813,
        "eval_precision_macro": 0.6081244225762945,
        "eval_recall_macro": 0.5405267306896802,
        "eval_f1_macro": 0.5610277712549198,
        "eval_precision_micro": 0.8148370325934813,
        "eval_recall_micro": 0.8148370325934813,
        "eval_f1_micro": 0.8148370325934813,
        "eval_runtime": 6.6669,
        "eval_samples_per_second": 181.195,
        "eval_steps_per_second": 22.649
    },
    "baseline_closest_featural": {
        "eval_loss": 1.927625060081482,
        "eval_model_preparation_time": 0.0311,
        "eval_accuracy": 0.7903419316136773,
        "eval_precision_macro": 0.5826042112083454,
        "eval_recall_macro": 0.5203471506672561,
        "eval_f1_macro": 0.5339008168304333,
        "eval_precision_micro": 0.7903419316136773,
        "eval_recall_micro": 0.7903419316136773,
        "eval_f1_micro": 0.7903419316136773,
        "eval_runtime": 6.6867,
        "eval_samples_per_second": 180.656,
        "eval_steps_per_second": 22.582
    },
    "no_train_gain": {
        "eval_loss": 1.6718171834945679,
        "eval_model_preparation_time": 0.0308,
        "eval_accuracy": 0.8200359928014397,
        "eval_precision_macro": 0.6067225648568163,
        "eval_recall_macro": 0.5645202885144587,
        "eval_f1_macro": 0.5744792799804888,
        "eval_precision_micro": 0.8200359928014397,
        "eval_recall_micro": 0.8200359928014397,
        "eval_f1_micro": 0.8200359928014397,
        "eval_runtime": 6.6877,
        "eval_samples_per_second": 180.629,
        "eval_steps_per_second": 22.579
    }
}