{
    "reconstructed_featural": {
        "eval_loss": 1.7018179893493652,
        "eval_model_preparation_time": 0.0281,
        "eval_accuracy": 0.8186362727454509,
        "eval_precision_macro": 0.6091642584300887,
        "eval_recall_macro": 0.5626276585272247,
        "eval_f1_macro": 0.5743245829521526,
        "eval_precision_micro": 0.8186362727454509,
        "eval_recall_micro": 0.8186362727454509,
        "eval_f1_micro": 0.8186362727454509,
        "eval_runtime": 6.2656,
        "eval_samples_per_second": 192.798,
        "eval_steps_per_second": 24.1
    }
}
