{
    "reconstructed_featural": {
        "eval_loss": 1.4528287649154663,
        "eval_model_preparation_time": 0.0292,
        "eval_precision": 0.69925378243308,
        "eval_recall": 0.7640062831924602,
        "eval_f1": 0.7301973119816987,
        "eval_accuracy": 0.8481430271632596,
        "eval_runtime": 26.9802,
        "eval_samples_per_second": 370.642,
        "eval_steps_per_second": 46.33
    }
}