{
    "reconstructed_featural": {
        "eval_loss": 1.458739161491394,
        "eval_model_preparation_time": 0.0277,
        "eval_precision": 0.7005479452054795,
        "eval_recall": 0.7650534819358217,
        "eval_f1": 0.7313811720118704,
        "eval_accuracy": 0.847215415849902,
        "eval_runtime": 27.282,
        "eval_samples_per_second": 366.542,
        "eval_steps_per_second": 45.818
    }
}