{
    "reconstructed_syntactic": {
        "eval_loss": 1.8281086683273315,
        "eval_model_preparation_time": 0.029,
        "eval_accuracy": 0.8142405688327079,
        "eval_precision_macro": 0.6510685404012757,
        "eval_recall_macro": 0.6549863963175315,
        "eval_f1_macro": 0.650618245100068,
        "eval_precision_micro": 0.8142405688327079,
        "eval_recall_micro": 0.8142405688327079,
        "eval_f1_micro": 0.8142405688327079,
        "eval_runtime": 4.0814,
        "eval_samples_per_second": 178.862,
        "eval_steps_per_second": 22.542
    },
    "reconstructed_morphological": {
        "eval_loss": 1.8313665390014648,
        "eval_model_preparation_time": 0.0288,
        "eval_accuracy": 0.8147343472249654,
        "eval_precision_macro": 0.6509054222837102,
        "eval_recall_macro": 0.6555810012935419,
        "eval_f1_macro": 0.6508195648025957,
        "eval_precision_micro": 0.8147343472249654,
        "eval_recall_micro": 0.8147343472249654,
        "eval_f1_micro": 0.8147343472249654,
        "eval_runtime": 4.0689,
        "eval_samples_per_second": 179.408,
        "eval_steps_per_second": 22.61
    },
    "baseline_en": {
        "eval_loss": 1.9846923351287842,
        "eval_model_preparation_time": 0.0272,
        "eval_accuracy": 0.8070314043057476,
        "eval_precision_macro": 0.6131763539397284,
        "eval_recall_macro": 0.608161153531308,
        "eval_f1_macro": 0.6088872131675112,
        "eval_precision_micro": 0.8070314043057476,
        "eval_recall_micro": 0.8070314043057476,
        "eval_f1_micro": 0.8070314043057476,
        "eval_runtime": 4.0757,
        "eval_samples_per_second": 179.108,
        "eval_steps_per_second": 22.573
    },
    "baseline_task_adapter": {
        "eval_loss": 1.757132887840271,
        "eval_model_preparation_time": 0.0282,
        "eval_accuracy": 0.8090065178747778,
        "eval_precision_macro": 0.6135163403194134,
        "eval_recall_macro": 0.6122525246267488,
        "eval_f1_macro": 0.610468925585741,
        "eval_precision_micro": 0.8090065178747778,
        "eval_recall_micro": 0.8090065178747778,
        "eval_f1_micro": 0.8090065178747778,
        "eval_runtime": 3.728,
        "eval_samples_per_second": 195.814,
        "eval_steps_per_second": 24.678
    },
    "baseline_avg_adapter": {
        "eval_loss": 1.6903965473175049,
        "eval_model_preparation_time": 0.0288,
        "eval_accuracy": 0.7986371716373691,
        "eval_precision_macro": 0.610364981257781,
        "eval_recall_macro": 0.6021489055065826,
        "eval_f1_macro": 0.6024299156318305,
        "eval_precision_micro": 0.7986371716373691,
        "eval_recall_micro": 0.7986371716373691,
        "eval_f1_micro": 0.7986371716373691,
        "eval_runtime": 4.0808,
        "eval_samples_per_second": 178.889,
        "eval_steps_per_second": 22.545
    },
    "baseline_closest_syntactic": {
        "eval_loss": 1.8500549793243408,
        "eval_model_preparation_time": 0.0279,
        "eval_accuracy": 0.8013035749555599,
        "eval_precision_macro": 0.6091035289593987,
        "eval_recall_macro": 0.6053082026328706,
        "eval_f1_macro": 0.6043890543352618,
        "eval_precision_micro": 0.8013035749555599,
        "eval_recall_micro": 0.8013035749555599,
        "eval_f1_micro": 0.8013035749555599,
        "eval_runtime": 4.0806,
        "eval_samples_per_second": 178.896,
        "eval_steps_per_second": 22.546
    },
    "baseline_closest_morphological": {
        "eval_loss": 1.8842278718948364,
        "eval_model_preparation_time": 0.028,
        "eval_accuracy": 0.8010073079202054,
        "eval_precision_macro": 0.6106742736234106,
        "eval_recall_macro": 0.6081189254382733,
        "eval_f1_macro": 0.6063039419133648,
        "eval_precision_micro": 0.8010073079202054,
        "eval_recall_micro": 0.8010073079202054,
        "eval_f1_micro": 0.8010073079202054,
        "eval_runtime": 4.0813,
        "eval_samples_per_second": 178.865,
        "eval_steps_per_second": 22.542
    },
    "no_train_gain": {
        "eval_loss": 1.8219342231750488,
        "eval_model_preparation_time": 0.03,
        "eval_accuracy": 0.8119691882283231,
        "eval_precision_macro": 0.6146153379205881,
        "eval_recall_macro": 0.6156306407940073,
        "eval_f1_macro": 0.6129542210770119,
        "eval_precision_micro": 0.8119691882283231,
        "eval_recall_micro": 0.8119691882283231,
        "eval_f1_micro": 0.8119691882283231,
        "eval_runtime": 4.093,
        "eval_samples_per_second": 178.352,
        "eval_steps_per_second": 22.477
    }
}
