{
    "reconstructed_featural": {
        "eval_loss": 1.8333780765533447,
        "eval_model_preparation_time": 0.028,
        "eval_accuracy": 0.8142405688327079,
        "eval_precision_macro": 0.6507692602465555,
        "eval_recall_macro": 0.6552556524182895,
        "eval_f1_macro": 0.6505832646299224,
        "eval_precision_micro": 0.8142405688327079,
        "eval_recall_micro": 0.8142405688327079,
        "eval_f1_micro": 0.8142405688327079,
        "eval_runtime": 3.8244,
        "eval_samples_per_second": 190.881,
        "eval_steps_per_second": 24.056
    }
}
