{
    "reconstructed_featural": {
        "eval_loss": 1.828126311302185,
        "eval_model_preparation_time": 0.0295,
        "eval_accuracy": 0.8146355915465139,
        "eval_precision_macro": 0.6511215691211478,
        "eval_recall_macro": 0.6552097399071415,
        "eval_f1_macro": 0.6507714930670341,
        "eval_precision_micro": 0.8146355915465139,
        "eval_recall_micro": 0.8146355915465139,
        "eval_f1_micro": 0.8146355915465139,
        "eval_runtime": 4.1185,
        "eval_samples_per_second": 177.248,
        "eval_steps_per_second": 22.338
    },
    "baseline_en": {
        "eval_loss": 1.9846923351287842,
        "eval_model_preparation_time": 0.0291,
        "eval_accuracy": 0.8070314043057476,
        "eval_precision_macro": 0.6131763539397284,
        "eval_recall_macro": 0.608161153531308,
        "eval_f1_macro": 0.6088872131675112,
        "eval_precision_micro": 0.8070314043057476,
        "eval_recall_micro": 0.8070314043057476,
        "eval_f1_micro": 0.8070314043057476,
        "eval_runtime": 4.0983,
        "eval_samples_per_second": 178.122,
        "eval_steps_per_second": 22.448
    },
    "baseline_task_adapter": {
        "eval_loss": 1.757132887840271,
        "eval_model_preparation_time": 0.0303,
        "eval_accuracy": 0.8090065178747778,
        "eval_precision_macro": 0.6135163403194134,
        "eval_recall_macro": 0.6122525246267488,
        "eval_f1_macro": 0.610468925585741,
        "eval_precision_micro": 0.8090065178747778,
        "eval_recall_micro": 0.8090065178747778,
        "eval_f1_micro": 0.8090065178747778,
        "eval_runtime": 3.7524,
        "eval_samples_per_second": 194.54,
        "eval_steps_per_second": 24.517
    },
    "baseline_avg_adapter": {
        "eval_loss": 1.6903965473175049,
        "eval_model_preparation_time": 0.0304,
        "eval_accuracy": 0.7986371716373691,
        "eval_precision_macro": 0.610364981257781,
        "eval_recall_macro": 0.6021489055065826,
        "eval_f1_macro": 0.6024299156318305,
        "eval_precision_micro": 0.7986371716373691,
        "eval_recall_micro": 0.7986371716373691,
        "eval_f1_micro": 0.7986371716373691,
        "eval_runtime": 4.1001,
        "eval_samples_per_second": 178.046,
        "eval_steps_per_second": 22.439
    },
    "baseline_closest_featural": {
        "eval_loss": 1.8500549793243408,
        "eval_model_preparation_time": 0.0312,
        "eval_accuracy": 0.8013035749555599,
        "eval_precision_macro": 0.6091035289593987,
        "eval_recall_macro": 0.6053082026328706,
        "eval_f1_macro": 0.6043890543352618,
        "eval_precision_micro": 0.8013035749555599,
        "eval_recall_micro": 0.8013035749555599,
        "eval_f1_micro": 0.8013035749555599,
        "eval_runtime": 4.1186,
        "eval_samples_per_second": 177.247,
        "eval_steps_per_second": 22.338
    },
    "no_train_gain": {
        "eval_loss": 1.8219342231750488,
        "eval_model_preparation_time": 0.0314,
        "eval_accuracy": 0.8119691882283231,
        "eval_precision_macro": 0.6146153379205881,
        "eval_recall_macro": 0.6156306407940073,
        "eval_f1_macro": 0.6129542210770119,
        "eval_precision_micro": 0.8119691882283231,
        "eval_recall_micro": 0.8119691882283231,
        "eval_f1_micro": 0.8119691882283231,
        "eval_runtime": 4.1131,
        "eval_samples_per_second": 177.481,
        "eval_steps_per_second": 22.368
    }
}