{
    "reconstructed_featural": {
        "eval_loss": 3.1431164741516113,
        "eval_model_preparation_time": 0.028,
        "eval_precision": 0.41304347826086957,
        "eval_recall": 0.5327102803738317,
        "eval_f1": 0.46530612244897956,
        "eval_accuracy": 0.6726546906187625,
        "eval_runtime": 0.3077,
        "eval_samples_per_second": 325.012,
        "eval_steps_per_second": 42.252
    }
}
