{
    "reconstructed_featural": {
        "eval_loss": 3.1337175369262695,
        "eval_model_preparation_time": 0.0287,
        "eval_precision": 0.39436619718309857,
        "eval_recall": 0.5233644859813084,
        "eval_f1": 0.4497991967871485,
        "eval_accuracy": 0.6746506986027944,
        "eval_runtime": 0.3122,
        "eval_samples_per_second": 320.326,
        "eval_steps_per_second": 41.642
    }
}