{
    "reconstructed_featural": {
        "eval_loss": 1.5703299045562744,
        "eval_model_preparation_time": 0.0288,
        "eval_precision": 0.36464088397790057,
        "eval_recall": 0.6,
        "eval_f1": 0.4536082474226804,
        "eval_accuracy": 0.8049792531120332,
        "eval_runtime": 0.386,
        "eval_samples_per_second": 259.06,
        "eval_steps_per_second": 33.678
    }
}
