{
    "reconstructed_featural": {
        "eval_loss": 1.4003081321716309,
        "eval_model_preparation_time": 0.0271,
        "eval_precision": 0.605245460659045,
        "eval_recall": 0.7194244604316546,
        "eval_f1": 0.6574141709276844,
        "eval_accuracy": 0.8475541186393027,
        "eval_runtime": 2.7649,
        "eval_samples_per_second": 361.682,
        "eval_steps_per_second": 45.21
    }
}
