{
    "reconstructed_featural": {
        "eval_loss": 1.3517069816589355,
        "eval_model_preparation_time": 0.0293,
        "eval_precision": 0.6082824168363883,
        "eval_recall": 0.7162270183852918,
        "eval_f1": 0.6578560939794421,
        "eval_accuracy": 0.8493112173179646,
        "eval_runtime": 2.6995,
        "eval_samples_per_second": 370.444,
        "eval_steps_per_second": 46.305
    },
    "baseline_en": {
        "eval_loss": 1.9395889043807983,
        "eval_model_preparation_time": 0.0294,
        "eval_precision": 0.5981767180925667,
        "eval_recall": 0.6818545163868905,
        "eval_f1": 0.6372805379155771,
        "eval_accuracy": 0.814661231374754,
        "eval_runtime": 2.7429,
        "eval_samples_per_second": 364.573,
        "eval_steps_per_second": 45.572
    },
    "baseline_task_adapter": {
        "eval_loss": 1.319125771522522,
        "eval_model_preparation_time": 0.0278,
        "eval_precision": 0.5792682926829268,
        "eval_recall": 0.6834532374100719,
        "eval_f1": 0.627062706270627,
        "eval_accuracy": 0.8554259207197076,
        "eval_runtime": 2.3258,
        "eval_samples_per_second": 429.964,
        "eval_steps_per_second": 53.746
    },
    "baseline_avg_adapter": {
        "eval_loss": 1.8139888048171997,
        "eval_model_preparation_time": 0.0284,
        "eval_precision": 0.5357142857142857,
        "eval_recall": 0.4556354916067146,
        "eval_f1": 0.49244060475161994,
        "eval_accuracy": 0.7941383188079842,
        "eval_runtime": 2.6865,
        "eval_samples_per_second": 372.232,
        "eval_steps_per_second": 46.529
    },
    "baseline_closest_featural": {
        "eval_loss": 2.694312572479248,
        "eval_model_preparation_time": 0.0271,
        "eval_precision": 0.5343727852586818,
        "eval_recall": 0.6027178257394085,
        "eval_f1": 0.5664913598797896,
        "eval_accuracy": 0.7242057913972448,
        "eval_runtime": 2.6882,
        "eval_samples_per_second": 371.996,
        "eval_steps_per_second": 46.5
    },
    "no_train_gain": {
        "eval_loss": 1.7663811445236206,
        "eval_model_preparation_time": 0.0307,
        "eval_precision": 0.5974376264329063,
        "eval_recall": 0.7082334132693845,
        "eval_f1": 0.648134601316752,
        "eval_accuracy": 0.823446724768063,
        "eval_runtime": 2.7739,
        "eval_samples_per_second": 360.507,
        "eval_steps_per_second": 45.063
    }
}