{
    "reconstructed_syntactic": {
        "eval_loss": 1.3515920639038086,
        "eval_model_preparation_time": 0.0281,
        "eval_precision": 0.6070460704607046,
        "eval_recall": 0.7162270183852918,
        "eval_f1": 0.6571323799046572,
        "eval_accuracy": 0.8493112173179646,
        "eval_runtime": 2.6406,
        "eval_samples_per_second": 378.706,
        "eval_steps_per_second": 47.338
    },
    "reconstructed_morphological": {
        "eval_loss": 1.3559925556182861,
        "eval_model_preparation_time": 0.0278,
        "eval_precision": 0.6092579986385296,
        "eval_recall": 0.715427657873701,
        "eval_f1": 0.6580882352941176,
        "eval_accuracy": 0.8491003654765251,
        "eval_runtime": 2.6337,
        "eval_samples_per_second": 379.695,
        "eval_steps_per_second": 47.462
    }
}