{
    "reconstructed_featural": {
        "eval_loss": 1.7054743766784668,
        "eval_model_preparation_time": 0.0315,
        "eval_precision": 0.5898203592814372,
        "eval_recall": 0.6732740943267259,
        "eval_f1": 0.6287902968400894,
        "eval_accuracy": 0.8152173913043478,
        "eval_runtime": 3.1435,
        "eval_samples_per_second": 318.119,
        "eval_steps_per_second": 39.765
    },
    "reconstructed_syntactic": {
        "eval_loss": 1.7028553485870361,
        "eval_model_preparation_time": 0.0298,
        "eval_precision": 0.5878499106611078,
        "eval_recall": 0.6746411483253588,
        "eval_f1": 0.6282622533418205,
        "eval_accuracy": 0.8156408808582721,
        "eval_runtime": 3.1322,
        "eval_samples_per_second": 319.268,
        "eval_steps_per_second": 39.908
    },
    "reconstructed_morphological": {
        "eval_loss": 1.8052324056625366,
        "eval_model_preparation_time": 0.0294,
        "eval_precision": 0.5913200723327305,
        "eval_recall": 0.67053998632946,
        "eval_f1": 0.6284433055733504,
        "eval_accuracy": 0.8045595708639187,
        "eval_runtime": 3.0237,
        "eval_samples_per_second": 330.717,
        "eval_steps_per_second": 41.34
    }
}
