{
    "reconstructed_featural": {
        "eval_loss": 1.7526105642318726,
        "eval_model_preparation_time": 0.0289,
        "eval_precision": 0.5840286054827175,
        "eval_recall": 0.6698564593301436,
        "eval_f1": 0.6240050939191341,
        "eval_accuracy": 0.8130293619424054,
        "eval_runtime": 2.9231,
        "eval_samples_per_second": 342.104,
        "eval_steps_per_second": 42.763
    },
    "reconstructed_syntactic": {
        "eval_loss": 1.7351316213607788,
        "eval_model_preparation_time": 0.0276,
        "eval_precision": 0.5831339712918661,
        "eval_recall": 0.6664388243335612,
        "eval_f1": 0.6220095693779905,
        "eval_accuracy": 0.8133116883116883,
        "eval_runtime": 2.9318,
        "eval_samples_per_second": 341.093,
        "eval_steps_per_second": 42.637
    },
    "reconstructed_morphological": {
        "eval_loss": 1.9679147005081177,
        "eval_model_preparation_time": 0.0277,
        "eval_precision": 0.5668827342368886,
        "eval_recall": 0.657552973342447,
        "eval_f1": 0.6088607594936708,
        "eval_accuracy": 0.7939017504234895,
        "eval_runtime": 2.9696,
        "eval_samples_per_second": 336.745,
        "eval_steps_per_second": 42.093
    }
}
