{
    "reconstructed_featural": {
        "eval_loss": 2.8707287311553955,
        "eval_model_preparation_time": 0.0306,
        "eval_accuracy": 0.7201238390092879,
        "eval_precision_macro": 0.5247509772499704,
        "eval_recall_macro": 0.5614923270601304,
        "eval_f1_macro": 0.5112883129195943,
        "eval_precision_micro": 0.7201238390092879,
        "eval_recall_micro": 0.7201238390092879,
        "eval_f1_micro": 0.7201238390092879,
        "eval_runtime": 2.6294,
        "eval_samples_per_second": 172.664,
        "eval_steps_per_second": 21.678
    },
    "baseline_en": {
        "eval_loss": 3.15126633644104,
        "eval_model_preparation_time": 0.0346,
        "eval_accuracy": 0.7016511867905056,
        "eval_precision_macro": 0.5176266380206883,
        "eval_recall_macro": 0.5525044528171139,
        "eval_f1_macro": 0.5029879250947726,
        "eval_precision_micro": 0.7016511867905056,
        "eval_recall_micro": 0.7016511867905056,
        "eval_f1_micro": 0.7016511867905056,
        "eval_runtime": 2.6839,
        "eval_samples_per_second": 169.158,
        "eval_steps_per_second": 21.238
    },
    "baseline_task_adapter": {
        "eval_loss": 2.6295790672302246,
        "eval_model_preparation_time": 0.0335,
        "eval_accuracy": 0.7304437564499484,
        "eval_precision_macro": 0.5325843252644434,
        "eval_recall_macro": 0.5659555178383358,
        "eval_f1_macro": 0.5224400867240695,
        "eval_precision_micro": 0.7304437564499484,
        "eval_recall_micro": 0.7304437564499484,
        "eval_f1_micro": 0.7304437564499484,
        "eval_runtime": 2.4524,
        "eval_samples_per_second": 185.123,
        "eval_steps_per_second": 23.242
    },
    "baseline_avg_adapter": {
        "eval_loss": 2.536832809448242,
        "eval_model_preparation_time": 0.0299,
        "eval_accuracy": 0.7184726522187822,
        "eval_precision_macro": 0.5222660190386728,
        "eval_recall_macro": 0.5365085386637815,
        "eval_f1_macro": 0.501979650202787,
        "eval_precision_micro": 0.7184726522187822,
        "eval_recall_micro": 0.7184726522187822,
        "eval_f1_micro": 0.7184726522187822,
        "eval_runtime": 2.6314,
        "eval_samples_per_second": 172.53,
        "eval_steps_per_second": 21.661
    },
    "baseline_closest_featural": {
        "eval_loss": 2.854424476623535,
        "eval_model_preparation_time": 0.0296,
        "eval_accuracy": 0.7027863777089783,
        "eval_precision_macro": 0.5149195832601541,
        "eval_recall_macro": 0.5491027994072302,
        "eval_f1_macro": 0.4969503191466998,
        "eval_precision_micro": 0.7027863777089783,
        "eval_recall_micro": 0.7027863777089783,
        "eval_f1_micro": 0.7027863777089783,
        "eval_runtime": 2.6331,
        "eval_samples_per_second": 172.422,
        "eval_steps_per_second": 21.648
    },
    "no_train_gain": {
        "eval_loss": 2.853234052658081,
        "eval_model_preparation_time": 0.0314,
        "eval_accuracy": 0.7223942208462333,
        "eval_precision_macro": 0.5262906154224276,
        "eval_recall_macro": 0.5635873775133365,
        "eval_f1_macro": 0.5151062524180636,
        "eval_precision_micro": 0.7223942208462333,
        "eval_recall_micro": 0.7223942208462333,
        "eval_f1_micro": 0.7223942208462333,
        "eval_runtime": 2.641,
        "eval_samples_per_second": 171.901,
        "eval_steps_per_second": 21.582
    }
}
