{
    "reconstructed_featural": {
        "eval_loss": 2.860395669937134,
        "eval_model_preparation_time": 0.0291,
        "eval_accuracy": 0.7223942208462333,
        "eval_precision_macro": 0.5265703593161128,
        "eval_recall_macro": 0.5634560009548125,
        "eval_f1_macro": 0.5133766079418748,
        "eval_precision_micro": 0.7223942208462333,
        "eval_recall_micro": 0.7223942208462333,
        "eval_f1_micro": 0.7223942208462333,
        "eval_runtime": 2.4758,
        "eval_samples_per_second": 183.376,
        "eval_steps_per_second": 23.023
    },
    "reconstructed_syntactic": {
        "eval_loss": 2.852041006088257,
        "eval_model_preparation_time": 0.0307,
        "eval_accuracy": 0.72218782249742,
        "eval_precision_macro": 0.5278146857733311,
        "eval_recall_macro": 0.5636823129511129,
        "eval_f1_macro": 0.5143423764557229,
        "eval_precision_micro": 0.72218782249742,
        "eval_recall_micro": 0.72218782249742,
        "eval_f1_micro": 0.72218782249742,
        "eval_runtime": 2.4734,
        "eval_samples_per_second": 183.551,
        "eval_steps_per_second": 23.045
    },
    "reconstructed_morphological": {
        "eval_loss": 2.9489219188690186,
        "eval_model_preparation_time": 0.0283,
        "eval_accuracy": 0.7168214654282766,
        "eval_precision_macro": 0.5277155268208441,
        "eval_recall_macro": 0.5664935750904023,
        "eval_f1_macro": 0.5133165989867678,
        "eval_precision_micro": 0.7168214654282766,
        "eval_recall_micro": 0.7168214654282766,
        "eval_f1_micro": 0.7168214654282766,
        "eval_runtime": 2.4666,
        "eval_samples_per_second": 184.059,
        "eval_steps_per_second": 23.109
    }
}
