{
    "reconstructed_featural": {
        "eval_loss": 5.095251083374023,
        "eval_model_preparation_time": 0.0295,
        "eval_precision": 0.18831168831168832,
        "eval_recall": 0.2871287128712871,
        "eval_f1": 0.22745098039215686,
        "eval_accuracy": 0.4875536480686695,
        "eval_runtime": 0.3663,
        "eval_samples_per_second": 273.028,
        "eval_steps_per_second": 35.494
    },
    "reconstructed_syntactic": {
        "eval_loss": 5.0904130935668945,
        "eval_model_preparation_time": 0.0295,
        "eval_precision": 0.1986754966887417,
        "eval_recall": 0.297029702970297,
        "eval_f1": 0.23809523809523808,
        "eval_accuracy": 0.49098712446351933,
        "eval_runtime": 0.3616,
        "eval_samples_per_second": 276.517,
        "eval_steps_per_second": 35.947
    },
    "reconstructed_morphological": {
        "eval_loss": 5.0904130935668945,
        "eval_model_preparation_time": 0.0304,
        "eval_precision": 0.1986754966887417,
        "eval_recall": 0.297029702970297,
        "eval_f1": 0.23809523809523808,
        "eval_accuracy": 0.49098712446351933,
        "eval_runtime": 0.3617,
        "eval_samples_per_second": 276.436,
        "eval_steps_per_second": 35.937
    }
}
