{
    "reconstructed_featural": {
        "eval_loss": 1.002312421798706,
        "eval_model_preparation_time": 0.029,
        "eval_precision": 0.45517241379310347,
        "eval_recall": 0.5641025641025641,
        "eval_f1": 0.5038167938931297,
        "eval_accuracy": 0.7319508448540707,
        "eval_runtime": 0.307,
        "eval_samples_per_second": 325.762,
        "eval_steps_per_second": 42.349
    },
    "baseline_en": {
        "eval_loss": 1.4355905055999756,
        "eval_model_preparation_time": 0.0279,
        "eval_precision": 0.46875,
        "eval_recall": 0.5128205128205128,
        "eval_f1": 0.4897959183673469,
        "eval_accuracy": 0.6835637480798771,
        "eval_runtime": 0.3392,
        "eval_samples_per_second": 294.776,
        "eval_steps_per_second": 38.321
    },
    "baseline_task_adapter": {
        "eval_loss": 0.7875993847846985,
        "eval_model_preparation_time": 0.0276,
        "eval_precision": 0.3790849673202614,
        "eval_recall": 0.49572649572649574,
        "eval_f1": 0.42962962962962964,
        "eval_accuracy": 0.7480798771121352,
        "eval_runtime": 0.2763,
        "eval_samples_per_second": 361.935,
        "eval_steps_per_second": 47.051
    },
    "baseline_avg_adapter": {
        "eval_loss": 1.062110424041748,
        "eval_model_preparation_time": 0.0288,
        "eval_precision": 0.3157894736842105,
        "eval_recall": 0.358974358974359,
        "eval_f1": 0.336,
        "eval_accuracy": 0.6804915514592934,
        "eval_runtime": 0.3096,
        "eval_samples_per_second": 323.019,
        "eval_steps_per_second": 41.992
    },
    "baseline_closest_featural": {
        "eval_loss": 1.2487064599990845,
        "eval_model_preparation_time": 0.0271,
        "eval_precision": 0.4015748031496063,
        "eval_recall": 0.4358974358974359,
        "eval_f1": 0.4180327868852459,
        "eval_accuracy": 0.6428571428571429,
        "eval_runtime": 0.319,
        "eval_samples_per_second": 313.448,
        "eval_steps_per_second": 40.748
    },
    "no_train_gain": {
        "eval_loss": 1.3456027507781982,
        "eval_model_preparation_time": 0.0282,
        "eval_precision": 0.4621212121212121,
        "eval_recall": 0.5213675213675214,
        "eval_f1": 0.48995983935742976,
        "eval_accuracy": 0.6804915514592934,
        "eval_runtime": 0.3406,
        "eval_samples_per_second": 293.592,
        "eval_steps_per_second": 38.167
    }
}