{
    "reconstructed_featural": {
        "eval_loss": 2.2011499404907227,
        "eval_model_preparation_time": 0.031,
        "eval_precision": 0.42,
        "eval_recall": 0.5384615384615384,
        "eval_f1": 0.4719101123595505,
        "eval_accuracy": 0.7419354838709677,
        "eval_runtime": 0.3421,
        "eval_samples_per_second": 292.347,
        "eval_steps_per_second": 38.005
    },
    "reconstructed_syntactic": {
        "eval_loss": 2.2011499404907227,
        "eval_model_preparation_time": 0.0314,
        "eval_precision": 0.42,
        "eval_recall": 0.5384615384615384,
        "eval_f1": 0.4719101123595505,
        "eval_accuracy": 0.7419354838709677,
        "eval_runtime": 0.3437,
        "eval_samples_per_second": 290.967,
        "eval_steps_per_second": 37.826
    },
    "reconstructed_morphological": {
        "eval_loss": 2.3454718589782715,
        "eval_model_preparation_time": 0.031,
        "eval_precision": 0.4066666666666667,
        "eval_recall": 0.5213675213675214,
        "eval_f1": 0.45692883895131087,
        "eval_accuracy": 0.7242703533026114,
        "eval_runtime": 0.3397,
        "eval_samples_per_second": 294.393,
        "eval_steps_per_second": 38.271
    }
}