{
    "reconstructed_featural": {
        "eval_loss": 2.306715488433838,
        "eval_model_preparation_time": 0.0294,
        "eval_precision": 0.391025641025641,
        "eval_recall": 0.5213675213675214,
        "eval_f1": 0.4468864468864469,
        "eval_accuracy": 0.7342549923195084,
        "eval_runtime": 0.3184,
        "eval_samples_per_second": 314.022,
        "eval_steps_per_second": 40.823
    },
    "baseline_en": {
        "eval_loss": 3.794846296310425,
        "eval_model_preparation_time": 0.0281,
        "eval_precision": 0.4244604316546763,
        "eval_recall": 0.5042735042735043,
        "eval_f1": 0.4609375,
        "eval_accuracy": 0.6866359447004609,
        "eval_runtime": 0.3076,
        "eval_samples_per_second": 325.051,
        "eval_steps_per_second": 42.257
    },
    "baseline_task_adapter": {
        "eval_loss": 2.318152666091919,
        "eval_model_preparation_time": 0.0273,
        "eval_precision": 0.43333333333333335,
        "eval_recall": 0.5555555555555556,
        "eval_f1": 0.4868913857677903,
        "eval_accuracy": 0.7396313364055299,
        "eval_runtime": 0.2766,
        "eval_samples_per_second": 361.494,
        "eval_steps_per_second": 46.994
    },
    "baseline_avg_adapter": {
        "eval_loss": 2.8407106399536133,
        "eval_model_preparation_time": 0.0299,
        "eval_precision": 0.48514851485148514,
        "eval_recall": 0.4188034188034188,
        "eval_f1": 0.4495412844036697,
        "eval_accuracy": 0.6712749615975423,
        "eval_runtime": 0.3176,
        "eval_samples_per_second": 314.885,
        "eval_steps_per_second": 40.935
    },
    "baseline_closest_featural": {
        "eval_loss": 2.949159860610962,
        "eval_model_preparation_time": 0.0281,
        "eval_precision": 0.4097222222222222,
        "eval_recall": 0.5042735042735043,
        "eval_f1": 0.4521072796934866,
        "eval_accuracy": 0.6912442396313364,
        "eval_runtime": 0.3238,
        "eval_samples_per_second": 308.812,
        "eval_steps_per_second": 40.146
    },
    "no_train_gain": {
        "eval_loss": 3.364863395690918,
        "eval_model_preparation_time": 0.0288,
        "eval_precision": 0.45588235294117646,
        "eval_recall": 0.5299145299145299,
        "eval_f1": 0.4901185770750988,
        "eval_accuracy": 0.6912442396313364,
        "eval_runtime": 0.3244,
        "eval_samples_per_second": 308.232,
        "eval_steps_per_second": 40.07
    }
}