{
    "reconstructed_featural": {
        "eval_loss": 4.468977928161621,
        "eval_model_preparation_time": 0.027,
        "eval_accuracy": 0.5968253968253968,
        "eval_precision_macro": 0.4946284950916773,
        "eval_recall_macro": 0.5074936449468952,
        "eval_f1_macro": 0.47138752171284387,
        "eval_precision_micro": 0.5968253968253968,
        "eval_recall_micro": 0.5968253968253968,
        "eval_f1_micro": 0.5968253968253968,
        "eval_runtime": 2.8938,
        "eval_samples_per_second": 185.914,
        "eval_steps_per_second": 23.498
    }
}