{
    "reconstructed_featural": {
        "eval_loss": 4.408054351806641,
        "eval_model_preparation_time": 0.0301,
        "eval_accuracy": 0.6019607843137255,
        "eval_precision_macro": 0.4992626187935604,
        "eval_recall_macro": 0.5108282566671459,
        "eval_f1_macro": 0.47629078371127764,
        "eval_precision_micro": 0.6019607843137255,
        "eval_recall_micro": 0.6019607843137255,
        "eval_f1_micro": 0.6019607843137255,
        "eval_runtime": 2.9879,
        "eval_samples_per_second": 180.059,
        "eval_steps_per_second": 22.758
    },
    "baseline_en": {
        "eval_loss": 4.963637351989746,
        "eval_model_preparation_time": 0.0297,
        "eval_accuracy": 0.5746965452847805,
        "eval_precision_macro": 0.48384603496171014,
        "eval_recall_macro": 0.477389708240749,
        "eval_f1_macro": 0.45176223780783187,
        "eval_precision_micro": 0.5746965452847805,
        "eval_recall_micro": 0.5746965452847805,
        "eval_f1_micro": 0.5746965452847805,
        "eval_runtime": 2.993,
        "eval_samples_per_second": 179.75,
        "eval_steps_per_second": 22.719
    },
    "baseline_task_adapter": {
        "eval_loss": 4.068861484527588,
        "eval_model_preparation_time": 0.0289,
        "eval_accuracy": 0.6159663865546219,
        "eval_precision_macro": 0.5084044172617426,
        "eval_recall_macro": 0.5215537996235731,
        "eval_f1_macro": 0.4874108154314891,
        "eval_precision_micro": 0.6159663865546219,
        "eval_recall_micro": 0.6159663865546219,
        "eval_f1_micro": 0.6159663865546219,
        "eval_runtime": 2.7291,
        "eval_samples_per_second": 197.135,
        "eval_steps_per_second": 24.917
    },
    "baseline_avg_adapter": {
        "eval_loss": 3.8749241828918457,
        "eval_model_preparation_time": 0.0311,
        "eval_accuracy": 0.6056956115779645,
        "eval_precision_macro": 0.5023955367675508,
        "eval_recall_macro": 0.49071713353395513,
        "eval_f1_macro": 0.46936175305382744,
        "eval_precision_micro": 0.6056956115779645,
        "eval_recall_micro": 0.6056956115779645,
        "eval_f1_micro": 0.6056956115779645,
        "eval_runtime": 2.9975,
        "eval_samples_per_second": 179.48,
        "eval_steps_per_second": 22.685
    },
    "baseline_closest_featural": {
        "eval_loss": 5.12032413482666,
        "eval_model_preparation_time": 0.0295,
        "eval_accuracy": 0.49645191409897294,
        "eval_precision_macro": 0.4289402940052889,
        "eval_recall_macro": 0.41484041022841395,
        "eval_f1_macro": 0.3897495807169735,
        "eval_precision_micro": 0.49645191409897294,
        "eval_recall_micro": 0.49645191409897294,
        "eval_f1_micro": 0.49645191409897294,
        "eval_runtime": 2.998,
        "eval_samples_per_second": 179.454,
        "eval_steps_per_second": 22.682
    },
    "no_train_gain": {
        "eval_loss": 4.678689479827881,
        "eval_model_preparation_time": 0.0308,
        "eval_accuracy": 0.5860877684407096,
        "eval_precision_macro": 0.4892823814022008,
        "eval_recall_macro": 0.4937450583108121,
        "eval_f1_macro": 0.4622206553592879,
        "eval_precision_micro": 0.5860877684407096,
        "eval_recall_micro": 0.5860877684407096,
        "eval_f1_micro": 0.5860877684407096,
        "eval_runtime": 2.9994,
        "eval_samples_per_second": 179.372,
        "eval_steps_per_second": 22.671
    }
}
