{
    "reconstructed_featural": {
        "eval_loss": 0.9879708886146545,
        "eval_model_preparation_time": 0.0283,
        "eval_precision": 0.7175229975319721,
        "eval_recall": 0.7882671925067785,
        "eval_f1": 0.7512332628611698,
        "eval_accuracy": 0.8791392457954664,
        "eval_runtime": 26.3444,
        "eval_samples_per_second": 379.587,
        "eval_steps_per_second": 47.448
    }
}