{
    "reconstructed_syntactic": {
        "eval_loss": 0.9806964993476868,
        "eval_model_preparation_time": 0.0276,
        "eval_precision": 0.7162707306140744,
        "eval_recall": 0.7877742174020212,
        "eval_f1": 0.750322807841296,
        "eval_accuracy": 0.8795760804535483,
        "eval_runtime": 27.8749,
        "eval_samples_per_second": 358.746,
        "eval_steps_per_second": 44.843
    },
    "reconstructed_morphological": {
        "eval_loss": 0.9852908253669739,
        "eval_model_preparation_time": 0.0274,
        "eval_precision": 0.7149787297559519,
        "eval_recall": 0.7871169172623449,
        "eval_f1": 0.7493156042236995,
        "eval_accuracy": 0.8790252889281407,
        "eval_runtime": 28.8841,
        "eval_samples_per_second": 346.211,
        "eval_steps_per_second": 43.276
    }
}
