{
    "reconstructed_featural": {
        "eval_loss": 0.9601579904556274,
        "eval_model_preparation_time": 0.0276,
        "eval_precision": 0.7229871296019156,
        "eval_recall": 0.7938542436940268,
        "eval_f1": 0.7567652242020755,
        "eval_accuracy": 0.8842008299858504,
        "eval_runtime": 27.7071,
        "eval_samples_per_second": 360.918,
        "eval_steps_per_second": 45.115
    },
    "reconstructed_syntactic": {
        "eval_loss": 0.9973798990249634,
        "eval_model_preparation_time": 0.0283,
        "eval_precision": 0.7272318416910276,
        "eval_recall": 0.7971407443924082,
        "eval_f1": 0.7605832549388523,
        "eval_accuracy": 0.883156225368698,
        "eval_runtime": 28.5123,
        "eval_samples_per_second": 350.726,
        "eval_steps_per_second": 43.841
    },
    "reconstructed_morphological": {
        "eval_loss": 1.0624134540557861,
        "eval_model_preparation_time": 0.028,
        "eval_precision": 0.7160429010725268,
        "eval_recall": 0.7844055541861803,
        "eval_f1": 0.7486668757841906,
        "eval_accuracy": 0.8759959355383987,
        "eval_runtime": 27.8522,
        "eval_samples_per_second": 359.038,
        "eval_steps_per_second": 44.88
    }
}
