{
    "reconstructed_featural": {
        "eval_loss": 2.259167432785034,
        "eval_model_preparation_time": 0.0291,
        "eval_accuracy": 0.8112858464384829,
        "eval_precision_macro": 0.6313607559164645,
        "eval_recall_macro": 0.6992915072602338,
        "eval_f1_macro": 0.6168534203273399,
        "eval_precision_micro": 0.8112858464384829,
        "eval_recall_micro": 0.8112858464384829,
        "eval_f1_micro": 0.8112858464384829,
        "eval_runtime": 2.1176,
        "eval_samples_per_second": 188.897,
        "eval_steps_per_second": 23.612
    }
}