{
    "reconstructed_featural": {
        "eval_loss": 2.235654354095459,
        "eval_model_preparation_time": 0.0277,
        "eval_accuracy": 0.8150786308973172,
        "eval_precision_macro": 0.6428160330435548,
        "eval_recall_macro": 0.7028343767022494,
        "eval_f1_macro": 0.6213241154512914,
        "eval_precision_micro": 0.8150786308973172,
        "eval_recall_micro": 0.8150786308973172,
        "eval_f1_micro": 0.8150786308973172,
        "eval_runtime": 2.1776,
        "eval_samples_per_second": 183.691,
        "eval_steps_per_second": 22.961
    },
    "reconstructed_syntactic": {
        "eval_loss": 2.252073287963867,
        "eval_model_preparation_time": 0.0281,
        "eval_accuracy": 0.8135985198889917,
        "eval_precision_macro": 0.634604824280114,
        "eval_recall_macro": 0.7018346253114738,
        "eval_f1_macro": 0.6111839517095624,
        "eval_precision_micro": 0.8135985198889917,
        "eval_recall_micro": 0.8135985198889917,
        "eval_f1_micro": 0.8135985198889917,
        "eval_runtime": 2.1806,
        "eval_samples_per_second": 183.438,
        "eval_steps_per_second": 22.93
    },
    "reconstructed_morphological": {
        "eval_loss": 2.258509635925293,
        "eval_model_preparation_time": 0.0279,
        "eval_accuracy": 0.8100832562442183,
        "eval_precision_macro": 0.6252723758936011,
        "eval_recall_macro": 0.6993035373784365,
        "eval_f1_macro": 0.6063536311931522,
        "eval_precision_micro": 0.8100832562442183,
        "eval_recall_micro": 0.8100832562442183,
        "eval_f1_micro": 0.8100832562442183,
        "eval_runtime": 2.1807,
        "eval_samples_per_second": 183.43,
        "eval_steps_per_second": 22.929
    }
}