{
    "reconstructed_featural": {
        "eval_loss": 2.2624781131744385,
        "eval_model_preparation_time": 0.0271,
        "eval_accuracy": 0.8111933395004626,
        "eval_precision_macro": 0.6273159036272986,
        "eval_recall_macro": 0.6989372939398023,
        "eval_f1_macro": 0.6104029181461333,
        "eval_precision_micro": 0.8111933395004626,
        "eval_recall_micro": 0.8111933395004626,
        "eval_f1_micro": 0.8111933395004626,
        "eval_runtime": 2.1326,
        "eval_samples_per_second": 187.562,
        "eval_steps_per_second": 23.445
    }
}
