{
    "reconstructed_featural": {
        "eval_loss": 2.2551310062408447,
        "eval_model_preparation_time": 0.0304,
        "eval_accuracy": 0.8123034227567068,
        "eval_precision_macro": 0.6319568842028145,
        "eval_recall_macro": 0.6999295783974683,
        "eval_f1_macro": 0.617460732629924,
        "eval_precision_micro": 0.8123034227567068,
        "eval_recall_micro": 0.8123034227567068,
        "eval_f1_micro": 0.8123034227567068,
        "eval_runtime": 2.2873,
        "eval_samples_per_second": 174.878,
        "eval_steps_per_second": 21.86
    },
    "baseline_en": {
        "eval_loss": 2.3572473526000977,
        "eval_model_preparation_time": 0.0306,
        "eval_accuracy": 0.7998149861239593,
        "eval_precision_macro": 0.6053653024106542,
        "eval_recall_macro": 0.6922849811025082,
        "eval_f1_macro": 0.5995567906105282,
        "eval_precision_micro": 0.7998149861239593,
        "eval_recall_micro": 0.7998149861239593,
        "eval_f1_micro": 0.7998149861239593,
        "eval_runtime": 2.2839,
        "eval_samples_per_second": 175.137,
        "eval_steps_per_second": 21.892
    },
    "baseline_task_adapter": {
        "eval_loss": 2.2136528491973877,
        "eval_model_preparation_time": 0.0299,
        "eval_accuracy": 0.8138760407030527,
        "eval_precision_macro": 0.6547320311108867,
        "eval_recall_macro": 0.7002818020595727,
        "eval_f1_macro": 0.6354364788312614,
        "eval_precision_micro": 0.8138760407030527,
        "eval_recall_micro": 0.8138760407030527,
        "eval_f1_micro": 0.8138760407030527,
        "eval_runtime": 2.0856,
        "eval_samples_per_second": 191.792,
        "eval_steps_per_second": 23.974
    },
    "baseline_avg_adapter": {
        "eval_loss": 2.1852431297302246,
        "eval_model_preparation_time": 0.0308,
        "eval_accuracy": 0.8023126734505088,
        "eval_precision_macro": 0.6262120590503842,
        "eval_recall_macro": 0.6889227292811706,
        "eval_f1_macro": 0.5960098467573093,
        "eval_precision_micro": 0.8023126734505088,
        "eval_recall_micro": 0.8023126734505088,
        "eval_f1_micro": 0.8023126734505088,
        "eval_runtime": 2.276,
        "eval_samples_per_second": 175.749,
        "eval_steps_per_second": 21.969
    },
    "baseline_closest_featural": {
        "eval_loss": 2.2904059886932373,
        "eval_model_preparation_time": 0.0297,
        "eval_accuracy": 0.7835337650323775,
        "eval_precision_macro": 0.5974785359033188,
        "eval_recall_macro": 0.6846507837686615,
        "eval_f1_macro": 0.5838077442037614,
        "eval_precision_micro": 0.7835337650323775,
        "eval_recall_micro": 0.7835337650323775,
        "eval_f1_micro": 0.7835337650323775,
        "eval_runtime": 2.2833,
        "eval_samples_per_second": 175.187,
        "eval_steps_per_second": 21.898
    },
    "no_train_gain": {
        "eval_loss": 2.2972848415374756,
        "eval_model_preparation_time": 0.0307,
        "eval_accuracy": 0.8070305272895467,
        "eval_precision_macro": 0.6245668375738762,
        "eval_recall_macro": 0.6985255372264854,
        "eval_f1_macro": 0.6087051616407372,
        "eval_precision_micro": 0.8070305272895467,
        "eval_recall_micro": 0.8070305272895467,
        "eval_f1_micro": 0.8070305272895467,
        "eval_runtime": 2.2823,
        "eval_samples_per_second": 175.262,
        "eval_steps_per_second": 21.908
    }
}