{
    "reconstructed_featural": {
        "eval_loss": 2.6624326705932617,
        "eval_model_preparation_time": 0.0307,
        "eval_precision": 0.3333333333333333,
        "eval_recall": 0.5619047619047619,
        "eval_f1": 0.4184397163120568,
        "eval_accuracy": 0.6807851239669421,
        "eval_runtime": 0.4314,
        "eval_samples_per_second": 231.828,
        "eval_steps_per_second": 30.138
    },
    "baseline_en": {
        "eval_loss": 3.3592782020568848,
        "eval_model_preparation_time": 0.0278,
        "eval_precision": 0.2777777777777778,
        "eval_recall": 0.47619047619047616,
        "eval_f1": 0.3508771929824561,
        "eval_accuracy": 0.6296487603305785,
        "eval_runtime": 0.4555,
        "eval_samples_per_second": 219.539,
        "eval_steps_per_second": 28.54
    },
    "baseline_task_adapter": {
        "eval_loss": 2.181196928024292,
        "eval_model_preparation_time": 0.0284,
        "eval_precision": 0.29651162790697677,
        "eval_recall": 0.4857142857142857,
        "eval_f1": 0.36823104693140796,
        "eval_accuracy": 0.7257231404958677,
        "eval_runtime": 0.3885,
        "eval_samples_per_second": 257.388,
        "eval_steps_per_second": 33.46
    },
    "baseline_avg_adapter": {
        "eval_loss": 2.041219711303711,
        "eval_model_preparation_time": 0.0292,
        "eval_precision": 0.3627450980392157,
        "eval_recall": 0.3523809523809524,
        "eval_f1": 0.35748792270531404,
        "eval_accuracy": 0.8135330578512396,
        "eval_runtime": 0.4284,
        "eval_samples_per_second": 233.41,
        "eval_steps_per_second": 30.343
    },
    "baseline_closest_featural": {
        "eval_loss": 1.5985620021820068,
        "eval_model_preparation_time": 0.0283,
        "eval_precision": 0.3282828282828283,
        "eval_recall": 0.6190476190476191,
        "eval_f1": 0.429042904290429,
        "eval_accuracy": 0.7825413223140496,
        "eval_runtime": 0.3976,
        "eval_samples_per_second": 251.488,
        "eval_steps_per_second": 32.693
    },
    "no_train_gain": {
        "eval_loss": 2.6926398277282715,
        "eval_model_preparation_time": 0.029,
        "eval_precision": 0.2918918918918919,
        "eval_recall": 0.5142857142857142,
        "eval_f1": 0.37241379310344824,
        "eval_accuracy": 0.668904958677686,
        "eval_runtime": 0.4079,
        "eval_samples_per_second": 245.144,
        "eval_steps_per_second": 31.869
    }
}