{
    "reconstructed_syntactic": {
        "eval_loss": 2.6608786582946777,
        "eval_model_preparation_time": 0.028,
        "eval_precision": 0.3333333333333333,
        "eval_recall": 0.5619047619047619,
        "eval_f1": 0.4184397163120568,
        "eval_accuracy": 0.6807851239669421,
        "eval_runtime": 0.3966,
        "eval_samples_per_second": 252.163,
        "eval_steps_per_second": 32.781
    },
    "reconstructed_morphological": {
        "eval_loss": 2.6641714572906494,
        "eval_model_preparation_time": 0.0274,
        "eval_precision": 0.33146067415730335,
        "eval_recall": 0.5619047619047619,
        "eval_f1": 0.41696113074204944,
        "eval_accuracy": 0.6807851239669421,
        "eval_runtime": 0.3949,
        "eval_samples_per_second": 253.208,
        "eval_steps_per_second": 32.917
    }
}