{
    "reconstructed_featural": {
        "eval_loss": 2.749114751815796,
        "eval_model_preparation_time": 0.0278,
        "eval_precision": 0.3352272727272727,
        "eval_recall": 0.5619047619047619,
        "eval_f1": 0.4199288256227758,
        "eval_accuracy": 0.668904958677686,
        "eval_runtime": 0.3993,
        "eval_samples_per_second": 250.465,
        "eval_steps_per_second": 32.56
    }
}
