{
    "reconstructed_featural": {
        "eval_loss": 4.278669357299805,
        "eval_model_preparation_time": 0.0278,
        "eval_accuracy": 0.5297783933518005,
        "eval_precision_macro": 0.45525534762397,
        "eval_recall_macro": 0.42201157252639293,
        "eval_f1_macro": 0.4155764530472954,
        "eval_precision_micro": 0.5297783933518005,
        "eval_recall_micro": 0.5297783933518005,
        "eval_f1_micro": 0.5297783933518005,
        "eval_runtime": 0.5464,
        "eval_samples_per_second": 183.012,
        "eval_steps_per_second": 23.792
    }
}