{
    "reconstructed_featural": {
        "eval_loss": 4.20268440246582,
        "eval_model_preparation_time": 0.0294,
        "eval_accuracy": 0.5325484764542936,
        "eval_precision_macro": 0.45618567839744084,
        "eval_recall_macro": 0.4229864842625755,
        "eval_f1_macro": 0.4172417561321121,
        "eval_precision_micro": 0.5325484764542936,
        "eval_recall_micro": 0.5325484764542936,
        "eval_f1_micro": 0.5325484764542936,
        "eval_runtime": 0.5455,
        "eval_samples_per_second": 183.324,
        "eval_steps_per_second": 23.832
    },
    "reconstructed_syntactic": {
        "eval_loss": 4.20268440246582,
        "eval_model_preparation_time": 0.0284,
        "eval_accuracy": 0.5325484764542936,
        "eval_precision_macro": 0.45618567839744084,
        "eval_recall_macro": 0.4229864842625755,
        "eval_f1_macro": 0.4172417561321121,
        "eval_precision_micro": 0.5325484764542936,
        "eval_recall_micro": 0.5325484764542936,
        "eval_f1_micro": 0.5325484764542936,
        "eval_runtime": 0.5464,
        "eval_samples_per_second": 183.024,
        "eval_steps_per_second": 23.793
    },
    "reconstructed_morphological": {
        "eval_loss": 4.259535312652588,
        "eval_model_preparation_time": 0.0294,
        "eval_accuracy": 0.5304709141274239,
        "eval_precision_macro": 0.45700340736248735,
        "eval_recall_macro": 0.422365923707284,
        "eval_f1_macro": 0.41650008330498933,
        "eval_precision_micro": 0.5304709141274239,
        "eval_recall_micro": 0.5304709141274239,
        "eval_f1_micro": 0.5304709141274239,
        "eval_runtime": 0.5465,
        "eval_samples_per_second": 182.983,
        "eval_steps_per_second": 23.788
    }
}