{
    "reconstructed_featural": {
        "eval_loss": 4.278565406799316,
        "eval_model_preparation_time": 0.0281,
        "eval_accuracy": 0.5304709141274239,
        "eval_precision_macro": 0.4570205310146793,
        "eval_recall_macro": 0.42241414901592594,
        "eval_f1_macro": 0.41656080778920185,
        "eval_precision_micro": 0.5304709141274239,
        "eval_recall_micro": 0.5304709141274239,
        "eval_f1_micro": 0.5304709141274239,
        "eval_runtime": 0.5503,
        "eval_samples_per_second": 181.705,
        "eval_steps_per_second": 23.622
    }
}
