{
    "reconstructed_featural": {
        "eval_loss": 1.3183965682983398,
        "eval_model_preparation_time": 0.0287,
        "eval_precision": 0.35333333333333333,
        "eval_recall": 0.39552238805970147,
        "eval_f1": 0.3732394366197183,
        "eval_accuracy": 0.8362959900785448,
        "eval_runtime": 0.3746,
        "eval_samples_per_second": 266.923,
        "eval_steps_per_second": 34.7
    },
    "baseline_en": {
        "eval_loss": 2.294874668121338,
        "eval_model_preparation_time": 0.0271,
        "eval_precision": 0.2653061224489796,
        "eval_recall": 0.19402985074626866,
        "eval_f1": 0.22413793103448276,
        "eval_accuracy": 0.7928896238114923,
        "eval_runtime": 0.3718,
        "eval_samples_per_second": 268.966,
        "eval_steps_per_second": 34.966
    },
    "baseline_task_adapter": {
        "eval_loss": 1.214634656906128,
        "eval_model_preparation_time": 0.0291,
        "eval_precision": 0.3270440251572327,
        "eval_recall": 0.3880597014925373,
        "eval_f1": 0.35494880546075086,
        "eval_accuracy": 0.8354692021496486,
        "eval_runtime": 0.3224,
        "eval_samples_per_second": 310.214,
        "eval_steps_per_second": 40.328
    },
    "baseline_avg_adapter": {
        "eval_loss": 1.8772192001342773,
        "eval_model_preparation_time": 0.0297,
        "eval_precision": 0.27710843373493976,
        "eval_recall": 0.17164179104477612,
        "eval_f1": 0.2119815668202765,
        "eval_accuracy": 0.8007441091360066,
        "eval_runtime": 0.363,
        "eval_samples_per_second": 275.517,
        "eval_steps_per_second": 35.817
    },
    "baseline_closest_featural": {
        "eval_loss": 3.491260051727295,
        "eval_model_preparation_time": 0.0268,
        "eval_precision": 0.2857142857142857,
        "eval_recall": 0.07462686567164178,
        "eval_f1": 0.11834319526627217,
        "eval_accuracy": 0.7420421661843737,
        "eval_runtime": 0.3696,
        "eval_samples_per_second": 270.566,
        "eval_steps_per_second": 35.174
    },
    "no_train_gain": {
        "eval_loss": 1.6602065563201904,
        "eval_model_preparation_time": 0.0286,
        "eval_precision": 0.36363636363636365,
        "eval_recall": 0.3582089552238806,
        "eval_f1": 0.36090225563909767,
        "eval_accuracy": 0.8276147168251343,
        "eval_runtime": 0.383,
        "eval_samples_per_second": 261.123,
        "eval_steps_per_second": 33.946
    }
}