{
    "reconstructed_featural": {
        "eval_loss": 1.332554578781128,
        "eval_model_preparation_time": 0.0289,
        "eval_precision": 0.3466666666666667,
        "eval_recall": 0.3880597014925373,
        "eval_f1": 0.3661971830985916,
        "eval_accuracy": 0.8375361719718892,
        "eval_runtime": 0.3603,
        "eval_samples_per_second": 277.577,
        "eval_steps_per_second": 36.085
    }
}
