{
    "reconstructed_featural": {
        "eval_loss": 7.441038131713867,
        "eval_model_preparation_time": 0.028,
        "eval_accuracy": 0.33790999237223496,
        "eval_precision_macro": 0.18836166840649238,
        "eval_recall_macro": 0.18448829611463413,
        "eval_f1_macro": 0.1284641746071901,
        "eval_precision_micro": 0.33790999237223496,
        "eval_recall_micro": 0.33790999237223496,
        "eval_f1_micro": 0.33790999237223496,
        "eval_runtime": 0.5395,
        "eval_samples_per_second": 181.643,
        "eval_steps_per_second": 24.095
    }
}