{
    "reconstructed_featural": {
        "eval_loss": 7.140737533569336,
        "eval_model_preparation_time": 0.0296,
        "eval_accuracy": 0.30815569972196477,
        "eval_precision_macro": 0.2686038710469461,
        "eval_recall_macro": 0.25534617061391124,
        "eval_f1_macro": 0.19224462721437283,
        "eval_precision_micro": 0.30815569972196477,
        "eval_recall_micro": 0.30815569972196477,
        "eval_f1_micro": 0.30815569972196477,
        "eval_runtime": 1.5668,
        "eval_samples_per_second": 185.733,
        "eval_steps_per_second": 23.616
    },
    "baseline_en": {
        "eval_loss": 7.468750953674316,
        "eval_model_preparation_time": 0.0282,
        "eval_accuracy": 0.3229842446709917,
        "eval_precision_macro": 0.25894947101611054,
        "eval_recall_macro": 0.26102376484005546,
        "eval_f1_macro": 0.19613825623134046,
        "eval_precision_micro": 0.3229842446709917,
        "eval_recall_micro": 0.3229842446709917,
        "eval_f1_micro": 0.3229842446709917,
        "eval_runtime": 1.5763,
        "eval_samples_per_second": 184.612,
        "eval_steps_per_second": 23.473
    },
    "baseline_task_adapter": {
        "eval_loss": 6.66448450088501,
        "eval_model_preparation_time": 0.0296,
        "eval_accuracy": 0.32684584491813407,
        "eval_precision_macro": 0.2579436065873828,
        "eval_recall_macro": 0.25995283908148203,
        "eval_f1_macro": 0.19262912341754593,
        "eval_precision_micro": 0.32684584491813407,
        "eval_recall_micro": 0.32684584491813407,
        "eval_f1_micro": 0.32684584491813407,
        "eval_runtime": 1.4323,
        "eval_samples_per_second": 203.174,
        "eval_steps_per_second": 25.833
    },
    "baseline_avg_adapter": {
        "eval_loss": 6.347610950469971,
        "eval_model_preparation_time": 0.0303,
        "eval_accuracy": 0.3484708063021316,
        "eval_precision_macro": 0.24685290332170456,
        "eval_recall_macro": 0.23267540839620585,
        "eval_f1_macro": 0.16226001943395887,
        "eval_precision_micro": 0.3484708063021316,
        "eval_recall_micro": 0.3484708063021316,
        "eval_f1_micro": 0.3484708063021316,
        "eval_runtime": 1.5762,
        "eval_samples_per_second": 184.62,
        "eval_steps_per_second": 23.474
    },
    "baseline_closest_featural": {
        "eval_loss": 7.396429061889648,
        "eval_model_preparation_time": 0.03,
        "eval_accuracy": 0.28977448254556687,
        "eval_precision_macro": 0.22944309628202855,
        "eval_recall_macro": 0.23192431463110574,
        "eval_f1_macro": 0.15511632217808188,
        "eval_precision_micro": 0.28977448254556687,
        "eval_recall_micro": 0.28977448254556687,
        "eval_f1_micro": 0.28977448254556687,
        "eval_runtime": 1.5702,
        "eval_samples_per_second": 185.321,
        "eval_steps_per_second": 23.563
    },
    "no_train_gain": {
        "eval_loss": 7.378768444061279,
        "eval_model_preparation_time": 0.031,
        "eval_accuracy": 0.30522088353413657,
        "eval_precision_macro": 0.26686412628014655,
        "eval_recall_macro": 0.26006467840750214,
        "eval_f1_macro": 0.19450502617513826,
        "eval_precision_micro": 0.30522088353413657,
        "eval_recall_micro": 0.30522088353413657,
        "eval_f1_micro": 0.30522088353413657,
        "eval_runtime": 1.5736,
        "eval_samples_per_second": 184.931,
        "eval_steps_per_second": 23.514
    }
}