{
    "reconstructed_featural": {
        "eval_loss": 7.170566082000732,
        "eval_model_preparation_time": 0.0278,
        "eval_accuracy": 0.305993203583565,
        "eval_precision_macro": 0.26948324374770033,
        "eval_recall_macro": 0.2557693702464994,
        "eval_f1_macro": 0.19252475152414167,
        "eval_precision_micro": 0.305993203583565,
        "eval_recall_micro": 0.305993203583565,
        "eval_f1_micro": 0.305993203583565,
        "eval_runtime": 1.5502,
        "eval_samples_per_second": 187.722,
        "eval_steps_per_second": 23.868
    }
}
