{
    "reconstructed_featural": {
        "eval_loss": 7.198889255523682,
        "eval_model_preparation_time": 0.0272,
        "eval_accuracy": 0.30444856348470806,
        "eval_precision_macro": 0.2685964686752974,
        "eval_recall_macro": 0.25518876514985034,
        "eval_f1_macro": 0.19170077072051941,
        "eval_precision_micro": 0.30444856348470806,
        "eval_recall_micro": 0.30444856348470806,
        "eval_f1_micro": 0.30444856348470806,
        "eval_runtime": 1.571,
        "eval_samples_per_second": 185.228,
        "eval_steps_per_second": 23.551
    }
}
