{
    "reconstructed_featural": {
        "eval_loss": 4.158108711242676,
        "eval_model_preparation_time": 0.0284,
        "eval_precision": 0.2073170731707317,
        "eval_recall": 0.3119266055045872,
        "eval_f1": 0.24908424908424912,
        "eval_accuracy": 0.5260029717682021,
        "eval_runtime": 0.4156,
        "eval_samples_per_second": 240.611,
        "eval_steps_per_second": 31.279
    }
}