{
    "reconstructed_featural": {
        "eval_loss": 4.153235912322998,
        "eval_model_preparation_time": 0.0288,
        "eval_precision": 0.20606060606060606,
        "eval_recall": 0.3119266055045872,
        "eval_f1": 0.24817518248175183,
        "eval_accuracy": 0.5250123823675087,
        "eval_runtime": 0.4163,
        "eval_samples_per_second": 240.213,
        "eval_steps_per_second": 31.228
    }
}
