{
    "reconstructed_featural": {
        "eval_loss": 2.0051209926605225,
        "eval_model_preparation_time": 0.0285,
        "eval_precision": 0.42801294149366403,
        "eval_recall": 0.4635713242809169,
        "eval_f1": 0.4450830588070372,
        "eval_accuracy": 0.7924466642002713,
        "eval_runtime": 29.0607,
        "eval_samples_per_second": 344.108,
        "eval_steps_per_second": 43.013
    }
}
