{
    "reconstructed_featural": {
        "eval_loss": 4.551292419433594,
        "eval_model_preparation_time": 0.0281,
        "eval_accuracy": 0.592349872943694,
        "eval_precision_macro": 0.46379980802759374,
        "eval_recall_macro": 0.5046841401253483,
        "eval_f1_macro": 0.44584879833002994,
        "eval_precision_micro": 0.592349872943694,
        "eval_recall_micro": 0.592349872943694,
        "eval_f1_micro": 0.592349872943694,
        "eval_runtime": 2.6933,
        "eval_samples_per_second": 182.301,
        "eval_steps_per_second": 23.02
    },
    "reconstructed_syntactic": {
        "eval_loss": 4.5450758934021,
        "eval_model_preparation_time": 0.0281,
        "eval_accuracy": 0.5929517186037181,
        "eval_precision_macro": 0.4647399547976576,
        "eval_recall_macro": 0.5047018433115992,
        "eval_f1_macro": 0.44598348886306177,
        "eval_precision_micro": 0.5929517186037181,
        "eval_recall_micro": 0.5929517186037181,
        "eval_f1_micro": 0.5929517186037181,
        "eval_runtime": 2.7031,
        "eval_samples_per_second": 181.643,
        "eval_steps_per_second": 22.937
    },
    "reconstructed_morphological": {
        "eval_loss": 4.509928226470947,
        "eval_model_preparation_time": 0.0295,
        "eval_accuracy": 0.5960278186438411,
        "eval_precision_macro": 0.4738496959242193,
        "eval_recall_macro": 0.5054180055026293,
        "eval_f1_macro": 0.44911538744072754,
        "eval_precision_micro": 0.5960278186438411,
        "eval_recall_micro": 0.5960278186438411,
        "eval_f1_micro": 0.5960278186438411,
        "eval_runtime": 2.7112,
        "eval_samples_per_second": 181.101,
        "eval_steps_per_second": 22.868
    }
}
