{
    "reconstructed_featural": {
        "eval_loss": 4.52238130569458,
        "eval_model_preparation_time": 0.029,
        "eval_accuracy": 0.5924167446836966,
        "eval_precision_macro": 0.4624161717660762,
        "eval_recall_macro": 0.5056604916027944,
        "eval_f1_macro": 0.44644959736171796,
        "eval_precision_micro": 0.5924167446836966,
        "eval_recall_micro": 0.5924167446836966,
        "eval_f1_micro": 0.5924167446836966,
        "eval_runtime": 2.6059,
        "eval_samples_per_second": 188.419,
        "eval_steps_per_second": 23.792
    }
}