{
    "reconstructed_featural": {
        "eval_loss": 1.8953747749328613,
        "eval_model_preparation_time": 0.0293,
        "eval_precision": 0.6110294117647059,
        "eval_recall": 0.6767100977198697,
        "eval_f1": 0.6421947449768162,
        "eval_accuracy": 0.8020696142991534,
        "eval_runtime": 2.9387,
        "eval_samples_per_second": 340.286,
        "eval_steps_per_second": 42.536
    }
}
