{
    "reconstructed_featural": {
        "eval_loss": 1.8984944820404053,
        "eval_model_preparation_time": 0.0287,
        "eval_precision": 0.6028571428571429,
        "eval_recall": 0.6872964169381107,
        "eval_f1": 0.6423135464231355,
        "eval_accuracy": 0.7990592662276575,
        "eval_runtime": 3.0188,
        "eval_samples_per_second": 331.258,
        "eval_steps_per_second": 41.407
    },
    "reconstructed_syntactic": {
        "eval_loss": 1.9057010412216187,
        "eval_model_preparation_time": 0.029,
        "eval_precision": 0.5888181174805379,
        "eval_recall": 0.6775244299674267,
        "eval_f1": 0.630064369556986,
        "eval_accuracy": 0.7951081843838194,
        "eval_runtime": 2.9901,
        "eval_samples_per_second": 334.433,
        "eval_steps_per_second": 41.804
    },
    "reconstructed_morphological": {
        "eval_loss": 1.8682925701141357,
        "eval_model_preparation_time": 0.0281,
        "eval_precision": 0.6061692969870875,
        "eval_recall": 0.6881107491856677,
        "eval_f1": 0.6445461479786423,
        "eval_accuracy": 0.7990592662276575,
        "eval_runtime": 2.972,
        "eval_samples_per_second": 336.476,
        "eval_steps_per_second": 42.059
    }
}