{
    "reconstructed_featural": {
        "eval_loss": 2.3898656368255615,
        "eval_model_preparation_time": 0.0294,
        "eval_accuracy": 0.7161441940492677,
        "eval_precision_macro": 0.5876930927891416,
        "eval_recall_macro": 0.6285008941532431,
        "eval_f1_macro": 0.5669805639126042,
        "eval_precision_micro": 0.7161441940492677,
        "eval_recall_micro": 0.7161441940492677,
        "eval_f1_micro": 0.7161441940492677,
        "eval_runtime": 5.7333,
        "eval_samples_per_second": 174.42,
        "eval_steps_per_second": 21.802
    },
    "baseline_en": {
        "eval_loss": 2.484867572784424,
        "eval_model_preparation_time": 0.0297,
        "eval_accuracy": 0.7139619791010953,
        "eval_precision_macro": 0.5817340227620951,
        "eval_recall_macro": 0.6256873028592219,
        "eval_f1_macro": 0.5627235357431141,
        "eval_precision_micro": 0.7139619791010953,
        "eval_recall_micro": 0.7139619791010953,
        "eval_f1_micro": 0.7139619791010953,
        "eval_runtime": 5.7199,
        "eval_samples_per_second": 174.83,
        "eval_steps_per_second": 21.854
    },
    "baseline_task_adapter": {
        "eval_loss": 2.2361016273498535,
        "eval_model_preparation_time": 0.029,
        "eval_accuracy": 0.7202148642410509,
        "eval_precision_macro": 0.5853402684520438,
        "eval_recall_macro": 0.6234011644845272,
        "eval_f1_macro": 0.5654330000100258,
        "eval_precision_micro": 0.7202148642410509,
        "eval_recall_micro": 0.7202148642410509,
        "eval_f1_micro": 0.7202148642410509,
        "eval_runtime": 5.2489,
        "eval_samples_per_second": 190.517,
        "eval_steps_per_second": 23.815
    },
    "baseline_avg_adapter": {
        "eval_loss": 2.0760340690612793,
        "eval_model_preparation_time": 0.0311,
        "eval_accuracy": 0.7081287506819421,
        "eval_precision_macro": 0.5788128084721296,
        "eval_recall_macro": 0.5973379610695827,
        "eval_f1_macro": 0.54804383509587,
        "eval_precision_micro": 0.7081287506819421,
        "eval_recall_micro": 0.7081287506819421,
        "eval_f1_micro": 0.7081287506819421,
        "eval_runtime": 5.7329,
        "eval_samples_per_second": 174.433,
        "eval_steps_per_second": 21.804
    },
    "baseline_closest_featural": {
        "eval_loss": 2.3599255084991455,
        "eval_model_preparation_time": 0.0297,
        "eval_accuracy": 0.713206597003651,
        "eval_precision_macro": 0.6193471404206307,
        "eval_recall_macro": 0.6756535627031708,
        "eval_f1_macro": 0.6067598445332504,
        "eval_precision_micro": 0.713206597003651,
        "eval_recall_micro": 0.713206597003651,
        "eval_f1_micro": 0.713206597003651,
        "eval_runtime": 5.7178,
        "eval_samples_per_second": 174.892,
        "eval_steps_per_second": 21.861
    },
    "no_train_gain": {
        "eval_loss": 2.4024646282196045,
        "eval_model_preparation_time": 0.0313,
        "eval_accuracy": 0.7111922447437996,
        "eval_precision_macro": 0.583601879477624,
        "eval_recall_macro": 0.6239223587599301,
        "eval_f1_macro": 0.5617215615021353,
        "eval_precision_micro": 0.7111922447437996,
        "eval_recall_micro": 0.7111922447437996,
        "eval_f1_micro": 0.7111922447437996,
        "eval_runtime": 5.724,
        "eval_samples_per_second": 174.703,
        "eval_steps_per_second": 21.838
    }
}