{
    "reconstructed_featural": {
        "exact_match": 51.1764705882353,
        "f1": 67.94942298424999
    }
}