{
    "reconstructed_syntactic": {
        "exact_match": 51.09243697478992,
        "f1": 67.81468977607871
    },
    "reconstructed_morphological": {
        "exact_match": 51.09243697478992,
        "f1": 67.85698600946007
    }
}
