{
    "reconstructed_featural": {
        "eval_loss": 1.4371696710586548,
        "eval_model_preparation_time": 0.0286,
        "eval_accuracy": 0.8698268755152514,
        "eval_precision_macro": 0.6521136496199123,
        "eval_recall_macro": 0.6726268348640692,
        "eval_f1_macro": 0.6300974515551888,
        "eval_precision_micro": 0.8698268755152514,
        "eval_recall_micro": 0.8698268755152514,
        "eval_f1_micro": 0.8698268755152514,
        "eval_runtime": 5.8965,
        "eval_samples_per_second": 192.655,
        "eval_steps_per_second": 24.082
    }
}