{
    "reconstructed_featural": {
        "eval_loss": 0.9562326073646545,
        "eval_model_preparation_time": 0.0284,
        "eval_precision": 0.6244967287367891,
        "eval_recall": 0.7009108239779708,
        "eval_f1": 0.6605010146711466,
        "eval_accuracy": 0.8890802491755222,
        "eval_runtime": 32.5842,
        "eval_samples_per_second": 306.897,
        "eval_steps_per_second": 38.362
    }
}