{
    "reconstructed_featural": {
        "eval_loss": 0.9532378911972046,
        "eval_model_preparation_time": 0.0295,
        "eval_precision": 0.6230672532998114,
        "eval_recall": 0.6999223328390878,
        "eval_f1": 0.6592624613440627,
        "eval_accuracy": 0.8891474288506168,
        "eval_runtime": 33.9955,
        "eval_samples_per_second": 294.156,
        "eval_steps_per_second": 36.77
    },
    "baseline_en": {
        "eval_loss": 1.0912953615188599,
        "eval_model_preparation_time": 0.0284,
        "eval_precision": 0.6313121466172743,
        "eval_recall": 0.685871637364965,
        "eval_f1": 0.6574619289340101,
        "eval_accuracy": 0.884841822401368,
        "eval_runtime": 35.0305,
        "eval_samples_per_second": 285.466,
        "eval_steps_per_second": 35.683
    },
    "baseline_task_adapter": {
        "eval_loss": 0.9376055598258972,
        "eval_model_preparation_time": 0.0276,
        "eval_precision": 0.6000375845652719,
        "eval_recall": 0.676339758525736,
        "eval_f1": 0.6359079895110697,
        "eval_accuracy": 0.884524245755466,
        "eval_runtime": 29.9483,
        "eval_samples_per_second": 333.909,
        "eval_steps_per_second": 41.739
    },
    "baseline_avg_adapter": {
        "eval_loss": 1.2109066247940063,
        "eval_model_preparation_time": 0.0289,
        "eval_precision": 0.5795624812706024,
        "eval_recall": 0.5462119607427804,
        "eval_f1": 0.5623932245283705,
        "eval_accuracy": 0.8504336142665201,
        "eval_runtime": 32.4541,
        "eval_samples_per_second": 308.127,
        "eval_steps_per_second": 38.516
    },
    "baseline_closest_featural": {
        "eval_loss": 1.5385212898254395,
        "eval_model_preparation_time": 0.0274,
        "eval_precision": 0.4822428716904277,
        "eval_recall": 0.5349855256654663,
        "eval_f1": 0.5072468619246862,
        "eval_accuracy": 0.819970685232686,
        "eval_runtime": 32.6995,
        "eval_samples_per_second": 305.815,
        "eval_steps_per_second": 38.227
    },
    "no_train_gain": {
        "eval_loss": 1.003798246383667,
        "eval_model_preparation_time": 0.0321,
        "eval_precision": 0.6186306237705438,
        "eval_recall": 0.6883428652121726,
        "eval_f1": 0.6516275650023395,
        "eval_accuracy": 0.8870953951386344,
        "eval_runtime": 31.4399,
        "eval_samples_per_second": 318.067,
        "eval_steps_per_second": 39.758
    }
}