{
    "reconstructed_featural": {
        "eval_loss": 0.3652265667915344,
        "eval_model_preparation_time": 0.0284,
        "eval_precision": 0.6121816717268728,
        "eval_recall": 0.6975923180117207,
        "eval_f1": 0.6521021714738301,
        "eval_accuracy": 0.8987846586051057,
        "eval_runtime": 29.1043,
        "eval_samples_per_second": 343.592,
        "eval_steps_per_second": 42.949
    },
    "baseline_en": {
        "eval_loss": 0.4189741313457489,
        "eval_model_preparation_time": 0.0281,
        "eval_precision": 0.6062812638510733,
        "eval_recall": 0.6760573324860553,
        "eval_f1": 0.6392709306983576,
        "eval_accuracy": 0.8911200684011238,
        "eval_runtime": 29.2651,
        "eval_samples_per_second": 341.704,
        "eval_steps_per_second": 42.713
    },
    "baseline_task_adapter": {
        "eval_loss": 0.3795192539691925,
        "eval_model_preparation_time": 0.0279,
        "eval_precision": 0.5666828912144074,
        "eval_recall": 0.6576290333968792,
        "eval_f1": 0.6087780646426354,
        "eval_accuracy": 0.8914987174789301,
        "eval_runtime": 25.7322,
        "eval_samples_per_second": 388.618,
        "eval_steps_per_second": 48.577
    },
    "baseline_avg_adapter": {
        "eval_loss": 0.44471216201782227,
        "eval_model_preparation_time": 0.0287,
        "eval_precision": 0.5296596434359806,
        "eval_recall": 0.5768551860481537,
        "eval_f1": 0.5522509125321077,
        "eval_accuracy": 0.8737266397947966,
        "eval_runtime": 29.8278,
        "eval_samples_per_second": 335.258,
        "eval_steps_per_second": 41.907
    },
    "baseline_closest_featural": {
        "eval_loss": 0.6000725626945496,
        "eval_model_preparation_time": 0.027,
        "eval_precision": 0.5211340876576928,
        "eval_recall": 0.5658405705006001,
        "eval_f1": 0.5425679563995802,
        "eval_accuracy": 0.8417246854769757,
        "eval_runtime": 30.4901,
        "eval_samples_per_second": 327.975,
        "eval_steps_per_second": 40.997
    },
    "no_train_gain": {
        "eval_loss": 0.3793289363384247,
        "eval_model_preparation_time": 0.0296,
        "eval_precision": 0.6133474576271186,
        "eval_recall": 0.6949798771446727,
        "eval_f1": 0.6516169607096752,
        "eval_accuracy": 0.8965921582997435,
        "eval_runtime": 30.8532,
        "eval_samples_per_second": 324.116,
        "eval_steps_per_second": 40.514
    }
}