{
    "reconstructed_syntactic": {
        "eval_loss": 1.528925895690918,
        "eval_model_preparation_time": 0.028,
        "eval_accuracy": 0.8485544706107601,
        "eval_precision_macro": 0.6459496568234566,
        "eval_recall_macro": 0.6398730438214143,
        "eval_f1_macro": 0.6297505905096332,
        "eval_precision_micro": 0.8485544706107601,
        "eval_recall_micro": 0.8485544706107601,
        "eval_f1_micro": 0.8485544706107601,
        "eval_runtime": 2.4324,
        "eval_samples_per_second": 184.59,
        "eval_steps_per_second": 23.433
    },
    "reconstructed_morphological": {
        "eval_loss": 1.5300031900405884,
        "eval_model_preparation_time": 0.0282,
        "eval_accuracy": 0.8481715489182462,
        "eval_precision_macro": 0.6460172919890549,
        "eval_recall_macro": 0.6401372361053546,
        "eval_f1_macro": 0.6298547864907892,
        "eval_precision_micro": 0.8481715489182462,
        "eval_recall_micro": 0.8481715489182462,
        "eval_f1_micro": 0.8481715489182462,
        "eval_runtime": 2.4331,
        "eval_samples_per_second": 184.536,
        "eval_steps_per_second": 23.427
    }
}
