{
    "reconstructed_featural": {
        "eval_loss": 1.531738519668579,
        "eval_model_preparation_time": 0.0278,
        "eval_accuracy": 0.8480758184951177,
        "eval_precision_macro": 0.6454038225504242,
        "eval_recall_macro": 0.6399000041218817,
        "eval_f1_macro": 0.6293493266859443,
        "eval_precision_micro": 0.8480758184951177,
        "eval_recall_micro": 0.8480758184951177,
        "eval_f1_micro": 0.8480758184951177,
        "eval_runtime": 2.3788,
        "eval_samples_per_second": 188.75,
        "eval_steps_per_second": 23.962
    }
}