{
    "reconstructed_featural": {
        "eval_loss": 3.140629768371582,
        "eval_model_preparation_time": 0.0271,
        "eval_precision": 0.4249056603773585,
        "eval_recall": 0.5022301516503123,
        "eval_f1": 0.4603434178250205,
        "eval_accuracy": 0.7650220771741217,
        "eval_runtime": 3.2142,
        "eval_samples_per_second": 311.122,
        "eval_steps_per_second": 38.89
    }
}