{
    "reconstructed_featural": {
        "eval_loss": 3.1446099281311035,
        "eval_model_preparation_time": 0.0298,
        "eval_precision": 0.42458521870286575,
        "eval_recall": 0.5022301516503123,
        "eval_f1": 0.4601552921945239,
        "eval_accuracy": 0.7628463556664747,
        "eval_runtime": 3.297,
        "eval_samples_per_second": 303.302,
        "eval_steps_per_second": 37.913
    }
}
