{
    "reconstructed_featural": {
        "eval_loss": 3.1492650508880615,
        "eval_model_preparation_time": 0.0295,
        "eval_precision": 0.4146341463414634,
        "eval_recall": 0.5004460303300624,
        "eval_f1": 0.4535165723524656,
        "eval_accuracy": 0.7605426505407308,
        "eval_runtime": 3.1139,
        "eval_samples_per_second": 321.146,
        "eval_steps_per_second": 40.143
    },
    "reconstructed_syntactic": {
        "eval_loss": 3.1364877223968506,
        "eval_model_preparation_time": 0.0293,
        "eval_precision": 0.4132047477744807,
        "eval_recall": 0.49687778768956287,
        "eval_f1": 0.4511948157148643,
        "eval_accuracy": 0.7602226914954886,
        "eval_runtime": 3.0956,
        "eval_samples_per_second": 323.038,
        "eval_steps_per_second": 40.38
    },
    "reconstructed_morphological": {
        "eval_loss": 3.148181200027466,
        "eval_model_preparation_time": 0.0299,
        "eval_precision": 0.41746854182087345,
        "eval_recall": 0.5031222123104371,
        "eval_f1": 0.4563106796116505,
        "eval_accuracy": 0.7620144621488449,
        "eval_runtime": 3.0935,
        "eval_samples_per_second": 323.262,
        "eval_steps_per_second": 40.408
    }
}
