{
    "reconstructed_syntactic": {
        "eval_loss": 1.4988157749176025,
        "eval_model_preparation_time": 0.0286,
        "eval_accuracy": 0.8373435996150145,
        "eval_precision_macro": 0.6388150739800067,
        "eval_recall_macro": 0.6436315108832691,
        "eval_f1_macro": 0.6161932463712761,
        "eval_precision_micro": 0.8373435996150145,
        "eval_recall_micro": 0.8373435996150145,
        "eval_f1_micro": 0.8373435996150145,
        "eval_runtime": 1.4509,
        "eval_samples_per_second": 191.602,
        "eval_steps_per_second": 24.123
    },
    "reconstructed_morphological": {
        "eval_loss": 1.4994367361068726,
        "eval_model_preparation_time": 0.0296,
        "eval_accuracy": 0.8377285851780558,
        "eval_precision_macro": 0.6383349954746315,
        "eval_recall_macro": 0.6436068947620643,
        "eval_f1_macro": 0.6157604883403663,
        "eval_precision_micro": 0.8377285851780558,
        "eval_recall_micro": 0.8377285851780558,
        "eval_f1_micro": 0.8377285851780558,
        "eval_runtime": 1.4521,
        "eval_samples_per_second": 191.453,
        "eval_steps_per_second": 24.104
    },
    "baseline_en": {
        "eval_loss": 1.6395052671432495,
        "eval_model_preparation_time": 0.0275,
        "eval_accuracy": 0.8155919153031761,
        "eval_precision_macro": 0.6168695999085027,
        "eval_recall_macro": 0.6123071784104112,
        "eval_f1_macro": 0.59274171560797,
        "eval_precision_micro": 0.8155919153031761,
        "eval_recall_micro": 0.8155919153031761,
        "eval_f1_micro": 0.8155919153031761,
        "eval_runtime": 1.4538,
        "eval_samples_per_second": 191.22,
        "eval_steps_per_second": 24.075
    },
    "baseline_task_adapter": {
        "eval_loss": 1.4479451179504395,
        "eval_model_preparation_time": 0.0279,
        "eval_accuracy": 0.8356111645813282,
        "eval_precision_macro": 0.6458815947080716,
        "eval_recall_macro": 0.6404488300587519,
        "eval_f1_macro": 0.6095299100339822,
        "eval_precision_micro": 0.8356111645813282,
        "eval_recall_micro": 0.8356111645813282,
        "eval_f1_micro": 0.8356111645813282,
        "eval_runtime": 1.3184,
        "eval_samples_per_second": 210.868,
        "eval_steps_per_second": 26.548
    },
    "baseline_avg_adapter": {
        "eval_loss": 1.3642395734786987,
        "eval_model_preparation_time": 0.0299,
        "eval_accuracy": 0.8279114533205005,
        "eval_precision_macro": 0.6196542856118883,
        "eval_recall_macro": 0.6225115745615896,
        "eval_f1_macro": 0.5954880376684356,
        "eval_precision_micro": 0.8279114533205005,
        "eval_recall_micro": 0.8279114533205005,
        "eval_f1_micro": 0.8279114533205005,
        "eval_runtime": 1.4519,
        "eval_samples_per_second": 191.474,
        "eval_steps_per_second": 24.106
    },
    "baseline_closest_syntactic": {
        "eval_loss": 1.7985910177230835,
        "eval_model_preparation_time": 0.0274,
        "eval_accuracy": 0.7572666025024062,
        "eval_precision_macro": 0.5724725486998259,
        "eval_recall_macro": 0.5321296660515527,
        "eval_f1_macro": 0.5082021822445989,
        "eval_precision_micro": 0.7572666025024062,
        "eval_recall_micro": 0.7572666025024062,
        "eval_f1_micro": 0.7572666025024062,
        "eval_runtime": 1.4514,
        "eval_samples_per_second": 191.541,
        "eval_steps_per_second": 24.115
    },
    "baseline_closest_morphological": {
        "eval_loss": 1.570279836654663,
        "eval_model_preparation_time": 0.0285,
        "eval_accuracy": 0.8102021174205968,
        "eval_precision_macro": 0.6121927762009889,
        "eval_recall_macro": 0.5911388269896065,
        "eval_f1_macro": 0.5787034159629679,
        "eval_precision_micro": 0.8102021174205968,
        "eval_recall_micro": 0.8102021174205968,
        "eval_f1_micro": 0.8102021174205968,
        "eval_runtime": 1.4524,
        "eval_samples_per_second": 191.409,
        "eval_steps_per_second": 24.098
    },
    "no_train_gain": {
        "eval_loss": 1.5165090560913086,
        "eval_model_preparation_time": 0.0288,
        "eval_accuracy": 0.8381135707410972,
        "eval_precision_macro": 0.6342962746401235,
        "eval_recall_macro": 0.6508369294531096,
        "eval_f1_macro": 0.6174671419069644,
        "eval_precision_micro": 0.8381135707410972,
        "eval_recall_micro": 0.8381135707410972,
        "eval_f1_micro": 0.8381135707410972,
        "eval_runtime": 1.4552,
        "eval_samples_per_second": 191.042,
        "eval_steps_per_second": 24.052
    }
}