{
    "reconstructed_featural": {
        "eval_loss": 1.4987139701843262,
        "eval_model_preparation_time": 0.0319,
        "eval_accuracy": 0.8373435996150145,
        "eval_precision_macro": 0.6380339052296752,
        "eval_recall_macro": 0.643443496069254,
        "eval_f1_macro": 0.6155035167691411,
        "eval_precision_micro": 0.8373435996150145,
        "eval_recall_micro": 0.8373435996150145,
        "eval_f1_micro": 0.8373435996150145,
        "eval_runtime": 1.4807,
        "eval_samples_per_second": 187.752,
        "eval_steps_per_second": 23.638
    },
    "baseline_en": {
        "eval_loss": 1.6395052671432495,
        "eval_model_preparation_time": 0.0292,
        "eval_accuracy": 0.8155919153031761,
        "eval_precision_macro": 0.6168695999085027,
        "eval_recall_macro": 0.6123071784104112,
        "eval_f1_macro": 0.59274171560797,
        "eval_precision_micro": 0.8155919153031761,
        "eval_recall_micro": 0.8155919153031761,
        "eval_f1_micro": 0.8155919153031761,
        "eval_runtime": 1.4805,
        "eval_samples_per_second": 187.778,
        "eval_steps_per_second": 23.641
    },
    "baseline_task_adapter": {
        "eval_loss": 1.4479451179504395,
        "eval_model_preparation_time": 0.0305,
        "eval_accuracy": 0.8356111645813282,
        "eval_precision_macro": 0.6458815947080716,
        "eval_recall_macro": 0.6404488300587519,
        "eval_f1_macro": 0.6095299100339822,
        "eval_precision_micro": 0.8356111645813282,
        "eval_recall_micro": 0.8356111645813282,
        "eval_f1_micro": 0.8356111645813282,
        "eval_runtime": 1.3513,
        "eval_samples_per_second": 205.723,
        "eval_steps_per_second": 25.9
    },
    "baseline_avg_adapter": {
        "eval_loss": 1.3642395734786987,
        "eval_model_preparation_time": 0.0301,
        "eval_accuracy": 0.8279114533205005,
        "eval_precision_macro": 0.6196542856118883,
        "eval_recall_macro": 0.6225115745615896,
        "eval_f1_macro": 0.5954880376684356,
        "eval_precision_micro": 0.8279114533205005,
        "eval_recall_micro": 0.8279114533205005,
        "eval_f1_micro": 0.8279114533205005,
        "eval_runtime": 1.4811,
        "eval_samples_per_second": 187.696,
        "eval_steps_per_second": 23.631
    },
    "baseline_closest_featural": {
        "eval_loss": 1.7052397727966309,
        "eval_model_preparation_time": 0.0307,
        "eval_accuracy": 0.756111645813282,
        "eval_precision_macro": 0.5578978319008701,
        "eval_recall_macro": 0.5457210916736155,
        "eval_f1_macro": 0.518053354454349,
        "eval_precision_micro": 0.756111645813282,
        "eval_recall_micro": 0.756111645813282,
        "eval_f1_micro": 0.756111645813282,
        "eval_runtime": 1.4865,
        "eval_samples_per_second": 187.01,
        "eval_steps_per_second": 23.544
    },
    "no_train_gain": {
        "eval_loss": 1.5165090560913086,
        "eval_model_preparation_time": 0.0315,
        "eval_accuracy": 0.8381135707410972,
        "eval_precision_macro": 0.6342962746401235,
        "eval_recall_macro": 0.6508369294531096,
        "eval_f1_macro": 0.6174671419069644,
        "eval_precision_micro": 0.8381135707410972,
        "eval_recall_micro": 0.8381135707410972,
        "eval_f1_micro": 0.8381135707410972,
        "eval_runtime": 1.4836,
        "eval_samples_per_second": 187.384,
        "eval_steps_per_second": 23.591
    }
}