{
    "reconstructed_featural": {
        "eval_loss": 1.5041992664337158,
        "eval_model_preparation_time": 0.028,
        "eval_accuracy": 0.8377285851780558,
        "eval_precision_macro": 0.6382847948688835,
        "eval_recall_macro": 0.6433124961341842,
        "eval_f1_macro": 0.6148689258399032,
        "eval_precision_micro": 0.8377285851780558,
        "eval_recall_micro": 0.8377285851780558,
        "eval_f1_micro": 0.8377285851780558,
        "eval_runtime": 1.4531,
        "eval_samples_per_second": 191.309,
        "eval_steps_per_second": 24.086
    }
}
