{
    "reconstructed_featural": {
        "eval_loss": 1.9081259965896606,
        "eval_model_preparation_time": 0.0292,
        "eval_precision": 0.4218891329629151,
        "eval_recall": 0.5704551410850004,
        "eval_f1": 0.48505106778087276,
        "eval_accuracy": 0.7548186026808678,
        "eval_runtime": 30.4412,
        "eval_samples_per_second": 328.502,
        "eval_steps_per_second": 41.063
    },
    "reconstructed_syntactic": {
        "eval_loss": 1.8165072202682495,
        "eval_model_preparation_time": 0.0285,
        "eval_precision": 0.42168059720538503,
        "eval_recall": 0.5773565126233948,
        "eval_f1": 0.4873893805309735,
        "eval_accuracy": 0.7642087002128153,
        "eval_runtime": 29.7754,
        "eval_samples_per_second": 335.848,
        "eval_steps_per_second": 41.981
    },
    "reconstructed_morphological": {
        "eval_loss": 1.813637137413025,
        "eval_model_preparation_time": 0.0308,
        "eval_precision": 0.402132845825716,
        "eval_recall": 0.5764829212894208,
        "eval_f1": 0.4737767885989159,
        "eval_accuracy": 0.7661653907833823,
        "eval_runtime": 29.6864,
        "eval_samples_per_second": 336.855,
        "eval_steps_per_second": 42.107
    }
}
