{
    "reconstructed_featural": {
        "eval_loss": 1.8758511543273926,
        "eval_model_preparation_time": 0.0292,
        "eval_precision": 0.41929083461341526,
        "eval_recall": 0.5722896828863457,
        "eval_f1": 0.4839865538768424,
        "eval_accuracy": 0.7572493368432731,
        "eval_runtime": 29.1423,
        "eval_samples_per_second": 343.144,
        "eval_steps_per_second": 42.893
    }
}