{
    "reconstructed_syntactic": {
        "eval_loss": 1.8763699531555176,
        "eval_model_preparation_time": 0.0287,
        "eval_precision": 0.42023296222408135,
        "eval_recall": 0.5704551410850004,
        "eval_f1": 0.4839546431482991,
        "eval_accuracy": 0.7576326061302914,
        "eval_runtime": 25.7814,
        "eval_samples_per_second": 387.876,
        "eval_steps_per_second": 48.485
    },
    "reconstructed_morphological": {
        "eval_loss": 1.8916045427322388,
        "eval_model_preparation_time": 0.0281,
        "eval_precision": 0.4214225833494551,
        "eval_recall": 0.5708919367519875,
        "eval_f1": 0.4849002003413223,
        "eval_accuracy": 0.7555952272887733,
        "eval_runtime": 26.0665,
        "eval_samples_per_second": 383.635,
        "eval_steps_per_second": 47.954
    }
}
