{
    "reconstructed_featural": {
        "eval_loss": 1.5747134685516357,
        "eval_model_preparation_time": 0.0271,
        "eval_accuracy": 0.8474559193954659,
        "eval_precision_macro": 0.7215642476439325,
        "eval_recall_macro": 0.6899425174123812,
        "eval_f1_macro": 0.6687253292484051,
        "eval_precision_micro": 0.8474559193954659,
        "eval_recall_micro": 0.8474559193954659,
        "eval_f1_micro": 0.8474559193954659,
        "eval_runtime": 5.2568,
        "eval_samples_per_second": 190.229,
        "eval_steps_per_second": 23.779
    }
}
