{
    "reconstructed_featural": {
        "eval_loss": 3.8313722610473633,
        "eval_model_preparation_time": 0.0285,
        "eval_precision": 0.34415584415584416,
        "eval_recall": 0.5,
        "eval_f1": 0.40769230769230774,
        "eval_accuracy": 0.6313662085691188,
        "eval_runtime": 0.3482,
        "eval_samples_per_second": 287.203,
        "eval_steps_per_second": 37.336
    },
    "reconstructed_syntactic": {
        "eval_loss": 3.7546865940093994,
        "eval_model_preparation_time": 0.0279,
        "eval_precision": 0.32919254658385094,
        "eval_recall": 0.5,
        "eval_f1": 0.39700374531835203,
        "eval_accuracy": 0.6337914308811641,
        "eval_runtime": 0.3534,
        "eval_samples_per_second": 282.947,
        "eval_steps_per_second": 36.783
    },
    "reconstructed_morphological": {
        "eval_loss": 3.610502243041992,
        "eval_model_preparation_time": 0.0281,
        "eval_precision": 0.31176470588235294,
        "eval_recall": 0.5,
        "eval_f1": 0.38405797101449274,
        "eval_accuracy": 0.6410670978172999,
        "eval_runtime": 0.3422,
        "eval_samples_per_second": 292.204,
        "eval_steps_per_second": 37.987
    }
}
