{
    "reconstructed_featural": {
        "eval_loss": 3.7752389907836914,
        "eval_model_preparation_time": 0.029,
        "eval_precision": 0.32051282051282054,
        "eval_recall": 0.4716981132075472,
        "eval_f1": 0.38167938931297707,
        "eval_accuracy": 0.6216653193209377,
        "eval_runtime": 0.3539,
        "eval_samples_per_second": 282.595,
        "eval_steps_per_second": 36.737
    },
    "reconstructed_syntactic": {
        "eval_loss": 3.677957773208618,
        "eval_model_preparation_time": 0.0291,
        "eval_precision": 0.30864197530864196,
        "eval_recall": 0.4716981132075472,
        "eval_f1": 0.373134328358209,
        "eval_accuracy": 0.629749393694422,
        "eval_runtime": 0.3567,
        "eval_samples_per_second": 280.309,
        "eval_steps_per_second": 36.44
    },
    "reconstructed_morphological": {
        "eval_loss": 3.610502243041992,
        "eval_model_preparation_time": 0.0294,
        "eval_precision": 0.31176470588235294,
        "eval_recall": 0.5,
        "eval_f1": 0.38405797101449274,
        "eval_accuracy": 0.6410670978172999,
        "eval_runtime": 0.3498,
        "eval_samples_per_second": 285.882,
        "eval_steps_per_second": 37.165
    }
}
