{
    "reconstructed_featural": {
        "eval_loss": 2.3709113597869873,
        "eval_model_preparation_time": 0.0286,
        "eval_precision": 0.4666666666666667,
        "eval_recall": 0.6116504854368932,
        "eval_f1": 0.5294117647058825,
        "eval_accuracy": 0.6725860155382908,
        "eval_runtime": 0.3144,
        "eval_samples_per_second": 318.087,
        "eval_steps_per_second": 41.351
    }
}
