{
    "reconstructed_featural": {
        "eval_loss": 2.412620782852173,
        "eval_model_preparation_time": 0.0299,
        "eval_precision": 0.45588235294117646,
        "eval_recall": 0.6019417475728155,
        "eval_f1": 0.5188284518828452,
        "eval_accuracy": 0.6648168701442841,
        "eval_runtime": 0.3209,
        "eval_samples_per_second": 311.668,
        "eval_steps_per_second": 40.517
    },
    "baseline_en": {
        "eval_loss": 2.789634943008423,
        "eval_model_preparation_time": 0.0268,
        "eval_precision": 0.48091603053435117,
        "eval_recall": 0.6116504854368932,
        "eval_f1": 0.5384615384615384,
        "eval_accuracy": 0.6570477247502775,
        "eval_runtime": 0.3281,
        "eval_samples_per_second": 304.787,
        "eval_steps_per_second": 39.622
    },
    "baseline_task_adapter": {
        "eval_loss": 2.4518957138061523,
        "eval_model_preparation_time": 0.0274,
        "eval_precision": 0.348993288590604,
        "eval_recall": 0.5048543689320388,
        "eval_f1": 0.41269841269841273,
        "eval_accuracy": 0.6392896781354052,
        "eval_runtime": 0.2739,
        "eval_samples_per_second": 365.137,
        "eval_steps_per_second": 47.468
    },
    "baseline_avg_adapter": {
        "eval_loss": 4.118846893310547,
        "eval_model_preparation_time": 0.0318,
        "eval_precision": 0.3584905660377358,
        "eval_recall": 0.36893203883495146,
        "eval_f1": 0.3636363636363636,
        "eval_accuracy": 0.5238623751387348,
        "eval_runtime": 0.3336,
        "eval_samples_per_second": 299.736,
        "eval_steps_per_second": 38.966
    },
    "baseline_closest_featural": {
        "eval_loss": 1.4507107734680176,
        "eval_model_preparation_time": 0.0273,
        "eval_precision": 0.7090909090909091,
        "eval_recall": 0.7572815533980582,
        "eval_f1": 0.7323943661971831,
        "eval_accuracy": 0.8235294117647058,
        "eval_runtime": 0.3282,
        "eval_samples_per_second": 304.709,
        "eval_steps_per_second": 39.612
    },
    "no_train_gain": {
        "eval_loss": 2.6861352920532227,
        "eval_model_preparation_time": 0.0311,
        "eval_precision": 0.5158730158730159,
        "eval_recall": 0.6310679611650486,
        "eval_f1": 0.5676855895196506,
        "eval_accuracy": 0.6892341842397336,
        "eval_runtime": 0.3223,
        "eval_samples_per_second": 310.312,
        "eval_steps_per_second": 40.34
    }
}
