{
    "reconstructed_featural": {
        "eval_loss": 1.2949472665786743,
        "eval_model_preparation_time": 0.0291,
        "eval_precision": 0.5988779803646563,
        "eval_recall": 0.6971428571428572,
        "eval_f1": 0.6442851754055073,
        "eval_accuracy": 0.860422838674926,
        "eval_runtime": 2.8987,
        "eval_samples_per_second": 344.978,
        "eval_steps_per_second": 43.122
    }
}