{
    "reconstructed_featural": {
        "eval_loss": 1.2017428874969482,
        "eval_model_preparation_time": 0.0285,
        "eval_precision": 0.5933838731909028,
        "eval_recall": 0.7028571428571428,
        "eval_f1": 0.6434977578475335,
        "eval_accuracy": 0.8635200646377592,
        "eval_runtime": 2.9904,
        "eval_samples_per_second": 334.407,
        "eval_steps_per_second": 41.801
    },
    "reconstructed_syntactic": {
        "eval_loss": 1.2067097425460815,
        "eval_model_preparation_time": 0.0277,
        "eval_precision": 0.5923875432525951,
        "eval_recall": 0.6987755102040817,
        "eval_f1": 0.6411985018726591,
        "eval_accuracy": 0.8639240506329114,
        "eval_runtime": 2.9638,
        "eval_samples_per_second": 337.403,
        "eval_steps_per_second": 42.175
    },
    "reconstructed_morphological": {
        "eval_loss": 1.1790475845336914,
        "eval_model_preparation_time": 0.0276,
        "eval_precision": 0.614047287899861,
        "eval_recall": 0.7208163265306122,
        "eval_f1": 0.6631618475403681,
        "eval_accuracy": 0.8680985725828171,
        "eval_runtime": 2.9236,
        "eval_samples_per_second": 342.041,
        "eval_steps_per_second": 42.755
    }
}
