{
    "reconstructed_featural": {
        "eval_loss": 1.2974369525909424,
        "eval_model_preparation_time": 0.0291,
        "eval_precision": 0.601688951442646,
        "eval_recall": 0.6979591836734694,
        "eval_f1": 0.6462585034013605,
        "eval_accuracy": 0.8600861836789658,
        "eval_runtime": 2.8536,
        "eval_samples_per_second": 350.433,
        "eval_steps_per_second": 43.804
    }
}