{
    "reconstructed_featural": {
        "eval_loss": 1.303007960319519,
        "eval_model_preparation_time": 0.0278,
        "eval_precision": 0.6025369978858351,
        "eval_recall": 0.6979591836734694,
        "eval_f1": 0.646747352496218,
        "eval_accuracy": 0.8597495286830057,
        "eval_runtime": 2.8663,
        "eval_samples_per_second": 348.881,
        "eval_steps_per_second": 43.61
    }
}
