{
    "reconstructed_syntactic": {
        "eval_loss": 1.2865071296691895,
        "eval_model_preparation_time": 0.0274,
        "eval_precision": 0.6014084507042253,
        "eval_recall": 0.6971428571428572,
        "eval_f1": 0.6457466918714556,
        "eval_accuracy": 0.860692162671694,
        "eval_runtime": 2.7677,
        "eval_samples_per_second": 361.306,
        "eval_steps_per_second": 45.163
    },
    "reconstructed_morphological": {
        "eval_loss": 1.286435604095459,
        "eval_model_preparation_time": 0.0285,
        "eval_precision": 0.5970567624386826,
        "eval_recall": 0.6955102040816327,
        "eval_f1": 0.6425339366515838,
        "eval_accuracy": 0.8608941556692701,
        "eval_runtime": 2.7361,
        "eval_samples_per_second": 365.488,
        "eval_steps_per_second": 45.686
    }
}
