{
    "reconstructed_featural": {
        "eval_loss": 1.3748928308486938,
        "eval_model_preparation_time": 0.0274,
        "eval_accuracy": 0.8649853995221661,
        "eval_precision_macro": 0.6638412579432826,
        "eval_recall_macro": 0.700017030979905,
        "eval_f1_macro": 0.6680568356812067,
        "eval_precision_micro": 0.8649853995221661,
        "eval_recall_micro": 0.8649853995221661,
        "eval_f1_micro": 0.8649853995221661,
        "eval_runtime": 5.4428,
        "eval_samples_per_second": 183.728,
        "eval_steps_per_second": 22.966
    },
    "reconstructed_syntactic": {
        "eval_loss": 1.3726121187210083,
        "eval_model_preparation_time": 0.0278,
        "eval_accuracy": 0.8648261215821609,
        "eval_precision_macro": 0.6636195768581299,
        "eval_recall_macro": 0.6999887683599023,
        "eval_f1_macro": 0.667921154091205,
        "eval_precision_micro": 0.8648261215821609,
        "eval_recall_micro": 0.8648261215821609,
        "eval_f1_micro": 0.8648261215821609,
        "eval_runtime": 5.4365,
        "eval_samples_per_second": 183.941,
        "eval_steps_per_second": 22.993
    },
    "reconstructed_morphological": {
        "eval_loss": 1.3825104236602783,
        "eval_model_preparation_time": 0.0279,
        "eval_accuracy": 0.863870453942129,
        "eval_precision_macro": 0.6527082287850346,
        "eval_recall_macro": 0.69690386014088,
        "eval_f1_macro": 0.6611705824548139,
        "eval_precision_micro": 0.863870453942129,
        "eval_recall_micro": 0.863870453942129,
        "eval_f1_micro": 0.863870453942129,
        "eval_runtime": 5.4526,
        "eval_samples_per_second": 183.397,
        "eval_steps_per_second": 22.925
    }
}