{
    "reconstructed_featural": {
        "eval_loss": 0.40280795097351074,
        "eval_model_preparation_time": 0.0332,
        "eval_precision": 0.7047803186879126,
        "eval_recall": 0.7688559167939486,
        "eval_f1": 0.7354250730485599,
        "eval_accuracy": 0.8927100795885483,
        "eval_runtime": 33.8931,
        "eval_samples_per_second": 295.045,
        "eval_steps_per_second": 36.881
    },
    "baseline_en": {
        "eval_loss": 0.4759606420993805,
        "eval_model_preparation_time": 0.0321,
        "eval_precision": 0.7139330773450356,
        "eval_recall": 0.7572914393774093,
        "eval_f1": 0.734973352627678,
        "eval_accuracy": 0.884523363877541,
        "eval_runtime": 34.0753,
        "eval_samples_per_second": 293.467,
        "eval_steps_per_second": 36.683
    },
    "baseline_task_adapter": {
        "eval_loss": 0.41370269656181335,
        "eval_model_preparation_time": 0.0327,
        "eval_precision": 0.6636981331222376,
        "eval_recall": 0.7317623099861809,
        "eval_f1": 0.6960702919607029,
        "eval_accuracy": 0.8820819973633242,
        "eval_runtime": 29.0231,
        "eval_samples_per_second": 344.553,
        "eval_steps_per_second": 43.069
    },
    "baseline_avg_adapter": {
        "eval_loss": 0.5065497756004333,
        "eval_model_preparation_time": 0.0297,
        "eval_precision": 0.6281908990011099,
        "eval_recall": 0.6586660848061677,
        "eval_f1": 0.6430676371382922,
        "eval_accuracy": 0.8586937061571264,
        "eval_runtime": 28.225,
        "eval_samples_per_second": 354.295,
        "eval_steps_per_second": 44.287
    },
    "baseline_closest_featural": {
        "eval_loss": 0.3939335346221924,
        "eval_model_preparation_time": 0.0322,
        "eval_precision": 0.7354112316353151,
        "eval_recall": 0.7791112080878609,
        "eval_f1": 0.7566307610806993,
        "eval_accuracy": 0.901149069839358,
        "eval_runtime": 35.0353,
        "eval_samples_per_second": 285.426,
        "eval_steps_per_second": 35.678
    },
    "no_train_gain": {
        "eval_loss": 0.4211672246456146,
        "eval_model_preparation_time": 0.0335,
        "eval_precision": 0.6940748096656736,
        "eval_recall": 0.7625281838679177,
        "eval_f1": 0.7266930061689887,
        "eval_accuracy": 0.8875099689132664,
        "eval_runtime": 35.7792,
        "eval_samples_per_second": 279.492,
        "eval_steps_per_second": 34.937
    }
}