{
    "reconstructed_syntactic": {
        "eval_loss": 1.6479078531265259,
        "eval_model_preparation_time": 0.0283,
        "eval_accuracy": 0.8503225806451613,
        "eval_precision_macro": 0.65086707970487,
        "eval_recall_macro": 0.6831518742627571,
        "eval_f1_macro": 0.6562562104959483,
        "eval_precision_micro": 0.8503225806451613,
        "eval_recall_micro": 0.8503225806451613,
        "eval_f1_micro": 0.8503225806451613,
        "eval_runtime": 5.7048,
        "eval_samples_per_second": 187.035,
        "eval_steps_per_second": 23.489
    },
    "reconstructed_morphological": {
        "eval_loss": 1.646875023841858,
        "eval_model_preparation_time": 0.0282,
        "eval_accuracy": 0.850358422939068,
        "eval_precision_macro": 0.6508496837787882,
        "eval_recall_macro": 0.6832320725043837,
        "eval_f1_macro": 0.6562779330618767,
        "eval_precision_micro": 0.850358422939068,
        "eval_recall_micro": 0.850358422939068,
        "eval_f1_micro": 0.850358422939068,
        "eval_runtime": 5.7035,
        "eval_samples_per_second": 187.078,
        "eval_steps_per_second": 23.494
    }
}