{
    "reconstructed_featural": {
        "eval_loss": 1.6460996866226196,
        "eval_model_preparation_time": 0.028,
        "eval_accuracy": 0.8503225806451613,
        "eval_precision_macro": 0.6512160567269093,
        "eval_recall_macro": 0.6833026207700147,
        "eval_f1_macro": 0.6562851880520961,
        "eval_precision_micro": 0.8503225806451613,
        "eval_recall_micro": 0.8503225806451613,
        "eval_f1_micro": 0.8503225806451613,
        "eval_runtime": 5.6511,
        "eval_samples_per_second": 188.813,
        "eval_steps_per_second": 23.712
    }
}
