{
    "reconstructed_featural": {
        "eval_loss": 1.6464505195617676,
        "eval_model_preparation_time": 0.0305,
        "eval_accuracy": 0.8502867383512545,
        "eval_precision_macro": 0.6510117043474551,
        "eval_recall_macro": 0.6831360039011832,
        "eval_f1_macro": 0.6563122934963501,
        "eval_precision_micro": 0.8502867383512545,
        "eval_recall_micro": 0.8502867383512545,
        "eval_f1_micro": 0.8502867383512545,
        "eval_runtime": 6.1807,
        "eval_samples_per_second": 172.634,
        "eval_steps_per_second": 21.68
    },
    "baseline_en": {
        "eval_loss": 1.6775517463684082,
        "eval_model_preparation_time": 0.0291,
        "eval_accuracy": 0.8441935483870968,
        "eval_precision_macro": 0.6529425908264739,
        "eval_recall_macro": 0.677417284996285,
        "eval_f1_macro": 0.6540896765137972,
        "eval_precision_micro": 0.8441935483870968,
        "eval_recall_micro": 0.8441935483870968,
        "eval_f1_micro": 0.8441935483870968,
        "eval_runtime": 6.1842,
        "eval_samples_per_second": 172.536,
        "eval_steps_per_second": 21.668
    },
    "baseline_task_adapter": {
        "eval_loss": 1.6372787952423096,
        "eval_model_preparation_time": 0.0296,
        "eval_accuracy": 0.8524014336917562,
        "eval_precision_macro": 0.6508318992639048,
        "eval_recall_macro": 0.6836595295639973,
        "eval_f1_macro": 0.6592707003742241,
        "eval_precision_micro": 0.8524014336917562,
        "eval_recall_micro": 0.8524014336917562,
        "eval_f1_micro": 0.8524014336917562,
        "eval_runtime": 5.6788,
        "eval_samples_per_second": 187.891,
        "eval_steps_per_second": 23.596
    },
    "baseline_avg_adapter": {
        "eval_loss": 1.6536190509796143,
        "eval_model_preparation_time": 0.0298,
        "eval_accuracy": 0.8418637992831541,
        "eval_precision_macro": 0.6355272176630408,
        "eval_recall_macro": 0.6752225589988188,
        "eval_f1_macro": 0.6482565296709129,
        "eval_precision_micro": 0.8418637992831541,
        "eval_recall_micro": 0.8418637992831541,
        "eval_f1_micro": 0.8418637992831541,
        "eval_runtime": 6.1877,
        "eval_samples_per_second": 172.44,
        "eval_steps_per_second": 21.656
    },
    "baseline_closest_featural": {
        "eval_loss": 1.5934168100357056,
        "eval_model_preparation_time": 0.0308,
        "eval_accuracy": 0.8509318996415771,
        "eval_precision_macro": 0.6508192710565204,
        "eval_recall_macro": 0.6910065654496069,
        "eval_f1_macro": 0.6545813773021352,
        "eval_precision_micro": 0.8509318996415771,
        "eval_recall_micro": 0.8509318996415771,
        "eval_f1_micro": 0.8509318996415771,
        "eval_runtime": 6.1922,
        "eval_samples_per_second": 172.314,
        "eval_steps_per_second": 21.64
    },
    "no_train_gain": {
        "eval_loss": 1.651579737663269,
        "eval_model_preparation_time": 0.0303,
        "eval_accuracy": 0.8518279569892473,
        "eval_precision_macro": 0.6539132401671011,
        "eval_recall_macro": 0.6847089462814718,
        "eval_f1_macro": 0.6590163705604838,
        "eval_precision_micro": 0.8518279569892473,
        "eval_recall_micro": 0.8518279569892473,
        "eval_f1_micro": 0.8518279569892473,
        "eval_runtime": 6.1927,
        "eval_samples_per_second": 172.301,
        "eval_steps_per_second": 21.639
    }
}
