{
    "reconstructed_featural": {
        "eval_loss": 1.6451884508132935,
        "eval_model_preparation_time": 0.0291,
        "eval_accuracy": 0.8504659498207885,
        "eval_precision_macro": 0.6514311948603478,
        "eval_recall_macro": 0.6833180598309353,
        "eval_f1_macro": 0.6556706035987727,
        "eval_precision_micro": 0.8504659498207885,
        "eval_recall_micro": 0.8504659498207885,
        "eval_f1_micro": 0.8504659498207885,
        "eval_runtime": 5.6568,
        "eval_samples_per_second": 188.621,
        "eval_steps_per_second": 23.688
    }
}
