{
    "reconstructed_syntactic": {
        "eval_loss": 3.249502420425415,
        "eval_model_preparation_time": 0.0281,
        "eval_precision": 0.08773780975219825,
        "eval_recall": 0.19701321079839174,
        "eval_f1": 0.12140787115899389,
        "eval_accuracy": 0.6541859678590022,
        "eval_runtime": 82.1,
        "eval_samples_per_second": 121.803,
        "eval_steps_per_second": 15.225
    },
    "reconstructed_morphological": {
        "eval_loss": 3.2505879402160645,
        "eval_model_preparation_time": 0.0277,
        "eval_precision": 0.08826736801590865,
        "eval_recall": 0.19758759333716255,
        "eval_f1": 0.12202367755952645,
        "eval_accuracy": 0.6540111646076617,
        "eval_runtime": 82.0694,
        "eval_samples_per_second": 121.848,
        "eval_steps_per_second": 15.231
    }
}
