{
    "reconstructed_featural": {
        "eval_loss": 3.251478433609009,
        "eval_model_preparation_time": 0.029,
        "eval_precision": 0.08786370597243491,
        "eval_recall": 0.19773118897185527,
        "eval_f1": 0.12166460505389644,
        "eval_accuracy": 0.654752178390518,
        "eval_runtime": 81.0722,
        "eval_samples_per_second": 123.347,
        "eval_steps_per_second": 15.418
    },
    "reconstructed_syntactic": {
        "eval_loss": 3.2416980266571045,
        "eval_model_preparation_time": 0.0295,
        "eval_precision": 0.08809746954076851,
        "eval_recall": 0.20246984491671452,
        "eval_f1": 0.12277417388654274,
        "eval_accuracy": 0.6547350780724521,
        "eval_runtime": 80.8256,
        "eval_samples_per_second": 123.723,
        "eval_steps_per_second": 15.465
    },
    "reconstructed_morphological": {
        "eval_loss": 3.2602956295013428,
        "eval_model_preparation_time": 0.0294,
        "eval_precision": 0.08945984090325891,
        "eval_recall": 0.2002441125789776,
        "eval_f1": 0.12366974104292301,
        "eval_accuracy": 0.6518109236831805,
        "eval_runtime": 81.0523,
        "eval_samples_per_second": 123.377,
        "eval_steps_per_second": 15.422
    }
}