{
    "reconstructed_featural": {
        "eval_loss": 9.690103530883789,
        "eval_model_preparation_time": 0.0303,
        "eval_accuracy": 0.32342383159655663,
        "eval_precision_macro": 0.423148054708592,
        "eval_recall_macro": 0.39345935341373334,
        "eval_f1_macro": 0.3329838190564147,
        "eval_precision_micro": 0.32342383159655663,
        "eval_recall_micro": 0.32342383159655663,
        "eval_f1_micro": 0.32342383159655663,
        "eval_runtime": 5.3207,
        "eval_samples_per_second": 187.944,
        "eval_steps_per_second": 23.493
    },
    "baseline_en": {
        "eval_loss": 8.808279991149902,
        "eval_model_preparation_time": 0.0267,
        "eval_accuracy": 0.36137733942076466,
        "eval_precision_macro": 0.40617753334037715,
        "eval_recall_macro": 0.415413202929673,
        "eval_f1_macro": 0.34471269784245884,
        "eval_precision_micro": 0.36137733942076466,
        "eval_recall_micro": 0.36137733942076466,
        "eval_f1_micro": 0.36137733942076466,
        "eval_runtime": 5.1633,
        "eval_samples_per_second": 193.673,
        "eval_steps_per_second": 24.209
    },
    "baseline_task_adapter": {
        "eval_loss": 10.109636306762695,
        "eval_model_preparation_time": 0.027,
        "eval_accuracy": 0.3024431045899697,
        "eval_precision_macro": 0.4338962794995942,
        "eval_recall_macro": 0.37560328222435757,
        "eval_f1_macro": 0.3235058789687725,
        "eval_precision_micro": 0.3024431045899697,
        "eval_recall_micro": 0.3024431045899697,
        "eval_f1_micro": 0.3024431045899697,
        "eval_runtime": 4.7194,
        "eval_samples_per_second": 211.89,
        "eval_steps_per_second": 26.486
    },
    "baseline_avg_adapter": {
        "eval_loss": 10.652196884155273,
        "eval_model_preparation_time": 0.0285,
        "eval_accuracy": 0.2520126860209807,
        "eval_precision_macro": 0.4009227669941727,
        "eval_recall_macro": 0.33937673836625626,
        "eval_f1_macro": 0.2794914116680396,
        "eval_precision_micro": 0.2520126860209807,
        "eval_recall_micro": 0.2520126860209807,
        "eval_f1_micro": 0.2520126860209807,
        "eval_runtime": 5.1889,
        "eval_samples_per_second": 192.719,
        "eval_steps_per_second": 24.09
    },
    "baseline_closest_featural": {
        "eval_loss": 11.195555686950684,
        "eval_model_preparation_time": 0.0276,
        "eval_accuracy": 0.24716829888823058,
        "eval_precision_macro": 0.3970159551739808,
        "eval_recall_macro": 0.34728315642198193,
        "eval_f1_macro": 0.28208642867838823,
        "eval_precision_micro": 0.24716829888823058,
        "eval_recall_micro": 0.24716829888823058,
        "eval_f1_micro": 0.24716829888823058,
        "eval_runtime": 5.1972,
        "eval_samples_per_second": 192.41,
        "eval_steps_per_second": 24.051
    },
    "no_train_gain": {
        "eval_loss": 9.430237770080566,
        "eval_model_preparation_time": 0.0281,
        "eval_accuracy": 0.33565678039940056,
        "eval_precision_macro": 0.4086020079452374,
        "eval_recall_macro": 0.3978747885939101,
        "eval_f1_macro": 0.3248817952334542,
        "eval_precision_micro": 0.33565678039940056,
        "eval_recall_micro": 0.33565678039940056,
        "eval_f1_micro": 0.33565678039940056,
        "eval_runtime": 5.1985,
        "eval_samples_per_second": 192.362,
        "eval_steps_per_second": 24.045
    }
}
