{
    "reconstructed_syntactic": {
        "eval_loss": 9.712210655212402,
        "eval_model_preparation_time": 0.0281,
        "eval_accuracy": 0.32209946676889833,
        "eval_precision_macro": 0.4202847147634148,
        "eval_recall_macro": 0.3927683937246462,
        "eval_f1_macro": 0.3285453244656725,
        "eval_precision_micro": 0.32209946676889833,
        "eval_recall_micro": 0.32209946676889833,
        "eval_f1_micro": 0.32209946676889833,
        "eval_runtime": 5.3863,
        "eval_samples_per_second": 185.655,
        "eval_steps_per_second": 23.207
    },
    "reconstructed_morphological": {
        "eval_loss": 9.678315162658691,
        "eval_model_preparation_time": 0.0282,
        "eval_accuracy": 0.32422542083434985,
        "eval_precision_macro": 0.41879436587886626,
        "eval_recall_macro": 0.39389200139843294,
        "eval_f1_macro": 0.32933416756497813,
        "eval_precision_micro": 0.32422542083434985,
        "eval_recall_micro": 0.32422542083434985,
        "eval_f1_micro": 0.32422542083434985,
        "eval_runtime": 5.3564,
        "eval_samples_per_second": 186.692,
        "eval_steps_per_second": 23.336
    }
}
