{
    "reconstructed_featural": {
        "eval_loss": 9.740130424499512,
        "eval_model_preparation_time": 0.0293,
        "eval_accuracy": 0.32046143658732096,
        "eval_precision_macro": 0.421260210006537,
        "eval_recall_macro": 0.39162162765595965,
        "eval_f1_macro": 0.3279162936372246,
        "eval_precision_micro": 0.32046143658732096,
        "eval_recall_micro": 0.32046143658732096,
        "eval_f1_micro": 0.32046143658732096,
        "eval_runtime": 5.464,
        "eval_samples_per_second": 183.015,
        "eval_steps_per_second": 22.877
    },
    "reconstructed_syntactic": {
        "eval_loss": 9.923904418945312,
        "eval_model_preparation_time": 0.0297,
        "eval_accuracy": 0.3110166242637577,
        "eval_precision_macro": 0.4247865039392652,
        "eval_recall_macro": 0.3838990937356145,
        "eval_f1_macro": 0.3263153732385421,
        "eval_precision_micro": 0.3110166242637577,
        "eval_recall_micro": 0.3110166242637577,
        "eval_f1_micro": 0.3110166242637577,
        "eval_runtime": 5.4574,
        "eval_samples_per_second": 183.236,
        "eval_steps_per_second": 22.904
    },
    "reconstructed_morphological": {
        "eval_loss": 9.680315971374512,
        "eval_model_preparation_time": 0.03,
        "eval_accuracy": 0.3261074129578643,
        "eval_precision_macro": 0.4212920100113853,
        "eval_recall_macro": 0.3950708254426412,
        "eval_f1_macro": 0.33349395234865475,
        "eval_precision_micro": 0.3261074129578643,
        "eval_recall_micro": 0.3261074129578643,
        "eval_f1_micro": 0.3261074129578643,
        "eval_runtime": 5.4751,
        "eval_samples_per_second": 182.646,
        "eval_steps_per_second": 22.831
    }
}