{
    "reconstructed_featural": {
        "eval_loss": 2.1296639442443848,
        "eval_model_preparation_time": 0.0285,
        "eval_precision": 0.45569620253164556,
        "eval_recall": 0.6153846153846154,
        "eval_f1": 0.5236363636363637,
        "eval_accuracy": 0.7771236333052985,
        "eval_runtime": 0.3266,
        "eval_samples_per_second": 306.19,
        "eval_steps_per_second": 39.805
    },
    "reconstructed_syntactic": {
        "eval_loss": 2.213515043258667,
        "eval_model_preparation_time": 0.029,
        "eval_precision": 0.4934210526315789,
        "eval_recall": 0.6410256410256411,
        "eval_f1": 0.5576208178438662,
        "eval_accuracy": 0.7746005046257359,
        "eval_runtime": 0.3317,
        "eval_samples_per_second": 301.443,
        "eval_steps_per_second": 39.188
    },
    "reconstructed_morphological": {
        "eval_loss": 2.1263983249664307,
        "eval_model_preparation_time": 0.0325,
        "eval_precision": 0.4966442953020134,
        "eval_recall": 0.6324786324786325,
        "eval_f1": 0.5563909774436091,
        "eval_accuracy": 0.783851976450799,
        "eval_runtime": 0.3972,
        "eval_samples_per_second": 251.737,
        "eval_steps_per_second": 32.726
    }
}