{
    "reconstructed_featural": {
        "eval_loss": 2.238506555557251,
        "eval_model_preparation_time": 0.0307,
        "eval_precision": 0.41875,
        "eval_recall": 0.5726495726495726,
        "eval_f1": 0.48375451263537905,
        "eval_accuracy": 0.7460050462573591,
        "eval_runtime": 0.3289,
        "eval_samples_per_second": 304.006,
        "eval_steps_per_second": 39.521
    }
}