{
    "reconstructed_featural": {
        "eval_loss": 1.465837836265564,
        "eval_model_preparation_time": 0.0328,
        "eval_precision": 0.44300732717425934,
        "eval_recall": 0.5325112966225013,
        "eval_f1": 0.4836533110740122,
        "eval_accuracy": 0.8221907173767643,
        "eval_runtime": 38.138,
        "eval_samples_per_second": 262.206,
        "eval_steps_per_second": 32.776
    },
    "reconstructed_syntactic": {
        "eval_loss": 1.4645699262619019,
        "eval_model_preparation_time": 0.0345,
        "eval_precision": 0.44767592833030384,
        "eval_recall": 0.5281458221643562,
        "eval_f1": 0.4845929517585468,
        "eval_accuracy": 0.8236313018424618,
        "eval_runtime": 39.2787,
        "eval_samples_per_second": 254.591,
        "eval_steps_per_second": 31.824
    },
    "reconstructed_morphological": {
        "eval_loss": 1.5372257232666016,
        "eval_model_preparation_time": 0.0336,
        "eval_precision": 0.4529018734442552,
        "eval_recall": 0.5295243930458757,
        "eval_f1": 0.48822511739575614,
        "eval_accuracy": 0.8199612414179467,
        "eval_runtime": 39.6783,
        "eval_samples_per_second": 252.027,
        "eval_steps_per_second": 31.503
    }
}
