{
    "reconstructed_featural": {
        "eval_loss": 1.4621080160140991,
        "eval_model_preparation_time": 0.029,
        "eval_precision": 0.4576659038901602,
        "eval_recall": 0.5361108983686911,
        "eval_f1": 0.49379232505643333,
        "eval_accuracy": 0.8259751099017315,
        "eval_runtime": 27.7402,
        "eval_samples_per_second": 360.488,
        "eval_steps_per_second": 45.061
    },
    "baseline_en": {
        "eval_loss": 2.312366485595703,
        "eval_model_preparation_time": 0.028,
        "eval_precision": 0.44457223745908164,
        "eval_recall": 0.3848510377575247,
        "eval_f1": 0.41256157635467977,
        "eval_accuracy": 0.7740511864813724,
        "eval_runtime": 27.0956,
        "eval_samples_per_second": 369.063,
        "eval_steps_per_second": 46.133
    },
    "baseline_task_adapter": {
        "eval_loss": 1.447648286819458,
        "eval_model_preparation_time": 0.0274,
        "eval_precision": 0.41940917336097433,
        "eval_recall": 0.49582599371984376,
        "eval_f1": 0.45442740322184394,
        "eval_accuracy": 0.8171200887217099,
        "eval_runtime": 24.3301,
        "eval_samples_per_second": 411.014,
        "eval_steps_per_second": 51.377
    },
    "baseline_avg_adapter": {
        "eval_loss": 2.3250608444213867,
        "eval_model_preparation_time": 0.0303,
        "eval_precision": 0.3733802109492717,
        "eval_recall": 0.28467488703377497,
        "eval_f1": 0.3230488440813489,
        "eval_accuracy": 0.7344236804646457,
        "eval_runtime": 28.7837,
        "eval_samples_per_second": 347.419,
        "eval_steps_per_second": 43.427
    },
    "baseline_closest_featural": {
        "eval_loss": 1.752541184425354,
        "eval_model_preparation_time": 0.0277,
        "eval_precision": 0.347608627696155,
        "eval_recall": 0.4258252278471318,
        "eval_f1": 0.38276194410023406,
        "eval_accuracy": 0.7845583065129281,
        "eval_runtime": 30.4383,
        "eval_samples_per_second": 328.533,
        "eval_steps_per_second": 41.067
    },
    "no_train_gain": {
        "eval_loss": 1.5011135339736938,
        "eval_model_preparation_time": 0.0289,
        "eval_precision": 0.44573618237318957,
        "eval_recall": 0.5256184422149038,
        "eval_f1": 0.4823926337246081,
        "eval_accuracy": 0.821784838420159,
        "eval_runtime": 31.1038,
        "eval_samples_per_second": 321.504,
        "eval_steps_per_second": 40.188
    }
}