{
    "reconstructed_featural": {
        "eval_loss": 4.6898627281188965,
        "eval_model_preparation_time": 0.0288,
        "eval_accuracy": 0.4189189189189189,
        "eval_precision_macro": 0.26368729309905775,
        "eval_recall_macro": 0.2119047619047619,
        "eval_f1_macro": 0.21555555555555556,
        "eval_precision_micro": 0.4189189189189189,
        "eval_recall_micro": 0.4189189189189189,
        "eval_f1_micro": 0.4189189189189189,
        "eval_runtime": 0.0858,
        "eval_samples_per_second": 116.592,
        "eval_steps_per_second": 23.318
    },
    "reconstructed_syntactic": {
        "eval_loss": 4.6898627281188965,
        "eval_model_preparation_time": 0.0289,
        "eval_accuracy": 0.4189189189189189,
        "eval_precision_macro": 0.26368729309905775,
        "eval_recall_macro": 0.2119047619047619,
        "eval_f1_macro": 0.21555555555555556,
        "eval_precision_micro": 0.4189189189189189,
        "eval_recall_micro": 0.4189189189189189,
        "eval_f1_micro": 0.4189189189189189,
        "eval_runtime": 0.0852,
        "eval_samples_per_second": 117.392,
        "eval_steps_per_second": 23.478
    },
    "reconstructed_morphological": {
        "eval_loss": 4.6898627281188965,
        "eval_model_preparation_time": 0.0287,
        "eval_accuracy": 0.4189189189189189,
        "eval_precision_macro": 0.26368729309905775,
        "eval_recall_macro": 0.2119047619047619,
        "eval_f1_macro": 0.21555555555555556,
        "eval_precision_micro": 0.4189189189189189,
        "eval_recall_micro": 0.4189189189189189,
        "eval_f1_micro": 0.4189189189189189,
        "eval_runtime": 0.0834,
        "eval_samples_per_second": 119.857,
        "eval_steps_per_second": 23.971
    }
}