{
    "reconstructed_featural": {
        "eval_loss": 2.171322822570801,
        "eval_model_preparation_time": 0.0288,
        "eval_precision": 0.2857142857142857,
        "eval_recall": 0.4179372197309417,
        "eval_f1": 0.33940276766205385,
        "eval_accuracy": 0.759641873278237,
        "eval_runtime": 2.8883,
        "eval_samples_per_second": 346.219,
        "eval_steps_per_second": 43.277
    }
}