{
    "reconstructed_featural": {
        "eval_loss": 2.093588352203369,
        "eval_model_preparation_time": 0.0318,
        "eval_accuracy": 0.7933346479984223,
        "eval_precision_macro": 0.6064988336333605,
        "eval_recall_macro": 0.550686260851526,
        "eval_f1_macro": 0.5189900811751563,
        "eval_precision_micro": 0.7933346479984223,
        "eval_recall_micro": 0.7933346479984223,
        "eval_f1_micro": 0.7933346479984223,
        "eval_runtime": 5.5136,
        "eval_samples_per_second": 189.893,
        "eval_steps_per_second": 23.759
    },
    "baseline_en": {
        "eval_loss": 2.5871706008911133,
        "eval_model_preparation_time": 0.0301,
        "eval_accuracy": 0.7459081049102742,
        "eval_precision_macro": 0.571079745498272,
        "eval_recall_macro": 0.4957548390308824,
        "eval_f1_macro": 0.4738843028725745,
        "eval_precision_micro": 0.7459081049102742,
        "eval_recall_micro": 0.7459081049102742,
        "eval_f1_micro": 0.7459081049102742,
        "eval_runtime": 5.3603,
        "eval_samples_per_second": 195.324,
        "eval_steps_per_second": 24.439
    },
    "baseline_task_adapter": {
        "eval_loss": 1.9849425554275513,
        "eval_model_preparation_time": 0.0282,
        "eval_accuracy": 0.7928416485900217,
        "eval_precision_macro": 0.6114371774950285,
        "eval_recall_macro": 0.5543494584183773,
        "eval_f1_macro": 0.5220938768872335,
        "eval_precision_micro": 0.7928416485900217,
        "eval_recall_micro": 0.7928416485900217,
        "eval_f1_micro": 0.7928416485900217,
        "eval_runtime": 4.8752,
        "eval_samples_per_second": 214.761,
        "eval_steps_per_second": 26.871
    },
    "baseline_avg_adapter": {
        "eval_loss": 1.9559600353240967,
        "eval_model_preparation_time": 0.0305,
        "eval_accuracy": 0.7813054624334451,
        "eval_precision_macro": 0.6070442122933106,
        "eval_recall_macro": 0.5360043713419409,
        "eval_f1_macro": 0.4986362966654832,
        "eval_precision_micro": 0.7813054624334451,
        "eval_recall_micro": 0.7813054624334451,
        "eval_f1_micro": 0.7813054624334451,
        "eval_runtime": 5.3714,
        "eval_samples_per_second": 194.923,
        "eval_steps_per_second": 24.389
    },
    "baseline_closest_featural": {
        "eval_loss": 2.5733115673065186,
        "eval_model_preparation_time": 0.0306,
        "eval_accuracy": 0.7198777361467166,
        "eval_precision_macro": 0.48602884777083727,
        "eval_recall_macro": 0.47870665734925144,
        "eval_f1_macro": 0.43779672967227085,
        "eval_precision_micro": 0.7198777361467166,
        "eval_recall_micro": 0.7198777361467166,
        "eval_f1_micro": 0.7198777361467166,
        "eval_runtime": 5.3797,
        "eval_samples_per_second": 194.62,
        "eval_steps_per_second": 24.351
    },
    "no_train_gain": {
        "eval_loss": 2.3184592723846436,
        "eval_model_preparation_time": 0.0317,
        "eval_accuracy": 0.7750936698875961,
        "eval_precision_macro": 0.583492955713424,
        "eval_recall_macro": 0.5340063618667866,
        "eval_f1_macro": 0.5064996642462738,
        "eval_precision_micro": 0.7750936698875961,
        "eval_recall_micro": 0.7750936698875961,
        "eval_f1_micro": 0.7750936698875961,
        "eval_runtime": 5.3791,
        "eval_samples_per_second": 194.641,
        "eval_steps_per_second": 24.353
    }
}
