{
    "reconstructed_featural": {
        "eval_loss": 2.0882394313812256,
        "eval_model_preparation_time": 0.0287,
        "eval_accuracy": 0.793729047525143,
        "eval_precision_macro": 0.6072299517444418,
        "eval_recall_macro": 0.5511755342627384,
        "eval_f1_macro": 0.5197133093443346,
        "eval_precision_micro": 0.793729047525143,
        "eval_recall_micro": 0.793729047525143,
        "eval_f1_micro": 0.793729047525143,
        "eval_runtime": 5.6479,
        "eval_samples_per_second": 185.378,
        "eval_steps_per_second": 23.194
    },
    "reconstructed_syntactic": {
        "eval_loss": 2.0782694816589355,
        "eval_model_preparation_time": 0.0286,
        "eval_accuracy": 0.7939262472885033,
        "eval_precision_macro": 0.6069288110960489,
        "eval_recall_macro": 0.5516272778345441,
        "eval_f1_macro": 0.5200397692190285,
        "eval_precision_micro": 0.7939262472885033,
        "eval_recall_micro": 0.7939262472885033,
        "eval_f1_micro": 0.7939262472885033,
        "eval_runtime": 5.6372,
        "eval_samples_per_second": 185.731,
        "eval_steps_per_second": 23.239
    },
    "reconstructed_morphological": {
        "eval_loss": 2.0995802879333496,
        "eval_model_preparation_time": 0.0282,
        "eval_accuracy": 0.7926444488266614,
        "eval_precision_macro": 0.6052444110597517,
        "eval_recall_macro": 0.5505377146179444,
        "eval_f1_macro": 0.5181103915196945,
        "eval_precision_micro": 0.7926444488266614,
        "eval_recall_micro": 0.7926444488266614,
        "eval_f1_micro": 0.7926444488266614,
        "eval_runtime": 5.6396,
        "eval_samples_per_second": 185.652,
        "eval_steps_per_second": 23.229
    }
}
