{
    "reconstructed_featural": {
        "eval_loss": 2.1062819957733154,
        "eval_model_preparation_time": 0.0278,
        "eval_accuracy": 0.7931374482350622,
        "eval_precision_macro": 0.6025999099471476,
        "eval_recall_macro": 0.5507194546152001,
        "eval_f1_macro": 0.5197592077111453,
        "eval_precision_micro": 0.7931374482350622,
        "eval_recall_micro": 0.7931374482350622,
        "eval_f1_micro": 0.7931374482350622,
        "eval_runtime": 5.4461,
        "eval_samples_per_second": 192.249,
        "eval_steps_per_second": 24.054
    }
}
