{
    "reconstructed_syntactic": {
        "eval_loss": 3.3830065727233887,
        "eval_model_preparation_time": 0.0277,
        "eval_precision": 0.2023121387283237,
        "eval_recall": 0.330188679245283,
        "eval_f1": 0.2508960573476703,
        "eval_accuracy": 0.7124702144559174,
        "eval_runtime": 0.5425,
        "eval_samples_per_second": 184.32,
        "eval_steps_per_second": 23.962
    },
    "reconstructed_morphological": {
        "eval_loss": 3.3969602584838867,
        "eval_model_preparation_time": 0.028,
        "eval_precision": 0.19653179190751446,
        "eval_recall": 0.32075471698113206,
        "eval_f1": 0.24372759856630827,
        "eval_accuracy": 0.7116759332803813,
        "eval_runtime": 0.5438,
        "eval_samples_per_second": 183.875,
        "eval_steps_per_second": 23.904
    }
}
