{
    "reconstructed_featural": {
        "eval_loss": 3.401824712753296,
        "eval_model_preparation_time": 0.0298,
        "eval_precision": 0.19428571428571428,
        "eval_recall": 0.32075471698113206,
        "eval_f1": 0.24199288256227755,
        "eval_accuracy": 0.7108816521048451,
        "eval_runtime": 0.5566,
        "eval_samples_per_second": 179.674,
        "eval_steps_per_second": 23.358
    },
    "baseline_en": {
        "eval_loss": 4.7723588943481445,
        "eval_model_preparation_time": 0.0277,
        "eval_precision": 0.12121212121212122,
        "eval_recall": 0.07547169811320754,
        "eval_f1": 0.09302325581395349,
        "eval_accuracy": 0.681890389197776,
        "eval_runtime": 0.5325,
        "eval_samples_per_second": 187.779,
        "eval_steps_per_second": 24.411
    },
    "baseline_task_adapter": {
        "eval_loss": 3.311152458190918,
        "eval_model_preparation_time": 0.0278,
        "eval_precision": 0.15976331360946747,
        "eval_recall": 0.25471698113207547,
        "eval_f1": 0.19636363636363638,
        "eval_accuracy": 0.6890389197776012,
        "eval_runtime": 0.4946,
        "eval_samples_per_second": 202.179,
        "eval_steps_per_second": 26.283
    },
    "baseline_avg_adapter": {
        "eval_loss": 4.0237202644348145,
        "eval_model_preparation_time": 0.0293,
        "eval_precision": 0.11538461538461539,
        "eval_recall": 0.05660377358490566,
        "eval_f1": 0.07594936708860758,
        "eval_accuracy": 0.7255758538522638,
        "eval_runtime": 0.5536,
        "eval_samples_per_second": 180.644,
        "eval_steps_per_second": 23.484
    },
    "baseline_closest_featural": {
        "eval_loss": 3.8159914016723633,
        "eval_model_preparation_time": 0.0272,
        "eval_precision": 0.16296296296296298,
        "eval_recall": 0.20754716981132076,
        "eval_f1": 0.18257261410788383,
        "eval_accuracy": 0.6624305003971406,
        "eval_runtime": 0.532,
        "eval_samples_per_second": 187.96,
        "eval_steps_per_second": 24.435
    },
    "no_train_gain": {
        "eval_loss": 3.189577102661133,
        "eval_model_preparation_time": 0.0284,
        "eval_precision": 0.22077922077922077,
        "eval_recall": 0.32075471698113206,
        "eval_f1": 0.26153846153846155,
        "eval_accuracy": 0.715647339158062,
        "eval_runtime": 0.5628,
        "eval_samples_per_second": 177.686,
        "eval_steps_per_second": 23.099
    }
}
