{
    "reconstructed_featural": {
        "eval_loss": 2.737072706222534,
        "eval_model_preparation_time": 0.0296,
        "eval_accuracy": 0.7141724479682854,
        "eval_precision_macro": 0.5574679566645773,
        "eval_recall_macro": 0.5363459694781052,
        "eval_f1_macro": 0.5179542692179759,
        "eval_precision_micro": 0.7141724479682854,
        "eval_recall_micro": 0.7141724479682854,
        "eval_f1_micro": 0.7141724479682854,
        "eval_runtime": 4.0175,
        "eval_samples_per_second": 182.699,
        "eval_steps_per_second": 22.9
    },
    "reconstructed_syntactic": {
        "eval_loss": 2.725712776184082,
        "eval_model_preparation_time": 0.0285,
        "eval_accuracy": 0.7158572844400396,
        "eval_precision_macro": 0.5604263829979989,
        "eval_recall_macro": 0.5389564220614953,
        "eval_f1_macro": 0.520028036379571,
        "eval_precision_micro": 0.7158572844400396,
        "eval_recall_micro": 0.7158572844400396,
        "eval_f1_micro": 0.7158572844400396,
        "eval_runtime": 4.0159,
        "eval_samples_per_second": 182.773,
        "eval_steps_per_second": 22.909
    },
    "reconstructed_morphological": {
        "eval_loss": 2.7442877292633057,
        "eval_model_preparation_time": 0.0289,
        "eval_accuracy": 0.7134786917740337,
        "eval_precision_macro": 0.5573444526886686,
        "eval_recall_macro": 0.535119644544212,
        "eval_f1_macro": 0.5169621071947099,
        "eval_precision_micro": 0.7134786917740337,
        "eval_recall_micro": 0.7134786917740337,
        "eval_f1_micro": 0.7134786917740337,
        "eval_runtime": 4.003,
        "eval_samples_per_second": 183.364,
        "eval_steps_per_second": 22.983
    }
}