{
    "reconstructed_featural": {
        "eval_loss": 2.7428410053253174,
        "eval_model_preparation_time": 0.0278,
        "eval_accuracy": 0.7136769078295342,
        "eval_precision_macro": 0.5571794831268515,
        "eval_recall_macro": 0.5355600343454896,
        "eval_f1_macro": 0.5171795682799598,
        "eval_precision_micro": 0.7136769078295342,
        "eval_recall_micro": 0.7136769078295342,
        "eval_f1_micro": 0.7136769078295342,
        "eval_runtime": 3.7952,
        "eval_samples_per_second": 193.401,
        "eval_steps_per_second": 24.241
    },
    "baseline_en": {
        "eval_loss": 3.125655174255371,
        "eval_model_preparation_time": 0.0282,
        "eval_accuracy": 0.6819623389494549,
        "eval_precision_macro": 0.5116904005015603,
        "eval_recall_macro": 0.4861413258460505,
        "eval_f1_macro": 0.4797059503491508,
        "eval_precision_micro": 0.6819623389494549,
        "eval_recall_micro": 0.6819623389494549,
        "eval_f1_micro": 0.6819623389494549,
        "eval_runtime": 3.7952,
        "eval_samples_per_second": 193.401,
        "eval_steps_per_second": 24.241
    },
    "baseline_task_adapter": {
        "eval_loss": 2.5060672760009766,
        "eval_model_preparation_time": 0.0273,
        "eval_accuracy": 0.7124876114965312,
        "eval_precision_macro": 0.5619459595696423,
        "eval_recall_macro": 0.5437616232801087,
        "eval_f1_macro": 0.5219929320048449,
        "eval_precision_micro": 0.7124876114965312,
        "eval_recall_micro": 0.7124876114965312,
        "eval_f1_micro": 0.7124876114965312,
        "eval_runtime": 3.4476,
        "eval_samples_per_second": 212.902,
        "eval_steps_per_second": 26.685
    },
    "baseline_avg_adapter": {
        "eval_loss": 2.4799129962921143,
        "eval_model_preparation_time": 0.0288,
        "eval_accuracy": 0.6921704658077305,
        "eval_precision_macro": 0.5511541795463518,
        "eval_recall_macro": 0.49761170383171394,
        "eval_f1_macro": 0.49049955960313457,
        "eval_precision_micro": 0.6921704658077305,
        "eval_recall_micro": 0.6921704658077305,
        "eval_f1_micro": 0.6921704658077305,
        "eval_runtime": 3.7976,
        "eval_samples_per_second": 193.28,
        "eval_steps_per_second": 24.226
    },
    "baseline_closest_featural": {
        "eval_loss": 3.4184696674346924,
        "eval_model_preparation_time": 0.0283,
        "eval_accuracy": 0.5190287413280475,
        "eval_precision_macro": 0.4183662566544186,
        "eval_recall_macro": 0.37249067970022964,
        "eval_f1_macro": 0.35235965889395804,
        "eval_precision_micro": 0.5190287413280475,
        "eval_recall_micro": 0.5190287413280475,
        "eval_f1_micro": 0.5190287413280475,
        "eval_runtime": 3.8005,
        "eval_samples_per_second": 193.133,
        "eval_steps_per_second": 24.207
    },
    "no_train_gain": {
        "eval_loss": 2.942192316055298,
        "eval_model_preparation_time": 0.0288,
        "eval_accuracy": 0.7008919722497522,
        "eval_precision_macro": 0.5363290984019802,
        "eval_recall_macro": 0.5190221808494844,
        "eval_f1_macro": 0.5042232370026822,
        "eval_precision_micro": 0.7008919722497522,
        "eval_recall_micro": 0.7008919722497522,
        "eval_f1_micro": 0.7008919722497522,
        "eval_runtime": 3.8026,
        "eval_samples_per_second": 193.027,
        "eval_steps_per_second": 24.194
    }
}