{
    "reconstructed_featural": {
        "eval_loss": 1.748180866241455,
        "eval_model_preparation_time": 0.0286,
        "eval_precision": 0.43333333333333335,
        "eval_recall": 0.4642857142857143,
        "eval_f1": 0.4482758620689655,
        "eval_accuracy": 0.8127208480565371,
        "eval_runtime": 0.3169,
        "eval_samples_per_second": 315.543,
        "eval_steps_per_second": 41.021
    },
    "baseline_en": {
        "eval_loss": 2.6160085201263428,
        "eval_model_preparation_time": 0.0278,
        "eval_precision": 0.43820224719101125,
        "eval_recall": 0.3482142857142857,
        "eval_f1": 0.3880597014925373,
        "eval_accuracy": 0.7673733804475854,
        "eval_runtime": 0.3066,
        "eval_samples_per_second": 326.192,
        "eval_steps_per_second": 42.405
    },
    "baseline_task_adapter": {
        "eval_loss": 1.6730949878692627,
        "eval_model_preparation_time": 0.0277,
        "eval_precision": 0.4132231404958678,
        "eval_recall": 0.44642857142857145,
        "eval_f1": 0.4291845493562232,
        "eval_accuracy": 0.8062426383981154,
        "eval_runtime": 0.2905,
        "eval_samples_per_second": 344.243,
        "eval_steps_per_second": 44.752
    },
    "baseline_avg_adapter": {
        "eval_loss": 2.559666633605957,
        "eval_model_preparation_time": 0.0296,
        "eval_precision": 0.31746031746031744,
        "eval_recall": 0.17857142857142858,
        "eval_f1": 0.22857142857142854,
        "eval_accuracy": 0.7391048292108363,
        "eval_runtime": 0.3185,
        "eval_samples_per_second": 313.955,
        "eval_steps_per_second": 40.814
    },
    "baseline_closest_featural": {
        "eval_loss": 4.542342662811279,
        "eval_model_preparation_time": 0.0274,
        "eval_precision": 0.16666666666666666,
        "eval_recall": 0.026785714285714284,
        "eval_f1": 0.046153846153846156,
        "eval_accuracy": 0.6713780918727915,
        "eval_runtime": 0.3082,
        "eval_samples_per_second": 324.462,
        "eval_steps_per_second": 42.18
    },
    "no_train_gain": {
        "eval_loss": 2.047158718109131,
        "eval_model_preparation_time": 0.0297,
        "eval_precision": 0.4424778761061947,
        "eval_recall": 0.44642857142857145,
        "eval_f1": 0.44444444444444453,
        "eval_accuracy": 0.7991755005889282,
        "eval_runtime": 1.3758,
        "eval_samples_per_second": 72.683,
        "eval_steps_per_second": 9.449
    }
}
