{
    "reconstructed_featural": {
        "eval_loss": 3.236311912536621,
        "eval_model_preparation_time": 0.0278,
        "eval_accuracy": 0.713941148094549,
        "eval_precision_macro": 0.42302223027311986,
        "eval_recall_macro": 0.4622609945637703,
        "eval_f1_macro": 0.41549444450191,
        "eval_precision_micro": 0.713941148094549,
        "eval_recall_micro": 0.713941148094549,
        "eval_f1_micro": 0.713941148094549,
        "eval_runtime": 5.2359,
        "eval_samples_per_second": 190.99,
        "eval_steps_per_second": 23.874
    }
}