{
    "reconstructed_featural": {
        "eval_loss": 3.2317607402801514,
        "eval_model_preparation_time": 0.027,
        "eval_accuracy": 0.7149059334298119,
        "eval_precision_macro": 0.42316615057370277,
        "eval_recall_macro": 0.46310938183428974,
        "eval_f1_macro": 0.416414891831671,
        "eval_precision_micro": 0.7149059334298119,
        "eval_recall_micro": 0.7149059334298119,
        "eval_f1_micro": 0.7149059334298119,
        "eval_runtime": 5.2761,
        "eval_samples_per_second": 189.536,
        "eval_steps_per_second": 23.692
    }
}