{
    "reconstructed_featural": {
        "eval_loss": 3.2403218746185303,
        "eval_model_preparation_time": 0.0304,
        "eval_accuracy": 0.7132175590931018,
        "eval_precision_macro": 0.4230877602670537,
        "eval_recall_macro": 0.4619910353969141,
        "eval_f1_macro": 0.4154266465205116,
        "eval_precision_micro": 0.7132175590931018,
        "eval_recall_micro": 0.7132175590931018,
        "eval_f1_micro": 0.7132175590931018,
        "eval_runtime": 5.2282,
        "eval_samples_per_second": 191.271,
        "eval_steps_per_second": 23.909
    },
    "baseline_en": {
        "eval_loss": 3.1592159271240234,
        "eval_model_preparation_time": 0.0291,
        "eval_accuracy": 0.7240110950313555,
        "eval_precision_macro": 0.4223564576981149,
        "eval_recall_macro": 0.46088274222082126,
        "eval_f1_macro": 0.4183784607015184,
        "eval_precision_micro": 0.7240110950313555,
        "eval_recall_micro": 0.7240110950313555,
        "eval_f1_micro": 0.7240110950313555,
        "eval_runtime": 5.2483,
        "eval_samples_per_second": 190.538,
        "eval_steps_per_second": 23.817
    },
    "baseline_task_adapter": {
        "eval_loss": 3.2048959732055664,
        "eval_model_preparation_time": 0.029,
        "eval_accuracy": 0.7085745296671491,
        "eval_precision_macro": 0.44733382581566344,
        "eval_recall_macro": 0.48470964906274494,
        "eval_f1_macro": 0.43701200610171265,
        "eval_precision_micro": 0.7085745296671491,
        "eval_recall_micro": 0.7085745296671491,
        "eval_f1_micro": 0.7085745296671491,
        "eval_runtime": 4.7564,
        "eval_samples_per_second": 210.243,
        "eval_steps_per_second": 26.28
    },
    "baseline_avg_adapter": {
        "eval_loss": 2.8512141704559326,
        "eval_model_preparation_time": 0.0313,
        "eval_accuracy": 0.6985045827303425,
        "eval_precision_macro": 0.41213747640302806,
        "eval_recall_macro": 0.46771408697017247,
        "eval_f1_macro": 0.40698168501023374,
        "eval_precision_micro": 0.6985045827303425,
        "eval_recall_micro": 0.6985045827303425,
        "eval_f1_micro": 0.6985045827303425,
        "eval_runtime": 5.2394,
        "eval_samples_per_second": 190.863,
        "eval_steps_per_second": 23.858
    },
    "baseline_closest_featural": {
        "eval_loss": 2.5657594203948975,
        "eval_model_preparation_time": 0.0288,
        "eval_accuracy": 0.7025446213217559,
        "eval_precision_macro": 0.4301089928397661,
        "eval_recall_macro": 0.4444873355307718,
        "eval_f1_macro": 0.39324611147781047,
        "eval_precision_micro": 0.7025446213217559,
        "eval_recall_micro": 0.7025446213217559,
        "eval_f1_micro": 0.7025446213217559,
        "eval_runtime": 5.2493,
        "eval_samples_per_second": 190.502,
        "eval_steps_per_second": 23.813
    },
    "no_train_gain": {
        "eval_loss": 3.1575732231140137,
        "eval_model_preparation_time": 0.0301,
        "eval_accuracy": 0.7214785335262904,
        "eval_precision_macro": 0.4268003280397752,
        "eval_recall_macro": 0.46092401539038097,
        "eval_f1_macro": 0.4163867654327115,
        "eval_precision_micro": 0.7214785335262904,
        "eval_recall_micro": 0.7214785335262904,
        "eval_f1_micro": 0.7214785335262904,
        "eval_runtime": 5.1853,
        "eval_samples_per_second": 192.854,
        "eval_steps_per_second": 24.107
    }
}