{
    "reconstructed_syntactic": {
        "eval_loss": 4.761642932891846,
        "eval_model_preparation_time": 0.0283,
        "eval_accuracy": 0.48390941597139453,
        "eval_precision_macro": 0.2952925786809294,
        "eval_recall_macro": 0.26387665042444747,
        "eval_f1_macro": 0.24096820755231624,
        "eval_precision_micro": 0.48390941597139453,
        "eval_recall_micro": 0.48390941597139453,
        "eval_f1_micro": 0.48390941597139453,
        "eval_runtime": 0.459,
        "eval_samples_per_second": 176.469,
        "eval_steps_per_second": 23.965
    },
    "reconstructed_morphological": {
        "eval_loss": 4.776574611663818,
        "eval_model_preparation_time": 0.0282,
        "eval_accuracy": 0.48748510131108463,
        "eval_precision_macro": 0.28896756222668646,
        "eval_recall_macro": 0.2646185134347118,
        "eval_f1_macro": 0.24026802927018498,
        "eval_precision_micro": 0.48748510131108463,
        "eval_recall_micro": 0.48748510131108463,
        "eval_f1_micro": 0.48748510131108463,
        "eval_runtime": 0.4586,
        "eval_samples_per_second": 176.627,
        "eval_steps_per_second": 23.986
    }
}