{
    "reconstructed_featural": {
        "eval_loss": 4.7702484130859375,
        "eval_model_preparation_time": 0.0292,
        "eval_accuracy": 0.48867699642431467,
        "eval_precision_macro": 0.29886688262512306,
        "eval_recall_macro": 0.27968297295345906,
        "eval_f1_macro": 0.25030475087022946,
        "eval_precision_micro": 0.48867699642431467,
        "eval_recall_micro": 0.48867699642431467,
        "eval_f1_micro": 0.48867699642431467,
        "eval_runtime": 0.4562,
        "eval_samples_per_second": 177.553,
        "eval_steps_per_second": 24.112
    }
}