{
    "reconstructed_featural": {
        "eval_loss": 4.761056423187256,
        "eval_model_preparation_time": 0.0298,
        "eval_accuracy": 0.4862932061978546,
        "eval_precision_macro": 0.2921374606845029,
        "eval_recall_macro": 0.26462695054449553,
        "eval_f1_macro": 0.2408649378457925,
        "eval_precision_micro": 0.4862932061978546,
        "eval_recall_micro": 0.4862932061978546,
        "eval_f1_micro": 0.4862932061978546,
        "eval_runtime": 0.5279,
        "eval_samples_per_second": 153.44,
        "eval_steps_per_second": 20.838
    },
    "baseline_en": {
        "eval_loss": 5.218287944793701,
        "eval_model_preparation_time": 0.0287,
        "eval_accuracy": 0.5375446960667462,
        "eval_precision_macro": 0.35750790792945814,
        "eval_recall_macro": 0.2945295725686861,
        "eval_f1_macro": 0.2974731183253489,
        "eval_precision_micro": 0.5375446960667462,
        "eval_recall_micro": 0.5375446960667462,
        "eval_f1_micro": 0.5375446960667462,
        "eval_runtime": 0.4488,
        "eval_samples_per_second": 180.478,
        "eval_steps_per_second": 24.509
    },
    "baseline_task_adapter": {
        "eval_loss": 4.408229351043701,
        "eval_model_preparation_time": 0.0286,
        "eval_accuracy": 0.48152562574493446,
        "eval_precision_macro": 0.27963540179248025,
        "eval_recall_macro": 0.2696726640408454,
        "eval_f1_macro": 0.23905662922551293,
        "eval_precision_micro": 0.48152562574493446,
        "eval_recall_micro": 0.48152562574493446,
        "eval_f1_micro": 0.48152562574493446,
        "eval_runtime": 0.4073,
        "eval_samples_per_second": 198.856,
        "eval_steps_per_second": 27.005
    },
    "baseline_avg_adapter": {
        "eval_loss": 4.759093284606934,
        "eval_model_preparation_time": 0.0304,
        "eval_accuracy": 0.4898688915375447,
        "eval_precision_macro": 0.3432082109806674,
        "eval_recall_macro": 0.26487579873056327,
        "eval_f1_macro": 0.24957617845457297,
        "eval_precision_micro": 0.4898688915375447,
        "eval_recall_micro": 0.4898688915375447,
        "eval_f1_micro": 0.4898688915375447,
        "eval_runtime": 0.4496,
        "eval_samples_per_second": 180.177,
        "eval_steps_per_second": 24.468
    },
    "baseline_closest_featural": {
        "eval_loss": 5.114659786224365,
        "eval_model_preparation_time": 0.0306,
        "eval_accuracy": 0.5280095351609059,
        "eval_precision_macro": 0.32439343493013484,
        "eval_recall_macro": 0.28393503515959767,
        "eval_f1_macro": 0.2701750035512311,
        "eval_precision_micro": 0.5280095351609059,
        "eval_recall_micro": 0.5280095351609059,
        "eval_f1_micro": 0.5280095351609059,
        "eval_runtime": 0.4499,
        "eval_samples_per_second": 180.024,
        "eval_steps_per_second": 24.448
    },
    "no_train_gain": {
        "eval_loss": 4.663630962371826,
        "eval_model_preparation_time": 0.0314,
        "eval_accuracy": 0.5125148986889154,
        "eval_precision_macro": 0.3281184360425264,
        "eval_recall_macro": 0.2978029210521729,
        "eval_f1_macro": 0.270576919282414,
        "eval_precision_micro": 0.5125148986889154,
        "eval_recall_micro": 0.5125148986889154,
        "eval_f1_micro": 0.5125148986889154,
        "eval_runtime": 0.449,
        "eval_samples_per_second": 180.413,
        "eval_steps_per_second": 24.501
    }
}