{
    "reconstructed_featural": {
        "eval_loss": 5.757778644561768,
        "eval_model_preparation_time": 0.0283,
        "eval_accuracy": 0.4347130573885223,
        "eval_precision_macro": 0.26380959849496216,
        "eval_recall_macro": 0.26087276428283523,
        "eval_f1_macro": 0.19916544542741607,
        "eval_precision_micro": 0.4347130573885223,
        "eval_recall_micro": 0.4347130573885223,
        "eval_f1_micro": 0.4347130573885223,
        "eval_runtime": 2.279,
        "eval_samples_per_second": 190.875,
        "eval_steps_per_second": 24.134
    }
}