{
    "reconstructed_syntactic": {
        "eval_loss": 5.723196029663086,
        "eval_model_preparation_time": 0.0292,
        "eval_accuracy": 0.4337132573485303,
        "eval_precision_macro": 0.2697009083119493,
        "eval_recall_macro": 0.2612218295667696,
        "eval_f1_macro": 0.20003082705934255,
        "eval_precision_micro": 0.4337132573485303,
        "eval_recall_micro": 0.4337132573485303,
        "eval_f1_micro": 0.4337132573485303,
        "eval_runtime": 2.3262,
        "eval_samples_per_second": 187.002,
        "eval_steps_per_second": 23.644
    },
    "reconstructed_morphological": {
        "eval_loss": 5.746802806854248,
        "eval_model_preparation_time": 0.0282,
        "eval_accuracy": 0.4351129774045191,
        "eval_precision_macro": 0.26409581795523096,
        "eval_recall_macro": 0.2614500985003901,
        "eval_f1_macro": 0.20008251040914915,
        "eval_precision_micro": 0.4351129774045191,
        "eval_recall_micro": 0.4351129774045191,
        "eval_f1_micro": 0.4351129774045191,
        "eval_runtime": 2.307,
        "eval_samples_per_second": 188.559,
        "eval_steps_per_second": 23.841
    }
}
