{
    "reconstructed_featural": {
        "eval_loss": 5.792783737182617,
        "eval_model_preparation_time": 0.029,
        "eval_accuracy": 0.43331333733253347,
        "eval_precision_macro": 0.26715397259131074,
        "eval_recall_macro": 0.25960139564616136,
        "eval_f1_macro": 0.19795409751487994,
        "eval_precision_micro": 0.43331333733253347,
        "eval_recall_micro": 0.43331333733253347,
        "eval_f1_micro": 0.43331333733253347,
        "eval_runtime": 2.313,
        "eval_samples_per_second": 188.064,
        "eval_steps_per_second": 23.778
    }
}
