{
    "reconstructed_featural": {
        "eval_loss": 5.612992763519287,
        "eval_model_preparation_time": 0.0275,
        "eval_accuracy": 0.4357128574285143,
        "eval_precision_macro": 0.2608673379643902,
        "eval_recall_macro": 0.2688072085653784,
        "eval_f1_macro": 0.2025643275203489,
        "eval_precision_micro": 0.4357128574285143,
        "eval_recall_micro": 0.4357128574285143,
        "eval_f1_micro": 0.4357128574285143,
        "eval_runtime": 2.3866,
        "eval_samples_per_second": 182.266,
        "eval_steps_per_second": 23.045
    },
    "reconstructed_syntactic": {
        "eval_loss": 5.645263195037842,
        "eval_model_preparation_time": 0.0277,
        "eval_accuracy": 0.4375124975004999,
        "eval_precision_macro": 0.2747199833551765,
        "eval_recall_macro": 0.26695490472719263,
        "eval_f1_macro": 0.20376842939351747,
        "eval_precision_micro": 0.4375124975004999,
        "eval_recall_micro": 0.4375124975004999,
        "eval_f1_micro": 0.4375124975004999,
        "eval_runtime": 2.3865,
        "eval_samples_per_second": 182.274,
        "eval_steps_per_second": 23.046
    },
    "reconstructed_morphological": {
        "eval_loss": 5.842979907989502,
        "eval_model_preparation_time": 0.0279,
        "eval_accuracy": 0.4575084983003399,
        "eval_precision_macro": 0.2726876727473822,
        "eval_recall_macro": 0.2678668854010455,
        "eval_f1_macro": 0.20822948551401788,
        "eval_precision_micro": 0.4575084983003399,
        "eval_recall_micro": 0.4575084983003399,
        "eval_f1_micro": 0.4575084983003399,
        "eval_runtime": 2.385,
        "eval_samples_per_second": 182.39,
        "eval_steps_per_second": 23.061
    }
}
