{
    "reconstructed_featural": {
        "eval_loss": 2.808120012283325,
        "eval_model_preparation_time": 0.0299,
        "eval_accuracy": 0.7104072398190046,
        "eval_precision_macro": 0.49179195494891725,
        "eval_recall_macro": 0.45659595113631557,
        "eval_f1_macro": 0.4484758319105731,
        "eval_precision_micro": 0.7104072398190046,
        "eval_recall_micro": 0.7104072398190046,
        "eval_f1_micro": 0.7104072398190046,
        "eval_runtime": 1.2627,
        "eval_samples_per_second": 180.564,
        "eval_steps_per_second": 22.966
    },
    "reconstructed_syntactic": {
        "eval_loss": 2.808120012283325,
        "eval_model_preparation_time": 0.0289,
        "eval_accuracy": 0.7104072398190046,
        "eval_precision_macro": 0.49179195494891725,
        "eval_recall_macro": 0.45659595113631557,
        "eval_f1_macro": 0.4484758319105731,
        "eval_precision_micro": 0.7104072398190046,
        "eval_recall_micro": 0.7104072398190046,
        "eval_f1_micro": 0.7104072398190046,
        "eval_runtime": 1.248,
        "eval_samples_per_second": 182.695,
        "eval_steps_per_second": 23.237
    },
    "reconstructed_morphological": {
        "eval_loss": 2.808120012283325,
        "eval_model_preparation_time": 0.0288,
        "eval_accuracy": 0.7104072398190046,
        "eval_precision_macro": 0.49179195494891725,
        "eval_recall_macro": 0.45659595113631557,
        "eval_f1_macro": 0.4484758319105731,
        "eval_precision_micro": 0.7104072398190046,
        "eval_recall_micro": 0.7104072398190046,
        "eval_f1_micro": 0.7104072398190046,
        "eval_runtime": 1.244,
        "eval_samples_per_second": 183.277,
        "eval_steps_per_second": 23.312
    }
}
