{
    "reconstructed_featural": {
        "eval_loss": 2.118377923965454,
        "eval_model_preparation_time": 0.0289,
        "eval_precision": 0.3391812865497076,
        "eval_recall": 0.5370370370370371,
        "eval_f1": 0.4157706093189964,
        "eval_accuracy": 0.7712112346401404,
        "eval_runtime": 0.3104,
        "eval_samples_per_second": 322.213,
        "eval_steps_per_second": 41.888
    },
    "reconstructed_syntactic": {
        "eval_loss": 2.118377923965454,
        "eval_model_preparation_time": 0.0291,
        "eval_precision": 0.3391812865497076,
        "eval_recall": 0.5370370370370371,
        "eval_f1": 0.4157706093189964,
        "eval_accuracy": 0.7712112346401404,
        "eval_runtime": 0.308,
        "eval_samples_per_second": 324.644,
        "eval_steps_per_second": 42.204
    },
    "reconstructed_morphological": {
        "eval_loss": 2.118377923965454,
        "eval_model_preparation_time": 0.0292,
        "eval_precision": 0.3391812865497076,
        "eval_recall": 0.5370370370370371,
        "eval_f1": 0.4157706093189964,
        "eval_accuracy": 0.7712112346401404,
        "eval_runtime": 0.3094,
        "eval_samples_per_second": 323.251,
        "eval_steps_per_second": 42.023
    }
}
