{
    "reconstructed_featural": {
        "eval_loss": 0.8599773645401001,
        "eval_model_preparation_time": 0.0303,
        "eval_precision": 0.34328358208955223,
        "eval_recall": 0.4144144144144144,
        "eval_f1": 0.37551020408163266,
        "eval_accuracy": 0.7916894477856752,
        "eval_runtime": 0.3562,
        "eval_samples_per_second": 280.717,
        "eval_steps_per_second": 36.493
    },
    "baseline_en": {
        "eval_loss": 1.2188575267791748,
        "eval_model_preparation_time": 0.0281,
        "eval_precision": 0.2638888888888889,
        "eval_recall": 0.17117117117117117,
        "eval_f1": 0.20765027322404372,
        "eval_accuracy": 0.7627118644067796,
        "eval_runtime": 0.3612,
        "eval_samples_per_second": 276.853,
        "eval_steps_per_second": 35.991
    },
    "baseline_task_adapter": {
        "eval_loss": 0.8438184261322021,
        "eval_model_preparation_time": 0.0287,
        "eval_precision": 0.2,
        "eval_recall": 0.3063063063063063,
        "eval_f1": 0.2419928825622776,
        "eval_accuracy": 0.7681793329688354,
        "eval_runtime": 0.3094,
        "eval_samples_per_second": 323.191,
        "eval_steps_per_second": 42.015
    },
    "baseline_avg_adapter": {
        "eval_loss": 0.8114072680473328,
        "eval_model_preparation_time": 0.0293,
        "eval_precision": 0.2540983606557377,
        "eval_recall": 0.27927927927927926,
        "eval_f1": 0.26609442060085836,
        "eval_accuracy": 0.7845817386550027,
        "eval_runtime": 0.3516,
        "eval_samples_per_second": 284.409,
        "eval_steps_per_second": 36.973
    },
    "baseline_closest_featural": {
        "eval_loss": 0.8935797810554504,
        "eval_model_preparation_time": 0.0273,
        "eval_precision": 0.27184466019417475,
        "eval_recall": 0.25225225225225223,
        "eval_f1": 0.2616822429906542,
        "eval_accuracy": 0.7731000546746856,
        "eval_runtime": 0.3562,
        "eval_samples_per_second": 280.749,
        "eval_steps_per_second": 36.497
    },
    "no_train_gain": {
        "eval_loss": 0.8658918142318726,
        "eval_model_preparation_time": 0.0301,
        "eval_precision": 0.33088235294117646,
        "eval_recall": 0.40540540540540543,
        "eval_f1": 0.3643724696356275,
        "eval_accuracy": 0.7998906506287589,
        "eval_runtime": 0.369,
        "eval_samples_per_second": 270.999,
        "eval_steps_per_second": 35.23
    }
}