{
    "reconstructed_featural": {
        "eval_loss": 2.136989116668701,
        "eval_model_preparation_time": 0.0297,
        "eval_precision": 0.3333333333333333,
        "eval_recall": 0.3963963963963964,
        "eval_f1": 0.3621399176954732,
        "eval_accuracy": 0.7747402952433023,
        "eval_runtime": 0.3314,
        "eval_samples_per_second": 301.791,
        "eval_steps_per_second": 39.233
    },
    "baseline_en": {
        "eval_loss": 2.919393301010132,
        "eval_model_preparation_time": 0.0273,
        "eval_precision": 0.32,
        "eval_recall": 0.21621621621621623,
        "eval_f1": 0.25806451612903225,
        "eval_accuracy": 0.758337889557135,
        "eval_runtime": 0.3323,
        "eval_samples_per_second": 300.973,
        "eval_steps_per_second": 39.126
    },
    "baseline_task_adapter": {
        "eval_loss": 1.9941390752792358,
        "eval_model_preparation_time": 0.0282,
        "eval_precision": 0.2702702702702703,
        "eval_recall": 0.36036036036036034,
        "eval_f1": 0.3088803088803089,
        "eval_accuracy": 0.7676325861126299,
        "eval_runtime": 0.2882,
        "eval_samples_per_second": 346.995,
        "eval_steps_per_second": 45.109
    },
    "baseline_avg_adapter": {
        "eval_loss": 1.893916130065918,
        "eval_model_preparation_time": 0.0295,
        "eval_precision": 0.3246753246753247,
        "eval_recall": 0.22522522522522523,
        "eval_f1": 0.26595744680851063,
        "eval_accuracy": 0.7987971569163478,
        "eval_runtime": 0.3423,
        "eval_samples_per_second": 292.101,
        "eval_steps_per_second": 37.973
    },
    "baseline_closest_featural": {
        "eval_loss": 2.112805128097534,
        "eval_model_preparation_time": 0.0281,
        "eval_precision": 0.29591836734693877,
        "eval_recall": 0.26126126126126126,
        "eval_f1": 0.27751196172248804,
        "eval_accuracy": 0.7752870420995079,
        "eval_runtime": 0.3403,
        "eval_samples_per_second": 293.84,
        "eval_steps_per_second": 38.199
    },
    "no_train_gain": {
        "eval_loss": 2.112504005432129,
        "eval_model_preparation_time": 0.0285,
        "eval_precision": 0.2975206611570248,
        "eval_recall": 0.32432432432432434,
        "eval_f1": 0.3103448275862069,
        "eval_accuracy": 0.7758337889557135,
        "eval_runtime": 0.3926,
        "eval_samples_per_second": 254.743,
        "eval_steps_per_second": 33.117
    }
}