{
    "reconstructed_featural": {
        "eval_loss": 2.136326789855957,
        "eval_model_preparation_time": 0.0291,
        "eval_precision": 0.32575757575757575,
        "eval_recall": 0.38738738738738737,
        "eval_f1": 0.3539094650205761,
        "eval_accuracy": 0.7736468015308912,
        "eval_runtime": 0.3281,
        "eval_samples_per_second": 304.773,
        "eval_steps_per_second": 39.62
    }
}
