{
    "reconstructed_featural": {
        "eval_loss": 2.169752836227417,
        "eval_model_preparation_time": 0.0287,
        "eval_precision": 0.3754116355653128,
        "eval_recall": 0.562037797863599,
        "eval_f1": 0.4501480750246791,
        "eval_accuracy": 0.7315640880858272,
        "eval_runtime": 3.0068,
        "eval_samples_per_second": 332.58,
        "eval_steps_per_second": 41.572
    }
}