{
    "reconstructed_featural": {
        "eval_loss": 0.7208337783813477,
        "eval_model_preparation_time": 0.0292,
        "eval_precision": 0.40852575488454707,
        "eval_recall": 0.5669679539852095,
        "eval_f1": 0.4748795595320027,
        "eval_accuracy": 0.8009034443817052,
        "eval_runtime": 3.246,
        "eval_samples_per_second": 308.069,
        "eval_steps_per_second": 38.509
    },
    "baseline_en": {
        "eval_loss": 0.9247695207595825,
        "eval_model_preparation_time": 0.0279,
        "eval_precision": 0.3551784669397308,
        "eval_recall": 0.4987674609695974,
        "eval_f1": 0.4149008885850991,
        "eval_accuracy": 0.7442123094297007,
        "eval_runtime": 3.1988,
        "eval_samples_per_second": 312.618,
        "eval_steps_per_second": 39.077
    },
    "baseline_task_adapter": {
        "eval_loss": 0.6523727774620056,
        "eval_model_preparation_time": 0.0278,
        "eval_precision": 0.4309569685292229,
        "eval_recall": 0.551355792933443,
        "eval_f1": 0.4837779379956741,
        "eval_accuracy": 0.8182947487295313,
        "eval_runtime": 2.8113,
        "eval_samples_per_second": 355.708,
        "eval_steps_per_second": 44.463
    },
    "baseline_avg_adapter": {
        "eval_loss": 0.7319311499595642,
        "eval_model_preparation_time": 0.0302,
        "eval_precision": 0.4479338842975207,
        "eval_recall": 0.44535743631881675,
        "eval_f1": 0.44664194478780384,
        "eval_accuracy": 0.8160361377752682,
        "eval_runtime": 3.1709,
        "eval_samples_per_second": 315.366,
        "eval_steps_per_second": 39.421
    },
    "baseline_closest_featural": {
        "eval_loss": 1.0598630905151367,
        "eval_model_preparation_time": 0.0287,
        "eval_precision": 0.2891809908998989,
        "eval_recall": 0.47000821692686934,
        "eval_f1": 0.35805946791862286,
        "eval_accuracy": 0.6785996612083569,
        "eval_runtime": 3.1931,
        "eval_samples_per_second": 313.172,
        "eval_steps_per_second": 39.147
    },
    "no_train_gain": {
        "eval_loss": 0.8518280982971191,
        "eval_model_preparation_time": 0.0289,
        "eval_precision": 0.40083382966051223,
        "eval_recall": 0.552999178307313,
        "eval_f1": 0.46477900552486195,
        "eval_accuracy": 0.7619424054206663,
        "eval_runtime": 3.2187,
        "eval_samples_per_second": 310.683,
        "eval_steps_per_second": 38.835
    }
}
