{
    "reconstructed_featural": {
        "eval_loss": 2.153202772140503,
        "eval_model_preparation_time": 0.0307,
        "eval_precision": 0.36504543025120256,
        "eval_recall": 0.561216105176664,
        "eval_f1": 0.44235751295336795,
        "eval_accuracy": 0.7317334839073969,
        "eval_runtime": 2.8178,
        "eval_samples_per_second": 354.884,
        "eval_steps_per_second": 44.36
    },
    "reconstructed_syntactic": {
        "eval_loss": 2.1559696197509766,
        "eval_model_preparation_time": 0.0292,
        "eval_precision": 0.3655913978494624,
        "eval_recall": 0.5587510271158587,
        "eval_f1": 0.4419889502762431,
        "eval_accuracy": 0.7315076228119707,
        "eval_runtime": 2.6975,
        "eval_samples_per_second": 370.72,
        "eval_steps_per_second": 46.34
    },
    "reconstructed_morphological": {
        "eval_loss": 2.1530025005340576,
        "eval_model_preparation_time": 0.0291,
        "eval_precision": 0.37282608695652175,
        "eval_recall": 0.5636811832374692,
        "eval_f1": 0.4488060189728492,
        "eval_accuracy": 0.7316770186335404,
        "eval_runtime": 2.6781,
        "eval_samples_per_second": 373.395,
        "eval_steps_per_second": 46.674
    }
}
