{
    "reconstructed_featural": {
        "eval_loss": 2.4233782291412354,
        "eval_model_preparation_time": 0.0331,
        "eval_precision": 0.27325581395348836,
        "eval_recall": 0.42342342342342343,
        "eval_f1": 0.33215547703180215,
        "eval_accuracy": 0.7537506466632178,
        "eval_runtime": 0.4545,
        "eval_samples_per_second": 220.031,
        "eval_steps_per_second": 28.604
    },
    "reconstructed_syntactic": {
        "eval_loss": 2.4233782291412354,
        "eval_model_preparation_time": 0.0304,
        "eval_precision": 0.27325581395348836,
        "eval_recall": 0.42342342342342343,
        "eval_f1": 0.33215547703180215,
        "eval_accuracy": 0.7537506466632178,
        "eval_runtime": 0.4569,
        "eval_samples_per_second": 218.845,
        "eval_steps_per_second": 28.45
    },
    "reconstructed_morphological": {
        "eval_loss": 2.4233782291412354,
        "eval_model_preparation_time": 0.0305,
        "eval_precision": 0.27325581395348836,
        "eval_recall": 0.42342342342342343,
        "eval_f1": 0.33215547703180215,
        "eval_accuracy": 0.7537506466632178,
        "eval_runtime": 0.4741,
        "eval_samples_per_second": 210.916,
        "eval_steps_per_second": 27.419
    }
}
