{
    "reconstructed_featural": {
        "eval_loss": 3.084693193435669,
        "eval_model_preparation_time": 0.03,
        "eval_precision": 0.5021645021645021,
        "eval_recall": 0.6304347826086957,
        "eval_f1": 0.5590361445783132,
        "eval_accuracy": 0.7210499227997942,
        "eval_runtime": 0.3609,
        "eval_samples_per_second": 277.118,
        "eval_steps_per_second": 36.025
    },
    "baseline_en": {
        "eval_loss": 3.9220163822174072,
        "eval_model_preparation_time": 0.0284,
        "eval_precision": 0.49137931034482757,
        "eval_recall": 0.6195652173913043,
        "eval_f1": 0.5480769230769231,
        "eval_accuracy": 0.6479670612454966,
        "eval_runtime": 0.3341,
        "eval_samples_per_second": 299.353,
        "eval_steps_per_second": 38.916
    },
    "baseline_task_adapter": {
        "eval_loss": 2.4465973377227783,
        "eval_model_preparation_time": 0.0288,
        "eval_precision": 0.4978540772532189,
        "eval_recall": 0.6304347826086957,
        "eval_f1": 0.5563549160671463,
        "eval_accuracy": 0.746268656716418,
        "eval_runtime": 0.2984,
        "eval_samples_per_second": 335.079,
        "eval_steps_per_second": 43.56
    },
    "baseline_avg_adapter": {
        "eval_loss": 2.420926094055176,
        "eval_model_preparation_time": 0.0301,
        "eval_precision": 0.33962264150943394,
        "eval_recall": 0.29347826086956524,
        "eval_f1": 0.314868804664723,
        "eval_accuracy": 0.6850231600617601,
        "eval_runtime": 0.3391,
        "eval_samples_per_second": 294.864,
        "eval_steps_per_second": 38.332
    },
    "baseline_closest_featural": {
        "eval_loss": 1.6889969110488892,
        "eval_model_preparation_time": 0.028,
        "eval_precision": 0.4933920704845815,
        "eval_recall": 0.6086956521739131,
        "eval_f1": 0.5450121654501217,
        "eval_accuracy": 0.7766340710241894,
        "eval_runtime": 0.3429,
        "eval_samples_per_second": 291.662,
        "eval_steps_per_second": 37.916
    },
    "no_train_gain": {
        "eval_loss": 3.1212518215179443,
        "eval_model_preparation_time": 0.0292,
        "eval_precision": 0.5178571428571429,
        "eval_recall": 0.6304347826086957,
        "eval_f1": 0.5686274509803922,
        "eval_accuracy": 0.7107565620174987,
        "eval_runtime": 0.343,
        "eval_samples_per_second": 291.554,
        "eval_steps_per_second": 37.902
    }
}