{
    "reconstructed_featural": {
        "eval_loss": 2.9212944507598877,
        "eval_model_preparation_time": 0.0278,
        "eval_precision": 0.5,
        "eval_recall": 0.6467391304347826,
        "eval_f1": 0.5639810426540284,
        "eval_accuracy": 0.7159032424086464,
        "eval_runtime": 0.3567,
        "eval_samples_per_second": 280.383,
        "eval_steps_per_second": 36.45
    },
    "reconstructed_syntactic": {
        "eval_loss": 2.9248549938201904,
        "eval_model_preparation_time": 0.0277,
        "eval_precision": 0.4978902953586498,
        "eval_recall": 0.6413043478260869,
        "eval_f1": 0.5605700712589072,
        "eval_accuracy": 0.7153885743695316,
        "eval_runtime": 0.3574,
        "eval_samples_per_second": 279.764,
        "eval_steps_per_second": 36.369
    },
    "reconstructed_morphological": {
        "eval_loss": 3.156719446182251,
        "eval_model_preparation_time": 0.0277,
        "eval_precision": 0.49344978165938863,
        "eval_recall": 0.6141304347826086,
        "eval_f1": 0.5472154963680387,
        "eval_accuracy": 0.7097272259392692,
        "eval_runtime": 0.3596,
        "eval_samples_per_second": 278.093,
        "eval_steps_per_second": 36.152
    }
}
