{
    "reconstructed_featural": {
        "eval_loss": 0.9470624327659607,
        "eval_model_preparation_time": 0.0305,
        "eval_precision": 0.5474137931034483,
        "eval_recall": 0.6902173913043478,
        "eval_f1": 0.6105769230769231,
        "eval_accuracy": 0.7591353576942872,
        "eval_runtime": 0.3749,
        "eval_samples_per_second": 266.743,
        "eval_steps_per_second": 34.677
    },
    "baseline_en": {
        "eval_loss": 1.1466649770736694,
        "eval_model_preparation_time": 0.029,
        "eval_precision": 0.5170940170940171,
        "eval_recall": 0.657608695652174,
        "eval_f1": 0.5789473684210528,
        "eval_accuracy": 0.7256819351518271,
        "eval_runtime": 0.3698,
        "eval_samples_per_second": 270.406,
        "eval_steps_per_second": 35.153
    },
    "baseline_task_adapter": {
        "eval_loss": 0.8433903455734253,
        "eval_model_preparation_time": 0.0281,
        "eval_precision": 0.4497991967871486,
        "eval_recall": 0.6086956521739131,
        "eval_f1": 0.5173210161662818,
        "eval_accuracy": 0.7910447761194029,
        "eval_runtime": 0.3287,
        "eval_samples_per_second": 304.272,
        "eval_steps_per_second": 39.555
    },
    "baseline_avg_adapter": {
        "eval_loss": 0.9879346489906311,
        "eval_model_preparation_time": 0.03,
        "eval_precision": 0.2602739726027397,
        "eval_recall": 0.30978260869565216,
        "eval_f1": 0.28287841191067,
        "eval_accuracy": 0.7133299022130726,
        "eval_runtime": 0.3855,
        "eval_samples_per_second": 259.41,
        "eval_steps_per_second": 33.723
    },
    "baseline_closest_featural": {
        "eval_loss": 0.6713377237319946,
        "eval_model_preparation_time": 0.0292,
        "eval_precision": 0.48444444444444446,
        "eval_recall": 0.592391304347826,
        "eval_f1": 0.5330073349633252,
        "eval_accuracy": 0.8152341739577972,
        "eval_runtime": 0.365,
        "eval_samples_per_second": 273.953,
        "eval_steps_per_second": 35.614
    },
    "no_train_gain": {
        "eval_loss": 0.98044753074646,
        "eval_model_preparation_time": 0.0288,
        "eval_precision": 0.5530973451327433,
        "eval_recall": 0.6793478260869565,
        "eval_f1": 0.6097560975609755,
        "eval_accuracy": 0.7570766855378281,
        "eval_runtime": 0.3636,
        "eval_samples_per_second": 275.005,
        "eval_steps_per_second": 35.751
    }
}