{
    "reconstructed_featural": {
        "eval_loss": 3.175473213195801,
        "eval_model_preparation_time": 0.0282,
        "eval_precision": 0.5291479820627802,
        "eval_recall": 0.6413043478260869,
        "eval_f1": 0.5798525798525798,
        "eval_accuracy": 0.7220792588780237,
        "eval_runtime": 0.3406,
        "eval_samples_per_second": 293.59,
        "eval_steps_per_second": 38.167
    }
}
