{
    "reconstructed_featural": {
        "eval_loss": 2.748060703277588,
        "eval_model_preparation_time": 0.028,
        "eval_precision": 0.23318385650224216,
        "eval_recall": 0.48148148148148145,
        "eval_f1": 0.3141993957703928,
        "eval_accuracy": 0.689453125,
        "eval_runtime": 0.424,
        "eval_samples_per_second": 235.873,
        "eval_steps_per_second": 30.663
    },
    "reconstructed_syntactic": {
        "eval_loss": 2.590954065322876,
        "eval_model_preparation_time": 0.0326,
        "eval_precision": 0.2535885167464115,
        "eval_recall": 0.49074074074074076,
        "eval_f1": 0.334384858044164,
        "eval_accuracy": 0.7021484375,
        "eval_runtime": 0.455,
        "eval_samples_per_second": 219.789,
        "eval_steps_per_second": 28.573
    },
    "reconstructed_morphological": {
        "eval_loss": 2.797891139984131,
        "eval_model_preparation_time": 0.033,
        "eval_precision": 0.235,
        "eval_recall": 0.4351851851851852,
        "eval_f1": 0.30519480519480513,
        "eval_accuracy": 0.68505859375,
        "eval_runtime": 0.4546,
        "eval_samples_per_second": 219.95,
        "eval_steps_per_second": 28.593
    }
}