{
    "reconstructed_syntactic": {
        "eval_loss": 2.7655465602874756,
        "eval_model_preparation_time": 0.0278,
        "eval_precision": 0.24285714285714285,
        "eval_recall": 0.4722222222222222,
        "eval_f1": 0.32075471698113206,
        "eval_accuracy": 0.69384765625,
        "eval_runtime": 1.2991,
        "eval_samples_per_second": 76.977,
        "eval_steps_per_second": 10.007
    },
    "reconstructed_morphological": {
        "eval_loss": 2.7786359786987305,
        "eval_model_preparation_time": 0.0277,
        "eval_precision": 0.23809523809523808,
        "eval_recall": 0.46296296296296297,
        "eval_f1": 0.31446540880503143,
        "eval_accuracy": 0.68896484375,
        "eval_runtime": 0.4275,
        "eval_samples_per_second": 233.922,
        "eval_steps_per_second": 30.41
    }
}
