{
    "reconstructed_featural": {
        "eval_loss": 2.782449245452881,
        "eval_model_preparation_time": 0.029,
        "eval_precision": 0.24519230769230768,
        "eval_recall": 0.4722222222222222,
        "eval_f1": 0.3227848101265823,
        "eval_accuracy": 0.68994140625,
        "eval_runtime": 0.4028,
        "eval_samples_per_second": 248.27,
        "eval_steps_per_second": 32.275
    }
}
