{
    "reconstructed_featural": {
        "eval_loss": 2.7807822227478027,
        "eval_model_preparation_time": 0.0289,
        "eval_precision": 0.24285714285714285,
        "eval_recall": 0.4722222222222222,
        "eval_f1": 0.32075471698113206,
        "eval_accuracy": 0.68994140625,
        "eval_runtime": 0.4026,
        "eval_samples_per_second": 248.355,
        "eval_steps_per_second": 32.286
    }
}