{
    "reconstructed_featural": {
        "eval_loss": 1.1936984062194824,
        "eval_model_preparation_time": 0.0276,
        "eval_precision": 0.6197143657238868,
        "eval_recall": 0.7241492146596858,
        "eval_f1": 0.6678738494039536,
        "eval_accuracy": 0.8641691399989939,
        "eval_runtime": 28.5804,
        "eval_samples_per_second": 349.89,
        "eval_steps_per_second": 43.736
    }
}
