{
    "reconstructed_featural": {
        "eval_loss": 1.1806318759918213,
        "eval_model_preparation_time": 0.029,
        "eval_precision": 0.6213129685420024,
        "eval_recall": 0.7254581151832461,
        "eval_f1": 0.6693587953353209,
        "eval_accuracy": 0.8651896141601569,
        "eval_runtime": 28.1864,
        "eval_samples_per_second": 354.78,
        "eval_steps_per_second": 44.348
    }
}
