{
    "reconstructed_featural": {
        "eval_loss": 1.173426628112793,
        "eval_model_preparation_time": 0.0286,
        "eval_precision": 0.6206872419343551,
        "eval_recall": 0.7255399214659686,
        "eval_f1": 0.6690302870290046,
        "eval_accuracy": 0.8661597832570374,
        "eval_runtime": 28.0313,
        "eval_samples_per_second": 356.744,
        "eval_steps_per_second": 44.593
    },
    "baseline_en": {
        "eval_loss": 1.5435150861740112,
        "eval_model_preparation_time": 0.0306,
        "eval_precision": 0.5969228587634714,
        "eval_recall": 0.6887270942408377,
        "eval_f1": 0.6395472500759647,
        "eval_accuracy": 0.840669488541225,
        "eval_runtime": 29.1337,
        "eval_samples_per_second": 343.245,
        "eval_steps_per_second": 42.906
    },
    "baseline_task_adapter": {
        "eval_loss": 1.1535780429840088,
        "eval_model_preparation_time": 0.0279,
        "eval_precision": 0.595254808367261,
        "eval_recall": 0.693717277486911,
        "eval_f1": 0.64072534945221,
        "eval_accuracy": 0.8612586327083528,
        "eval_runtime": 24.1379,
        "eval_samples_per_second": 414.286,
        "eval_steps_per_second": 51.786
    },
    "baseline_avg_adapter": {
        "eval_loss": 1.4556227922439575,
        "eval_model_preparation_time": 0.0294,
        "eval_precision": 0.5591213317315943,
        "eval_recall": 0.5330497382198953,
        "eval_f1": 0.5457743529608845,
        "eval_accuracy": 0.8188730228313127,
        "eval_runtime": 27.5483,
        "eval_samples_per_second": 362.998,
        "eval_steps_per_second": 45.375
    },
    "baseline_closest_featural": {
        "eval_loss": 1.2398874759674072,
        "eval_model_preparation_time": 0.0276,
        "eval_precision": 0.5608050242649157,
        "eval_recall": 0.6428337696335078,
        "eval_f1": 0.5990242415002286,
        "eval_accuracy": 0.8467132826929019,
        "eval_runtime": 27.582,
        "eval_samples_per_second": 362.556,
        "eval_steps_per_second": 45.319
    },
    "no_train_gain": {
        "eval_loss": 1.2222533226013184,
        "eval_model_preparation_time": 0.0289,
        "eval_precision": 0.615341779200891,
        "eval_recall": 0.7231675392670157,
        "eval_f1": 0.6649116209101166,
        "eval_accuracy": 0.8630768014602842,
        "eval_runtime": 29.4101,
        "eval_samples_per_second": 340.019,
        "eval_steps_per_second": 42.502
    }
}