{
    "reconstructed_featural": {
        "eval_loss": 1.5458741188049316,
        "eval_model_preparation_time": 0.0284,
        "eval_accuracy": 0.8573662808883328,
        "eval_precision_macro": 0.6813282199247785,
        "eval_recall_macro": 0.6778155513792558,
        "eval_f1_macro": 0.6376442273520572,
        "eval_precision_micro": 0.8573662808883328,
        "eval_recall_micro": 0.8573662808883328,
        "eval_f1_micro": 0.8573662808883328,
        "eval_runtime": 0.838,
        "eval_samples_per_second": 182.583,
        "eval_steps_per_second": 23.867
    }
}