{
    "reconstructed_syntactic": {
        "eval_loss": 1.5410165786743164,
        "eval_model_preparation_time": 0.028,
        "eval_accuracy": 0.8576790741319987,
        "eval_precision_macro": 0.6808741985500002,
        "eval_recall_macro": 0.6775777297214916,
        "eval_f1_macro": 0.6364579859890728,
        "eval_precision_micro": 0.8576790741319987,
        "eval_recall_micro": 0.8576790741319987,
        "eval_f1_micro": 0.8576790741319987,
        "eval_runtime": 0.8354,
        "eval_samples_per_second": 183.154,
        "eval_steps_per_second": 23.942
    },
    "reconstructed_morphological": {
        "eval_loss": 1.541904330253601,
        "eval_model_preparation_time": 0.0281,
        "eval_accuracy": 0.8576790741319987,
        "eval_precision_macro": 0.681564568063899,
        "eval_recall_macro": 0.6775777297214916,
        "eval_f1_macro": 0.6375800665229179,
        "eval_precision_micro": 0.8576790741319987,
        "eval_recall_micro": 0.8576790741319987,
        "eval_f1_micro": 0.8576790741319987,
        "eval_runtime": 0.8369,
        "eval_samples_per_second": 182.808,
        "eval_steps_per_second": 23.897
    }
}
