{
    "reconstructed_featural": {
        "eval_loss": 1.0828208923339844,
        "eval_model_preparation_time": 0.0304,
        "eval_precision": 0.6071234366503534,
        "eval_recall": 0.7033624694857863,
        "eval_f1": 0.651709167852322,
        "eval_accuracy": 0.8701279960749795,
        "eval_runtime": 33.5679,
        "eval_samples_per_second": 297.903,
        "eval_steps_per_second": 37.238
    },
    "reconstructed_syntactic": {
        "eval_loss": 1.0844554901123047,
        "eval_model_preparation_time": 0.0315,
        "eval_precision": 0.6030689842476915,
        "eval_recall": 0.6994251515867391,
        "eval_f1": 0.6476829401684472,
        "eval_accuracy": 0.8693487640514294,
        "eval_runtime": 33.3174,
        "eval_samples_per_second": 300.143,
        "eval_steps_per_second": 37.518
    },
    "reconstructed_morphological": {
        "eval_loss": 1.0940662622451782,
        "eval_model_preparation_time": 0.0305,
        "eval_precision": 0.6128568494557404,
        "eval_recall": 0.7049373966454051,
        "eval_f1": 0.6556800703142167,
        "eval_accuracy": 0.8700414147390294,
        "eval_runtime": 33.4242,
        "eval_samples_per_second": 299.185,
        "eval_steps_per_second": 37.398
    }
}