{
    "reconstructed_featural": {
        "eval_loss": 1.1034539937973022,
        "eval_model_preparation_time": 0.029,
        "eval_precision": 0.607198854727657,
        "eval_recall": 0.7013938105362627,
        "eval_f1": 0.6509061677871968,
        "eval_accuracy": 0.8682953577973708,
        "eval_runtime": 28.1776,
        "eval_samples_per_second": 354.892,
        "eval_steps_per_second": 44.361
    }
}
