{
    "reconstructed_featural": {
        "eval_loss": 1.0781677961349487,
        "eval_model_preparation_time": 0.0276,
        "eval_precision": 0.6104897012685855,
        "eval_recall": 0.7048586502874242,
        "eval_f1": 0.6542889514272139,
        "eval_accuracy": 0.8694137000533918,
        "eval_runtime": 30.6777,
        "eval_samples_per_second": 325.969,
        "eval_steps_per_second": 40.746
    },
    "reconstructed_syntactic": {
        "eval_loss": 1.0363324880599976,
        "eval_model_preparation_time": 0.0276,
        "eval_precision": 0.6212765957446809,
        "eval_recall": 0.7128120324434994,
        "eval_f1": 0.6639040668891415,
        "eval_accuracy": 0.873547958845005,
        "eval_runtime": 31.5067,
        "eval_samples_per_second": 317.393,
        "eval_steps_per_second": 39.674
    },
    "reconstructed_morphological": {
        "eval_loss": 1.073337435722351,
        "eval_model_preparation_time": 0.0279,
        "eval_precision": 0.6215327717279638,
        "eval_recall": 0.7146231986770611,
        "eval_f1": 0.6648351648351648,
        "eval_accuracy": 0.8721987330264506,
        "eval_runtime": 31.5118,
        "eval_samples_per_second": 317.341,
        "eval_steps_per_second": 39.668
    }
}
