{
    "reconstructed_featural": {
        "eval_loss": 1.0964363813400269,
        "eval_model_preparation_time": 0.0292,
        "eval_precision": 0.6042755344418053,
        "eval_recall": 0.7011575714623198,
        "eval_f1": 0.6491215280309105,
        "eval_accuracy": 0.8692333222701626,
        "eval_runtime": 28.0197,
        "eval_samples_per_second": 356.891,
        "eval_steps_per_second": 44.611
    },
    "baseline_en": {
        "eval_loss": 1.3857641220092773,
        "eval_model_preparation_time": 0.0274,
        "eval_precision": 0.6191557289819085,
        "eval_recall": 0.6872194660996929,
        "eval_f1": 0.6514144957826379,
        "eval_accuracy": 0.8570902899031732,
        "eval_runtime": 28.0355,
        "eval_samples_per_second": 356.691,
        "eval_steps_per_second": 44.586
    },
    "baseline_task_adapter": {
        "eval_loss": 1.126002550125122,
        "eval_model_preparation_time": 0.0287,
        "eval_precision": 0.5697518443997317,
        "eval_recall": 0.668950311048114,
        "eval_f1": 0.615379043065667,
        "eval_accuracy": 0.8602432935540195,
        "eval_runtime": 24.1843,
        "eval_samples_per_second": 413.492,
        "eval_steps_per_second": 51.686
    },
    "baseline_avg_adapter": {
        "eval_loss": 1.473820686340332,
        "eval_model_preparation_time": 0.029,
        "eval_precision": 0.5245372193777078,
        "eval_recall": 0.524371997795102,
        "eval_f1": 0.5244545955737576,
        "eval_accuracy": 0.8058774296887401,
        "eval_runtime": 27.855,
        "eval_samples_per_second": 359.002,
        "eval_steps_per_second": 44.875
    },
    "baseline_closest_featural": {
        "eval_loss": 1.3689695596694946,
        "eval_model_preparation_time": 0.027,
        "eval_precision": 0.5167712762367551,
        "eval_recall": 0.6029608630600835,
        "eval_f1": 0.5565489169937491,
        "eval_accuracy": 0.8288719894947979,
        "eval_runtime": 27.9532,
        "eval_samples_per_second": 357.741,
        "eval_steps_per_second": 44.718
    },
    "no_train_gain": {
        "eval_loss": 1.1368842124938965,
        "eval_model_preparation_time": 0.0287,
        "eval_precision": 0.6041127604521312,
        "eval_recall": 0.6986376880069297,
        "eval_f1": 0.6479459558152273,
        "eval_accuracy": 0.8665925915236872,
        "eval_runtime": 27.8537,
        "eval_samples_per_second": 359.019,
        "eval_steps_per_second": 44.877
    }
}