{
    "reconstructed_featural": {
        "eval_loss": 1.7166588306427002,
        "eval_model_preparation_time": 0.0273,
        "eval_accuracy": 0.8484094678124529,
        "eval_precision_macro": 0.6275388192603385,
        "eval_recall_macro": 0.6399489763215201,
        "eval_f1_macro": 0.6092576987675578,
        "eval_precision_micro": 0.8484094678124529,
        "eval_recall_micro": 0.8484094678124529,
        "eval_f1_micro": 0.8484094678124529,
        "eval_runtime": 9.5896,
        "eval_samples_per_second": 190.103,
        "eval_steps_per_second": 23.776
    }
}
