{
    "reconstructed_featural": {
        "eval_loss": 1.6430217027664185,
        "eval_model_preparation_time": 0.0288,
        "eval_accuracy": 0.8530830695009799,
        "eval_precision_macro": 0.6278624628952341,
        "eval_recall_macro": 0.6434161905147469,
        "eval_f1_macro": 0.6130393463134508,
        "eval_precision_micro": 0.8530830695009799,
        "eval_recall_micro": 0.8530830695009799,
        "eval_f1_micro": 0.8530830695009799,
        "eval_runtime": 9.9691,
        "eval_samples_per_second": 182.866,
        "eval_steps_per_second": 22.871
    },
    "reconstructed_syntactic": {
        "eval_loss": 1.6523451805114746,
        "eval_model_preparation_time": 0.0271,
        "eval_accuracy": 0.8539122568973315,
        "eval_precision_macro": 0.632282648336525,
        "eval_recall_macro": 0.6462825138915209,
        "eval_f1_macro": 0.6130763559272536,
        "eval_precision_micro": 0.8539122568973315,
        "eval_recall_micro": 0.8539122568973315,
        "eval_f1_micro": 0.8539122568973315,
        "eval_runtime": 9.9887,
        "eval_samples_per_second": 182.507,
        "eval_steps_per_second": 22.826
    },
    "reconstructed_morphological": {
        "eval_loss": 1.7264125347137451,
        "eval_model_preparation_time": 0.0276,
        "eval_accuracy": 0.8487863711744309,
        "eval_precision_macro": 0.6353584885618038,
        "eval_recall_macro": 0.640329076273074,
        "eval_f1_macro": 0.6092462621177185,
        "eval_precision_micro": 0.8487863711744309,
        "eval_recall_micro": 0.8487863711744309,
        "eval_f1_micro": 0.8487863711744309,
        "eval_runtime": 9.9965,
        "eval_samples_per_second": 182.365,
        "eval_steps_per_second": 22.808
    }
}
