{
    "reconstructed_featural": {
        "eval_loss": 1.6747428178787231,
        "eval_model_preparation_time": 0.0285,
        "eval_accuracy": 0.851575456053068,
        "eval_precision_macro": 0.6276213161657898,
        "eval_recall_macro": 0.6419823117340644,
        "eval_f1_macro": 0.6121231262658967,
        "eval_precision_micro": 0.851575456053068,
        "eval_recall_micro": 0.851575456053068,
        "eval_f1_micro": 0.851575456053068,
        "eval_runtime": 9.9305,
        "eval_samples_per_second": 183.576,
        "eval_steps_per_second": 22.96
    },
    "reconstructed_syntactic": {
        "eval_loss": 1.6796150207519531,
        "eval_model_preparation_time": 0.0293,
        "eval_accuracy": 0.8509347203377055,
        "eval_precision_macro": 0.6262767268575297,
        "eval_recall_macro": 0.6408126512354045,
        "eval_f1_macro": 0.6112083055489206,
        "eval_precision_micro": 0.8509347203377055,
        "eval_recall_micro": 0.8509347203377055,
        "eval_f1_micro": 0.8509347203377055,
        "eval_runtime": 9.9083,
        "eval_samples_per_second": 183.987,
        "eval_steps_per_second": 23.011
    },
    "reconstructed_morphological": {
        "eval_loss": 1.7056010961532593,
        "eval_model_preparation_time": 0.0287,
        "eval_accuracy": 0.8496155585707824,
        "eval_precision_macro": 0.6267735966353476,
        "eval_recall_macro": 0.6409443946150846,
        "eval_f1_macro": 0.6100510676953519,
        "eval_precision_micro": 0.8496155585707824,
        "eval_recall_micro": 0.8496155585707824,
        "eval_f1_micro": 0.8496155585707824,
        "eval_runtime": 9.931,
        "eval_samples_per_second": 183.566,
        "eval_steps_per_second": 22.958
    }
}