{
    "reconstructed_featural": {
        "eval_loss": 1.6981102228164673,
        "eval_model_preparation_time": 0.0283,
        "eval_accuracy": 0.8494271068897935,
        "eval_precision_macro": 0.625798441231494,
        "eval_recall_macro": 0.6399773562691562,
        "eval_f1_macro": 0.6099325232649199,
        "eval_precision_micro": 0.8494271068897935,
        "eval_recall_micro": 0.8494271068897935,
        "eval_f1_micro": 0.8494271068897935,
        "eval_runtime": 9.5809,
        "eval_samples_per_second": 190.273,
        "eval_steps_per_second": 23.797
    }
}
