{
    "reconstructed_featural": {
        "eval_loss": 5.748124122619629,
        "eval_model_preparation_time": 0.0288,
        "eval_accuracy": 0.4775429326287979,
        "eval_precision_macro": 0.3073431820305501,
        "eval_recall_macro": 0.31144617333509395,
        "eval_f1_macro": 0.24984701170601703,
        "eval_precision_micro": 0.4775429326287979,
        "eval_recall_micro": 0.4775429326287979,
        "eval_f1_micro": 0.4775429326287979,
        "eval_runtime": 0.9194,
        "eval_samples_per_second": 181.634,
        "eval_steps_per_second": 22.84
    },
    "reconstructed_syntactic": {
        "eval_loss": 5.73246955871582,
        "eval_model_preparation_time": 0.0297,
        "eval_accuracy": 0.47556142668428003,
        "eval_precision_macro": 0.31121870237465565,
        "eval_recall_macro": 0.31008837549496626,
        "eval_f1_macro": 0.25018347758303294,
        "eval_precision_micro": 0.47556142668428003,
        "eval_recall_micro": 0.47556142668428003,
        "eval_f1_micro": 0.47556142668428003,
        "eval_runtime": 0.9183,
        "eval_samples_per_second": 181.852,
        "eval_steps_per_second": 22.868
    },
    "reconstructed_morphological": {
        "eval_loss": 5.817677021026611,
        "eval_model_preparation_time": 0.0298,
        "eval_accuracy": 0.47886393659180976,
        "eval_precision_macro": 0.29937727361549327,
        "eval_recall_macro": 0.30956323043448086,
        "eval_f1_macro": 0.2459434638679138,
        "eval_precision_micro": 0.47886393659180976,
        "eval_recall_micro": 0.47886393659180976,
        "eval_f1_micro": 0.47886393659180976,
        "eval_runtime": 0.9213,
        "eval_samples_per_second": 181.27,
        "eval_steps_per_second": 22.794
    }
}
