{
    "reconstructed_featural": {
        "eval_loss": 5.879769802093506,
        "eval_model_preparation_time": 0.0269,
        "eval_accuracy": 0.47886393659180976,
        "eval_precision_macro": 0.30358858642659026,
        "eval_recall_macro": 0.3093596236863715,
        "eval_f1_macro": 0.2453124986955426,
        "eval_precision_micro": 0.47886393659180976,
        "eval_recall_micro": 0.47886393659180976,
        "eval_f1_micro": 0.47886393659180976,
        "eval_runtime": 0.8911,
        "eval_samples_per_second": 187.407,
        "eval_steps_per_second": 23.566
    }
}