{
    "reconstructed_featural": {
        "eval_loss": 5.780355453491211,
        "eval_model_preparation_time": 0.0302,
        "eval_accuracy": 0.4775429326287979,
        "eval_precision_macro": 0.3058142899647283,
        "eval_recall_macro": 0.30967006804131847,
        "eval_f1_macro": 0.2488877895964216,
        "eval_precision_micro": 0.4775429326287979,
        "eval_recall_micro": 0.4775429326287979,
        "eval_f1_micro": 0.4775429326287979,
        "eval_runtime": 0.9036,
        "eval_samples_per_second": 184.824,
        "eval_steps_per_second": 23.241
    },
    "baseline_en": {
        "eval_loss": 6.872462272644043,
        "eval_model_preparation_time": 0.03,
        "eval_accuracy": 0.5013210039630119,
        "eval_precision_macro": 0.27321616320018066,
        "eval_recall_macro": 0.23946576871060046,
        "eval_f1_macro": 0.22389036660925837,
        "eval_precision_micro": 0.5013210039630119,
        "eval_recall_micro": 0.5013210039630119,
        "eval_f1_micro": 0.5013210039630119,
        "eval_runtime": 0.9043,
        "eval_samples_per_second": 184.667,
        "eval_steps_per_second": 23.222
    },
    "baseline_task_adapter": {
        "eval_loss": 5.07398796081543,
        "eval_model_preparation_time": 0.0281,
        "eval_accuracy": 0.4854689564068692,
        "eval_precision_macro": 0.28706992061012415,
        "eval_recall_macro": 0.29525328721499855,
        "eval_f1_macro": 0.25059323841609915,
        "eval_precision_micro": 0.4854689564068692,
        "eval_recall_micro": 0.4854689564068692,
        "eval_f1_micro": 0.4854689564068692,
        "eval_runtime": 0.8247,
        "eval_samples_per_second": 202.487,
        "eval_steps_per_second": 25.462
    },
    "baseline_avg_adapter": {
        "eval_loss": 5.407042503356934,
        "eval_model_preparation_time": 0.0301,
        "eval_accuracy": 0.49801849405548215,
        "eval_precision_macro": 0.3036737731690138,
        "eval_recall_macro": 0.25550021608351764,
        "eval_f1_macro": 0.2268055589111769,
        "eval_precision_micro": 0.49801849405548215,
        "eval_recall_micro": 0.49801849405548215,
        "eval_f1_micro": 0.49801849405548215,
        "eval_runtime": 0.9089,
        "eval_samples_per_second": 183.742,
        "eval_steps_per_second": 23.105
    },
    "baseline_closest_featural": {
        "eval_loss": 6.18147611618042,
        "eval_model_preparation_time": 0.0293,
        "eval_accuracy": 0.4960369881109643,
        "eval_precision_macro": 0.2404589291503777,
        "eval_recall_macro": 0.27501215389330835,
        "eval_f1_macro": 0.22355169423202353,
        "eval_precision_micro": 0.4960369881109643,
        "eval_recall_micro": 0.4960369881109643,
        "eval_f1_micro": 0.4960369881109643,
        "eval_runtime": 0.908,
        "eval_samples_per_second": 183.912,
        "eval_steps_per_second": 23.127
    },
    "no_train_gain": {
        "eval_loss": 6.030247211456299,
        "eval_model_preparation_time": 0.0301,
        "eval_accuracy": 0.4749009247027741,
        "eval_precision_macro": 0.26421815060334986,
        "eval_recall_macro": 0.24987187905295768,
        "eval_f1_macro": 0.21639484265942116,
        "eval_precision_micro": 0.4749009247027741,
        "eval_recall_micro": 0.4749009247027741,
        "eval_f1_micro": 0.4749009247027741,
        "eval_runtime": 0.9102,
        "eval_samples_per_second": 183.479,
        "eval_steps_per_second": 23.072
    }
}
