{
    "reconstructed_featural": {
        "eval_loss": 4.365107536315918,
        "eval_model_preparation_time": 0.0306,
        "eval_precision": 0.4397590361445783,
        "eval_recall": 0.6293103448275862,
        "eval_f1": 0.5177304964539006,
        "eval_accuracy": 0.6614886731391586,
        "eval_runtime": 0.3635,
        "eval_samples_per_second": 275.072,
        "eval_steps_per_second": 35.759
    },
    "reconstructed_syntactic": {
        "eval_loss": 4.365107536315918,
        "eval_model_preparation_time": 0.0316,
        "eval_precision": 0.4397590361445783,
        "eval_recall": 0.6293103448275862,
        "eval_f1": 0.5177304964539006,
        "eval_accuracy": 0.6614886731391586,
        "eval_runtime": 0.3668,
        "eval_samples_per_second": 272.593,
        "eval_steps_per_second": 35.437
    },
    "reconstructed_morphological": {
        "eval_loss": 4.365107536315918,
        "eval_model_preparation_time": 0.0311,
        "eval_precision": 0.4397590361445783,
        "eval_recall": 0.6293103448275862,
        "eval_f1": 0.5177304964539006,
        "eval_accuracy": 0.6614886731391586,
        "eval_runtime": 0.3604,
        "eval_samples_per_second": 277.467,
        "eval_steps_per_second": 36.071
    }
}
