{
    "reconstructed_featural": {
        "eval_loss": 2.8093068599700928,
        "eval_model_preparation_time": 0.0298,
        "eval_precision": 0.40310077519379844,
        "eval_recall": 0.46846846846846846,
        "eval_f1": 0.43333333333333335,
        "eval_accuracy": 0.6914473684210526,
        "eval_runtime": 0.332,
        "eval_samples_per_second": 301.215,
        "eval_steps_per_second": 39.158
    }
}