{
    "reconstructed_featural": {
        "eval_loss": 0.8376274704933167,
        "eval_model_preparation_time": 0.0299,
        "eval_precision": 0.4016393442622951,
        "eval_recall": 0.44144144144144143,
        "eval_f1": 0.4206008583690987,
        "eval_accuracy": 0.7664473684210527,
        "eval_runtime": 0.3714,
        "eval_samples_per_second": 269.239,
        "eval_steps_per_second": 35.001
    },
    "baseline_en": {
        "eval_loss": 1.1199734210968018,
        "eval_model_preparation_time": 0.0279,
        "eval_precision": 0.375,
        "eval_recall": 0.32432432432432434,
        "eval_f1": 0.34782608695652173,
        "eval_accuracy": 0.7848684210526315,
        "eval_runtime": 0.3739,
        "eval_samples_per_second": 267.447,
        "eval_steps_per_second": 34.768
    },
    "baseline_task_adapter": {
        "eval_loss": 0.8553187847137451,
        "eval_model_preparation_time": 0.0288,
        "eval_precision": 0.3387096774193548,
        "eval_recall": 0.3783783783783784,
        "eval_f1": 0.3574468085106383,
        "eval_accuracy": 0.7611842105263158,
        "eval_runtime": 0.3287,
        "eval_samples_per_second": 304.207,
        "eval_steps_per_second": 39.547
    },
    "baseline_avg_adapter": {
        "eval_loss": 1.0697396993637085,
        "eval_model_preparation_time": 0.0302,
        "eval_precision": 0.41333333333333333,
        "eval_recall": 0.27927927927927926,
        "eval_f1": 0.3333333333333333,
        "eval_accuracy": 0.7592105263157894,
        "eval_runtime": 0.3774,
        "eval_samples_per_second": 264.949,
        "eval_steps_per_second": 34.443
    },
    "baseline_closest_featural": {
        "eval_loss": 0.4383986294269562,
        "eval_model_preparation_time": 0.0285,
        "eval_precision": 0.41379310344827586,
        "eval_recall": 0.5405405405405406,
        "eval_f1": 0.46875,
        "eval_accuracy": 0.8605263157894737,
        "eval_runtime": 0.3646,
        "eval_samples_per_second": 274.298,
        "eval_steps_per_second": 35.659
    },
    "no_train_gain": {
        "eval_loss": 0.821501612663269,
        "eval_model_preparation_time": 0.0289,
        "eval_precision": 0.39166666666666666,
        "eval_recall": 0.42342342342342343,
        "eval_f1": 0.40692640692640686,
        "eval_accuracy": 0.7677631578947368,
        "eval_runtime": 0.3711,
        "eval_samples_per_second": 269.469,
        "eval_steps_per_second": 35.031
    }
}
