{
    "reconstructed_featural": {
        "eval_loss": 3.2935690879821777,
        "eval_model_preparation_time": 0.0289,
        "eval_precision": 0.20077220077220076,
        "eval_recall": 0.3151515151515151,
        "eval_f1": 0.24528301886792453,
        "eval_accuracy": 0.6103727714748785,
        "eval_runtime": 0.3657,
        "eval_samples_per_second": 273.448,
        "eval_steps_per_second": 35.548
    }
}
