{
    "reconstructed_featural": {
        "eval_loss": 3.3975884914398193,
        "eval_model_preparation_time": 0.0271,
        "eval_precision": 0.20077220077220076,
        "eval_recall": 0.3151515151515151,
        "eval_f1": 0.24528301886792453,
        "eval_accuracy": 0.6045380875202593,
        "eval_runtime": 0.3728,
        "eval_samples_per_second": 268.25,
        "eval_steps_per_second": 34.872
    }
}
