{
    "reconstructed_featural": {
        "eval_loss": 2.7227540016174316,
        "eval_model_preparation_time": 0.031,
        "eval_precision": 0.28717948717948716,
        "eval_recall": 0.5333333333333333,
        "eval_f1": 0.37333333333333335,
        "eval_accuracy": 0.7238709677419355,
        "eval_runtime": 0.3621,
        "eval_samples_per_second": 276.156,
        "eval_steps_per_second": 35.9
    },
    "reconstructed_syntactic": {
        "eval_loss": 2.864032030105591,
        "eval_model_preparation_time": 0.0309,
        "eval_precision": 0.2777777777777778,
        "eval_recall": 0.5238095238095238,
        "eval_f1": 0.36303630363036304,
        "eval_accuracy": 0.7225806451612903,
        "eval_runtime": 0.3606,
        "eval_samples_per_second": 277.33,
        "eval_steps_per_second": 36.053
    },
    "reconstructed_morphological": {
        "eval_loss": 2.7351577281951904,
        "eval_model_preparation_time": 0.0303,
        "eval_precision": 0.29292929292929293,
        "eval_recall": 0.5523809523809524,
        "eval_f1": 0.38283828382838286,
        "eval_accuracy": 0.7258064516129032,
        "eval_runtime": 0.3672,
        "eval_samples_per_second": 272.359,
        "eval_steps_per_second": 35.407
    }
}
