{
    "reconstructed_syntactic": {
        "eval_loss": 0.8378193378448486,
        "eval_model_preparation_time": 0.0278,
        "eval_precision": 0.6504178272980501,
        "eval_recall": 0.7757475083056479,
        "eval_f1": 0.7075757575757575,
        "eval_accuracy": 0.9066357577513764,
        "eval_runtime": 2.9237,
        "eval_samples_per_second": 342.033,
        "eval_steps_per_second": 42.754
    },
    "reconstructed_morphological": {
        "eval_loss": 0.8440476655960083,
        "eval_model_preparation_time": 0.0276,
        "eval_precision": 0.6502086230876217,
        "eval_recall": 0.776578073089701,
        "eval_f1": 0.7077971233913701,
        "eval_accuracy": 0.9062880324543611,
        "eval_runtime": 2.9521,
        "eval_samples_per_second": 338.739,
        "eval_steps_per_second": 42.342
    }
}