{
    "reconstructed_featural": {
        "eval_loss": 0.8530659079551697,
        "eval_model_preparation_time": 0.029,
        "eval_precision": 0.6584680252986648,
        "eval_recall": 0.7782392026578073,
        "eval_f1": 0.7133612485725161,
        "eval_accuracy": 0.899101709649377,
        "eval_runtime": 2.9544,
        "eval_samples_per_second": 338.475,
        "eval_steps_per_second": 42.309
    }
}
