{
    "reconstructed_featural": {
        "eval_loss": 0.8597192764282227,
        "eval_model_preparation_time": 0.0287,
        "eval_precision": 0.657563025210084,
        "eval_recall": 0.7799003322259136,
        "eval_f1": 0.7135258358662614,
        "eval_accuracy": 0.8993914807302231,
        "eval_runtime": 2.9288,
        "eval_samples_per_second": 341.439,
        "eval_steps_per_second": 42.68
    }
}