{
    "reconstructed_featural": {
        "eval_loss": 0.8996973037719727,
        "eval_model_preparation_time": 0.0273,
        "eval_precision": 0.6566433566433566,
        "eval_recall": 0.7799003322259136,
        "eval_f1": 0.7129840546697038,
        "eval_accuracy": 0.8915676615473775,
        "eval_runtime": 2.961,
        "eval_samples_per_second": 337.726,
        "eval_steps_per_second": 42.216
    }
}