{
    "reconstructed_featural": {
        "eval_loss": 2.082763433456421,
        "eval_model_preparation_time": 0.0288,
        "eval_precision": 0.3865168539325843,
        "eval_recall": 0.42857142857142855,
        "eval_f1": 0.4064592359196534,
        "eval_accuracy": 0.7826111455457261,
        "eval_runtime": 2.9288,
        "eval_samples_per_second": 341.442,
        "eval_steps_per_second": 42.68
    }
}
