{
    "reconstructed_featural": {
        "eval_loss": 2.0887768268585205,
        "eval_model_preparation_time": 0.0275,
        "eval_precision": 0.38398203592814373,
        "eval_recall": 0.4260797342192691,
        "eval_f1": 0.4039370078740157,
        "eval_accuracy": 0.7836254014763059,
        "eval_runtime": 2.9858,
        "eval_samples_per_second": 334.923,
        "eval_steps_per_second": 41.865
    }
}
