{
    "reconstructed_featural": {
        "eval_loss": 1.3691401481628418,
        "eval_model_preparation_time": 0.0294,
        "eval_precision": 0.6,
        "eval_recall": 0.6902654867256637,
        "eval_f1": 0.6419753086419754,
        "eval_accuracy": 0.8284072249589491,
        "eval_runtime": 0.3202,
        "eval_samples_per_second": 312.305,
        "eval_steps_per_second": 40.6
    }
}