{
    "reconstructed_featural": {
        "eval_loss": 1.3549095392227173,
        "eval_model_preparation_time": 0.0307,
        "eval_precision": 0.5954198473282443,
        "eval_recall": 0.6902654867256637,
        "eval_f1": 0.6393442622950819,
        "eval_accuracy": 0.8284072249589491,
        "eval_runtime": 0.3636,
        "eval_samples_per_second": 275.0,
        "eval_steps_per_second": 35.75
    },
    "baseline_en": {
        "eval_loss": 2.624891996383667,
        "eval_model_preparation_time": 0.0281,
        "eval_precision": 0.5643564356435643,
        "eval_recall": 0.504424778761062,
        "eval_f1": 0.5327102803738317,
        "eval_accuracy": 0.7536945812807881,
        "eval_runtime": 0.3488,
        "eval_samples_per_second": 286.666,
        "eval_steps_per_second": 37.267
    },
    "baseline_task_adapter": {
        "eval_loss": 1.43755304813385,
        "eval_model_preparation_time": 0.0286,
        "eval_precision": 0.5658914728682171,
        "eval_recall": 0.6460176991150443,
        "eval_f1": 0.6033057851239669,
        "eval_accuracy": 0.8103448275862069,
        "eval_runtime": 0.3042,
        "eval_samples_per_second": 328.774,
        "eval_steps_per_second": 42.741
    },
    "baseline_avg_adapter": {
        "eval_loss": 2.7352895736694336,
        "eval_model_preparation_time": 0.0307,
        "eval_precision": 0.3333333333333333,
        "eval_recall": 0.3274336283185841,
        "eval_f1": 0.33035714285714285,
        "eval_accuracy": 0.6732348111658456,
        "eval_runtime": 0.3345,
        "eval_samples_per_second": 298.921,
        "eval_steps_per_second": 38.86
    },
    "baseline_closest_featural": {
        "eval_loss": 2.5957016944885254,
        "eval_model_preparation_time": 0.0277,
        "eval_precision": 0.46218487394957986,
        "eval_recall": 0.48672566371681414,
        "eval_f1": 0.47413793103448276,
        "eval_accuracy": 0.7307060755336617,
        "eval_runtime": 0.3396,
        "eval_samples_per_second": 294.444,
        "eval_steps_per_second": 38.278
    },
    "no_train_gain": {
        "eval_loss": 1.6795587539672852,
        "eval_model_preparation_time": 0.0286,
        "eval_precision": 0.5343511450381679,
        "eval_recall": 0.6194690265486725,
        "eval_f1": 0.5737704918032788,
        "eval_accuracy": 0.8111658456486043,
        "eval_runtime": 0.3217,
        "eval_samples_per_second": 310.873,
        "eval_steps_per_second": 40.413
    }
}
