{
    "reconstructed_featural": {
        "eval_loss": 1.7274067401885986,
        "eval_model_preparation_time": 0.0289,
        "eval_precision": 0.4445196211096076,
        "eval_recall": 0.5197784810126582,
        "eval_f1": 0.47921225382932164,
        "eval_accuracy": 0.8066565391520508,
        "eval_runtime": 2.9127,
        "eval_samples_per_second": 343.329,
        "eval_steps_per_second": 42.916
    },
    "baseline_en": {
        "eval_loss": 3.477785587310791,
        "eval_model_preparation_time": 0.0279,
        "eval_precision": 0.4633867276887872,
        "eval_recall": 0.3204113924050633,
        "eval_f1": 0.37885874649204865,
        "eval_accuracy": 0.7053583759149289,
        "eval_runtime": 2.8712,
        "eval_samples_per_second": 348.282,
        "eval_steps_per_second": 43.535
    },
    "baseline_task_adapter": {
        "eval_loss": 1.9908640384674072,
        "eval_model_preparation_time": 0.0284,
        "eval_precision": 0.3427835051546392,
        "eval_recall": 0.4208860759493671,
        "eval_f1": 0.3778409090909091,
        "eval_accuracy": 0.7588040325921834,
        "eval_runtime": 2.4949,
        "eval_samples_per_second": 400.818,
        "eval_steps_per_second": 50.102
    },
    "baseline_avg_adapter": {
        "eval_loss": 3.9008405208587646,
        "eval_model_preparation_time": 0.0299,
        "eval_precision": 0.322180916976456,
        "eval_recall": 0.20569620253164558,
        "eval_f1": 0.25108643167551914,
        "eval_accuracy": 0.6305758873083828,
        "eval_runtime": 2.9152,
        "eval_samples_per_second": 343.029,
        "eval_steps_per_second": 42.879
    },
    "baseline_closest_featural": {
        "eval_loss": 3.2860164642333984,
        "eval_model_preparation_time": 0.0277,
        "eval_precision": 0.3913978494623656,
        "eval_recall": 0.2879746835443038,
        "eval_f1": 0.3318140382862352,
        "eval_accuracy": 0.6874741057864936,
        "eval_runtime": 3.0237,
        "eval_samples_per_second": 330.725,
        "eval_steps_per_second": 41.341
    },
    "no_train_gain": {
        "eval_loss": 1.9118365049362183,
        "eval_model_preparation_time": 0.0295,
        "eval_precision": 0.414021164021164,
        "eval_recall": 0.495253164556962,
        "eval_f1": 0.4510086455331412,
        "eval_accuracy": 0.7972655710537219,
        "eval_runtime": 3.088,
        "eval_samples_per_second": 323.837,
        "eval_steps_per_second": 40.48
    }
}