{
    "reconstructed_featural": {
        "eval_loss": 0.6207247376441956,
        "eval_model_preparation_time": 0.0278,
        "eval_precision": 0.44972067039106145,
        "eval_recall": 0.509493670886076,
        "eval_f1": 0.47774480712166173,
        "eval_accuracy": 0.8371081342356028,
        "eval_runtime": 2.5471,
        "eval_samples_per_second": 392.601,
        "eval_steps_per_second": 49.075
    },
    "baseline_en": {
        "eval_loss": 1.4328070878982544,
        "eval_model_preparation_time": 0.028,
        "eval_precision": 0.44359255202628695,
        "eval_recall": 0.3204113924050633,
        "eval_f1": 0.37207165824529165,
        "eval_accuracy": 0.7158541637895318,
        "eval_runtime": 2.5309,
        "eval_samples_per_second": 395.118,
        "eval_steps_per_second": 49.39
    },
    "baseline_task_adapter": {
        "eval_loss": 0.8045991063117981,
        "eval_model_preparation_time": 0.0273,
        "eval_precision": 0.3411420204978038,
        "eval_recall": 0.3686708860759494,
        "eval_f1": 0.3543726235741445,
        "eval_accuracy": 0.779105095981218,
        "eval_runtime": 2.1819,
        "eval_samples_per_second": 458.312,
        "eval_steps_per_second": 57.289
    },
    "baseline_avg_adapter": {
        "eval_loss": 1.385601282119751,
        "eval_model_preparation_time": 0.0289,
        "eval_precision": 0.359375,
        "eval_recall": 0.27294303797468356,
        "eval_f1": 0.3102517985611511,
        "eval_accuracy": 0.6959674078165999,
        "eval_runtime": 2.5547,
        "eval_samples_per_second": 391.429,
        "eval_steps_per_second": 48.929
    },
    "baseline_closest_featural": {
        "eval_loss": 1.3772084712982178,
        "eval_model_preparation_time": 0.0271,
        "eval_precision": 0.41043083900226757,
        "eval_recall": 0.28639240506329117,
        "eval_f1": 0.33737185461323393,
        "eval_accuracy": 0.6849192100538599,
        "eval_runtime": 2.5473,
        "eval_samples_per_second": 392.577,
        "eval_steps_per_second": 49.072
    },
    "no_train_gain": {
        "eval_loss": 0.666236937046051,
        "eval_model_preparation_time": 0.0282,
        "eval_precision": 0.4470918009810792,
        "eval_recall": 0.504746835443038,
        "eval_f1": 0.4741731698253438,
        "eval_accuracy": 0.8237812456842978,
        "eval_runtime": 2.5633,
        "eval_samples_per_second": 390.127,
        "eval_steps_per_second": 48.766
    }
}