{
    "reconstructed_featural": {
        "eval_loss": 1.7493271827697754,
        "eval_model_preparation_time": 0.0281,
        "eval_precision": 0.44093959731543625,
        "eval_recall": 0.5197784810126582,
        "eval_f1": 0.477124183006536,
        "eval_accuracy": 0.8056207706117939,
        "eval_runtime": 2.8645,
        "eval_samples_per_second": 349.099,
        "eval_steps_per_second": 43.637
    }
}