{
    "reconstructed_featural": {
        "eval_loss": 5.027360439300537,
        "eval_model_preparation_time": 0.0275,
        "eval_accuracy": 0.6272321428571429,
        "eval_precision_macro": 0.5043660031672128,
        "eval_recall_macro": 0.4311431130570727,
        "eval_f1_macro": 0.44315185540675733,
        "eval_precision_micro": 0.6272321428571429,
        "eval_recall_micro": 0.6272321428571429,
        "eval_f1_micro": 0.6272321428571429,
        "eval_runtime": 0.2765,
        "eval_samples_per_second": 169.981,
        "eval_steps_per_second": 21.7
    },
    "reconstructed_syntactic": {
        "eval_loss": 5.043033123016357,
        "eval_model_preparation_time": 0.0276,
        "eval_accuracy": 0.625,
        "eval_precision_macro": 0.5094868012676563,
        "eval_recall_macro": 0.42949627348453656,
        "eval_f1_macro": 0.4453501520963219,
        "eval_precision_micro": 0.625,
        "eval_recall_micro": 0.625,
        "eval_f1_micro": 0.625,
        "eval_runtime": 0.2766,
        "eval_samples_per_second": 169.93,
        "eval_steps_per_second": 21.693
    },
    "reconstructed_morphological": {
        "eval_loss": 5.269786357879639,
        "eval_model_preparation_time": 0.0276,
        "eval_accuracy": 0.6183035714285714,
        "eval_precision_macro": 0.5498798852285494,
        "eval_recall_macro": 0.46884534890172336,
        "eval_f1_macro": 0.48157947612375696,
        "eval_precision_micro": 0.6183035714285714,
        "eval_recall_micro": 0.6183035714285714,
        "eval_f1_micro": 0.6183035714285714,
        "eval_runtime": 0.2764,
        "eval_samples_per_second": 170.055,
        "eval_steps_per_second": 21.709
    }
}