{
    "reconstructed_featural": {
        "eval_loss": 5.12399959564209,
        "eval_model_preparation_time": 0.0271,
        "eval_accuracy": 0.6227678571428571,
        "eval_precision_macro": 0.5455068558929378,
        "eval_recall_macro": 0.47485868541041587,
        "eval_f1_macro": 0.4867660669397902,
        "eval_precision_micro": 0.6227678571428571,
        "eval_recall_micro": 0.6227678571428571,
        "eval_f1_micro": 0.6227678571428571,
        "eval_runtime": 0.2639,
        "eval_samples_per_second": 178.083,
        "eval_steps_per_second": 22.734
    }
}