{
    "reconstructed_syntactic": {
        "eval_loss": 5.073909282684326,
        "eval_model_preparation_time": 0.0282,
        "eval_accuracy": 0.625,
        "eval_precision_macro": 0.507819924122072,
        "eval_recall_macro": 0.4315150321596419,
        "eval_f1_macro": 0.44516459688928117,
        "eval_precision_micro": 0.625,
        "eval_recall_micro": 0.625,
        "eval_f1_micro": 0.625,
        "eval_runtime": 0.2626,
        "eval_samples_per_second": 178.981,
        "eval_steps_per_second": 22.849
    },
    "reconstructed_morphological": {
        "eval_loss": 5.084664344787598,
        "eval_model_preparation_time": 0.0283,
        "eval_accuracy": 0.625,
        "eval_precision_macro": 0.507819924122072,
        "eval_recall_macro": 0.4315150321596419,
        "eval_f1_macro": 0.44516459688928117,
        "eval_precision_micro": 0.625,
        "eval_recall_micro": 0.625,
        "eval_f1_micro": 0.625,
        "eval_runtime": 0.2631,
        "eval_samples_per_second": 178.607,
        "eval_steps_per_second": 22.801
    }
}
