{
    "reconstructed_featural": {
        "eval_loss": 2.5560498237609863,
        "eval_model_preparation_time": 0.031,
        "eval_precision": 0.5065597667638484,
        "eval_recall": 0.6233183856502242,
        "eval_f1": 0.5589063128266988,
        "eval_accuracy": 0.7260111876075731,
        "eval_runtime": 3.1776,
        "eval_samples_per_second": 314.707,
        "eval_steps_per_second": 39.338
    },
    "reconstructed_syntactic": {
        "eval_loss": 2.5560498237609863,
        "eval_model_preparation_time": 0.031,
        "eval_precision": 0.5065597667638484,
        "eval_recall": 0.6233183856502242,
        "eval_f1": 0.5589063128266988,
        "eval_accuracy": 0.7260111876075731,
        "eval_runtime": 3.2021,
        "eval_samples_per_second": 312.299,
        "eval_steps_per_second": 39.037
    },
    "reconstructed_morphological": {
        "eval_loss": 2.5560498237609863,
        "eval_model_preparation_time": 0.0307,
        "eval_precision": 0.5065597667638484,
        "eval_recall": 0.6233183856502242,
        "eval_f1": 0.5589063128266988,
        "eval_accuracy": 0.7260111876075731,
        "eval_runtime": 3.1746,
        "eval_samples_per_second": 314.999,
        "eval_steps_per_second": 39.375
    }
}
