{
    "reconstructed_featural": {
        "eval_loss": 2.701899766921997,
        "eval_model_preparation_time": 0.0284,
        "eval_precision": 0.2978723404255319,
        "eval_recall": 0.45528455284552843,
        "eval_f1": 0.36012861736334406,
        "eval_accuracy": 0.7082318558207501,
        "eval_runtime": 0.3837,
        "eval_samples_per_second": 260.607,
        "eval_steps_per_second": 33.879
    },
    "reconstructed_syntactic": {
        "eval_loss": 2.7039308547973633,
        "eval_model_preparation_time": 0.0287,
        "eval_precision": 0.3179190751445087,
        "eval_recall": 0.44715447154471544,
        "eval_f1": 0.3716216216216216,
        "eval_accuracy": 0.7048222113979542,
        "eval_runtime": 0.4031,
        "eval_samples_per_second": 248.067,
        "eval_steps_per_second": 32.249
    },
    "reconstructed_morphological": {
        "eval_loss": 3.2283213138580322,
        "eval_model_preparation_time": 0.028,
        "eval_precision": 0.30994152046783624,
        "eval_recall": 0.43089430894308944,
        "eval_f1": 0.36054421768707484,
        "eval_accuracy": 0.6634193862640039,
        "eval_runtime": 0.3794,
        "eval_samples_per_second": 263.571,
        "eval_steps_per_second": 34.264
    }
}
