{
    "reconstructed_featural": {
        "eval_loss": 2.822262763977051,
        "eval_model_preparation_time": 0.0289,
        "eval_precision": 0.27979274611398963,
        "eval_recall": 0.43902439024390244,
        "eval_f1": 0.34177215189873417,
        "eval_accuracy": 0.6921578178275695,
        "eval_runtime": 0.355,
        "eval_samples_per_second": 281.7,
        "eval_steps_per_second": 36.621
    }
}
