{
    "reconstructed_featural": {
        "eval_loss": 8.641214370727539,
        "eval_model_preparation_time": 0.0286,
        "eval_accuracy": 0.29091734786557677,
        "eval_precision_macro": 0.24151005248358304,
        "eval_recall_macro": 0.20449959039962043,
        "eval_f1_macro": 0.15656238369777484,
        "eval_precision_micro": 0.29091734786557677,
        "eval_recall_micro": 0.29091734786557677,
        "eval_f1_micro": 0.29091734786557677,
        "eval_runtime": 2.7419,
        "eval_samples_per_second": 188.917,
        "eval_steps_per_second": 23.706
    },
    "baseline_en": {
        "eval_loss": 9.408012390136719,
        "eval_model_preparation_time": 0.028,
        "eval_accuracy": 0.31525885558583105,
        "eval_precision_macro": 0.25930809799072646,
        "eval_recall_macro": 0.21139696629483085,
        "eval_f1_macro": 0.17048053987883763,
        "eval_precision_micro": 0.31525885558583105,
        "eval_recall_micro": 0.31525885558583105,
        "eval_f1_micro": 0.31525885558583105,
        "eval_runtime": 2.7557,
        "eval_samples_per_second": 187.977,
        "eval_steps_per_second": 23.588
    },
    "baseline_task_adapter": {
        "eval_loss": 8.091025352478027,
        "eval_model_preparation_time": 0.0283,
        "eval_accuracy": 0.2930063578564941,
        "eval_precision_macro": 0.28645345975894976,
        "eval_recall_macro": 0.2091617876845636,
        "eval_f1_macro": 0.1673402053460297,
        "eval_precision_micro": 0.2930063578564941,
        "eval_recall_micro": 0.2930063578564941,
        "eval_f1_micro": 0.2930063578564941,
        "eval_runtime": 2.5105,
        "eval_samples_per_second": 206.332,
        "eval_steps_per_second": 25.891
    },
    "baseline_avg_adapter": {
        "eval_loss": 8.77660846710205,
        "eval_model_preparation_time": 0.0301,
        "eval_accuracy": 0.3111716621253406,
        "eval_precision_macro": 0.21405894211430906,
        "eval_recall_macro": 0.22505309522020223,
        "eval_f1_macro": 0.17568059110980533,
        "eval_precision_micro": 0.3111716621253406,
        "eval_recall_micro": 0.3111716621253406,
        "eval_f1_micro": 0.3111716621253406,
        "eval_runtime": 2.7752,
        "eval_samples_per_second": 186.656,
        "eval_steps_per_second": 23.422
    },
    "baseline_closest_featural": {
        "eval_loss": 8.34481143951416,
        "eval_model_preparation_time": 0.0299,
        "eval_accuracy": 0.30962761126248867,
        "eval_precision_macro": 0.2523282095554176,
        "eval_recall_macro": 0.2217927040194383,
        "eval_f1_macro": 0.16116617659367927,
        "eval_precision_micro": 0.30962761126248867,
        "eval_recall_micro": 0.30962761126248867,
        "eval_f1_micro": 0.30962761126248867,
        "eval_runtime": 2.7863,
        "eval_samples_per_second": 185.911,
        "eval_steps_per_second": 23.329
    },
    "no_train_gain": {
        "eval_loss": 8.327810287475586,
        "eval_model_preparation_time": 0.0338,
        "eval_accuracy": 0.2990009082652134,
        "eval_precision_macro": 0.2938878372495283,
        "eval_recall_macro": 0.21099492965537972,
        "eval_f1_macro": 0.1707163697593416,
        "eval_precision_micro": 0.2990009082652134,
        "eval_recall_micro": 0.2990009082652134,
        "eval_f1_micro": 0.2990009082652134,
        "eval_runtime": 2.7853,
        "eval_samples_per_second": 185.978,
        "eval_steps_per_second": 23.337
    }
}