{
    "reconstructed_featural": {
        "eval_loss": 8.30164623260498,
        "eval_model_preparation_time": 0.0275,
        "eval_accuracy": 0.2927338782924614,
        "eval_precision_macro": 0.2743941314553944,
        "eval_recall_macro": 0.21170551147088584,
        "eval_f1_macro": 0.16862093947428416,
        "eval_precision_micro": 0.2927338782924614,
        "eval_recall_micro": 0.2927338782924614,
        "eval_f1_micro": 0.2927338782924614,
        "eval_runtime": 2.8767,
        "eval_samples_per_second": 180.069,
        "eval_steps_per_second": 22.595
    },
    "reconstructed_syntactic": {
        "eval_loss": 8.257364273071289,
        "eval_model_preparation_time": 0.0278,
        "eval_accuracy": 0.29682107175295186,
        "eval_precision_macro": 0.27152515817467887,
        "eval_recall_macro": 0.21664780149568263,
        "eval_f1_macro": 0.16979232786472445,
        "eval_precision_micro": 0.29682107175295186,
        "eval_recall_micro": 0.29682107175295186,
        "eval_f1_micro": 0.29682107175295186,
        "eval_runtime": 2.8819,
        "eval_samples_per_second": 179.744,
        "eval_steps_per_second": 22.555
    },
    "reconstructed_morphological": {
        "eval_loss": 8.951448440551758,
        "eval_model_preparation_time": 0.0275,
        "eval_accuracy": 0.2932788374205268,
        "eval_precision_macro": 0.2637865540763688,
        "eval_recall_macro": 0.20463899834663468,
        "eval_f1_macro": 0.1586927805212498,
        "eval_precision_micro": 0.2932788374205268,
        "eval_recall_micro": 0.2932788374205268,
        "eval_f1_micro": 0.2932788374205268,
        "eval_runtime": 2.8787,
        "eval_samples_per_second": 179.94,
        "eval_steps_per_second": 22.579
    }
}
