{
    "reconstructed_featural": {
        "eval_loss": 8.780115127563477,
        "eval_model_preparation_time": 0.0273,
        "eval_accuracy": 0.2904632152588556,
        "eval_precision_macro": 0.25232221505811836,
        "eval_recall_macro": 0.20415800037887422,
        "eval_f1_macro": 0.15735213038035545,
        "eval_precision_micro": 0.2904632152588556,
        "eval_recall_micro": 0.2904632152588556,
        "eval_f1_micro": 0.2904632152588556,
        "eval_runtime": 2.7656,
        "eval_samples_per_second": 187.3,
        "eval_steps_per_second": 23.503
    }
}
