{
    "reconstructed_featural": {
        "eval_loss": 8.612760543823242,
        "eval_model_preparation_time": 0.0286,
        "eval_accuracy": 0.2917347865576748,
        "eval_precision_macro": 0.23916026757238087,
        "eval_recall_macro": 0.20880540768465639,
        "eval_f1_macro": 0.1580168584390644,
        "eval_precision_micro": 0.2917347865576748,
        "eval_recall_micro": 0.2917347865576748,
        "eval_f1_micro": 0.2917347865576748,
        "eval_runtime": 2.8705,
        "eval_samples_per_second": 180.455,
        "eval_steps_per_second": 22.644
    },
    "reconstructed_syntactic": {
        "eval_loss": 8.543341636657715,
        "eval_model_preparation_time": 0.0285,
        "eval_accuracy": 0.2946412352406903,
        "eval_precision_macro": 0.2513704535617461,
        "eval_recall_macro": 0.2103731867363531,
        "eval_f1_macro": 0.16210668370898096,
        "eval_precision_micro": 0.2946412352406903,
        "eval_recall_micro": 0.2946412352406903,
        "eval_f1_micro": 0.2946412352406903,
        "eval_runtime": 2.8584,
        "eval_samples_per_second": 181.222,
        "eval_steps_per_second": 22.74
    },
    "reconstructed_morphological": {
        "eval_loss": 8.657833099365234,
        "eval_model_preparation_time": 0.0288,
        "eval_accuracy": 0.2916439600363306,
        "eval_precision_macro": 0.23633947282837464,
        "eval_recall_macro": 0.20488058380404,
        "eval_f1_macro": 0.15666121130389532,
        "eval_precision_micro": 0.2916439600363306,
        "eval_recall_micro": 0.2916439600363306,
        "eval_f1_micro": 0.2916439600363306,
        "eval_runtime": 2.8668,
        "eval_samples_per_second": 180.686,
        "eval_steps_per_second": 22.673
    }
}