{
    "reconstructed_featural": {
        "eval_loss": 8.711234092712402,
        "eval_model_preparation_time": 0.0276,
        "eval_accuracy": 0.291008174386921,
        "eval_precision_macro": 0.24427791595190854,
        "eval_recall_macro": 0.20439951364061543,
        "eval_f1_macro": 0.15496002165147718,
        "eval_precision_micro": 0.291008174386921,
        "eval_recall_micro": 0.291008174386921,
        "eval_f1_micro": 0.291008174386921,
        "eval_runtime": 2.7416,
        "eval_samples_per_second": 188.938,
        "eval_steps_per_second": 23.708
    }
}