{
    "reconstructed_featural": {
        "eval_loss": 2.0869131088256836,
        "eval_model_preparation_time": 0.0288,
        "eval_precision": 0.2857142857142857,
        "eval_recall": 0.3025210084033613,
        "eval_f1": 0.2938775510204082,
        "eval_accuracy": 0.8073896681491618,
        "eval_runtime": 0.4987,
        "eval_samples_per_second": 200.517,
        "eval_steps_per_second": 26.067
    },
    "baseline_en": {
        "eval_loss": 4.753347396850586,
        "eval_model_preparation_time": 0.0278,
        "eval_precision": 0.13333333333333333,
        "eval_recall": 0.05042016806722689,
        "eval_f1": 0.07317073170731707,
        "eval_accuracy": 0.711939787889155,
        "eval_runtime": 0.5106,
        "eval_samples_per_second": 195.84,
        "eval_steps_per_second": 25.459
    },
    "baseline_task_adapter": {
        "eval_loss": 2.2442269325256348,
        "eval_model_preparation_time": 0.0292,
        "eval_precision": 0.17557251908396945,
        "eval_recall": 0.19327731092436976,
        "eval_f1": 0.184,
        "eval_accuracy": 0.7854943551146083,
        "eval_runtime": 0.4465,
        "eval_samples_per_second": 223.943,
        "eval_steps_per_second": 29.113
    },
    "baseline_avg_adapter": {
        "eval_loss": 3.5838866233825684,
        "eval_model_preparation_time": 0.0303,
        "eval_precision": 0.11363636363636363,
        "eval_recall": 0.04201680672268908,
        "eval_f1": 0.06134969325153375,
        "eval_accuracy": 0.7157030448169689,
        "eval_runtime": 0.5134,
        "eval_samples_per_second": 194.792,
        "eval_steps_per_second": 25.323
    },
    "baseline_closest_featural": {
        "eval_loss": 1.59223210811615,
        "eval_model_preparation_time": 0.0285,
        "eval_precision": 0.235,
        "eval_recall": 0.3949579831932773,
        "eval_f1": 0.2946708463949843,
        "eval_accuracy": 0.8063633253506671,
        "eval_runtime": 0.4942,
        "eval_samples_per_second": 202.367,
        "eval_steps_per_second": 26.308
    },
    "no_train_gain": {
        "eval_loss": 2.7693984508514404,
        "eval_model_preparation_time": 0.0289,
        "eval_precision": 0.2549019607843137,
        "eval_recall": 0.2184873949579832,
        "eval_f1": 0.23529411764705882,
        "eval_accuracy": 0.7824153267191242,
        "eval_runtime": 0.4834,
        "eval_samples_per_second": 206.87,
        "eval_steps_per_second": 26.893
    }
}
