{
    "reconstructed_featural": {
        "eval_loss": 1.889894723892212,
        "eval_model_preparation_time": 0.0285,
        "eval_precision": 0.272108843537415,
        "eval_recall": 0.33613445378151263,
        "eval_f1": 0.30075187969924816,
        "eval_accuracy": 0.8118371536093055,
        "eval_runtime": 0.5092,
        "eval_samples_per_second": 196.386,
        "eval_steps_per_second": 25.53
    },
    "reconstructed_syntactic": {
        "eval_loss": 1.8795639276504517,
        "eval_model_preparation_time": 0.0279,
        "eval_precision": 0.2702702702702703,
        "eval_recall": 0.33613445378151263,
        "eval_f1": 0.299625468164794,
        "eval_accuracy": 0.8135477249401301,
        "eval_runtime": 0.5106,
        "eval_samples_per_second": 195.865,
        "eval_steps_per_second": 25.462
    },
    "reconstructed_morphological": {
        "eval_loss": 1.8358573913574219,
        "eval_model_preparation_time": 0.0281,
        "eval_precision": 0.26174496644295303,
        "eval_recall": 0.3277310924369748,
        "eval_f1": 0.291044776119403,
        "eval_accuracy": 0.8114950393431406,
        "eval_runtime": 0.508,
        "eval_samples_per_second": 196.838,
        "eval_steps_per_second": 25.589
    }
}
