{
    "reconstructed_featural": {
        "eval_loss": 2.097796678543091,
        "eval_model_preparation_time": 0.0291,
        "eval_precision": 0.27906976744186046,
        "eval_recall": 0.3025210084033613,
        "eval_f1": 0.29032258064516125,
        "eval_accuracy": 0.8080738966814917,
        "eval_runtime": 0.4795,
        "eval_samples_per_second": 208.544,
        "eval_steps_per_second": 27.111
    }
}
