{
    "reconstructed_featural": {
        "eval_loss": 5.16717004776001,
        "eval_model_preparation_time": 0.0283,
        "eval_accuracy": 0.5162549522255885,
        "eval_precision_macro": 0.2786000895151441,
        "eval_recall_macro": 0.2625503710265009,
        "eval_f1_macro": 0.22945986490242934,
        "eval_precision_micro": 0.5162549522255885,
        "eval_recall_micro": 0.5162549522255885,
        "eval_f1_micro": 0.5162549522255885,
        "eval_runtime": 8.9112,
        "eval_samples_per_second": 189.65,
        "eval_steps_per_second": 23.79
    },
    "reconstructed_syntactic": {
        "eval_loss": 5.204891681671143,
        "eval_model_preparation_time": 0.0289,
        "eval_accuracy": 0.5180610580284316,
        "eval_precision_macro": 0.28407097756218963,
        "eval_recall_macro": 0.2620468739867618,
        "eval_f1_macro": 0.23005910943776836,
        "eval_precision_micro": 0.5180610580284316,
        "eval_recall_micro": 0.5180610580284316,
        "eval_f1_micro": 0.5180610580284316,
        "eval_runtime": 8.8946,
        "eval_samples_per_second": 190.003,
        "eval_steps_per_second": 23.835
    },
    "reconstructed_morphological": {
        "eval_loss": 5.264454364776611,
        "eval_model_preparation_time": 0.0286,
        "eval_accuracy": 0.5197506408762527,
        "eval_precision_macro": 0.2822806928408117,
        "eval_recall_macro": 0.2616199027991461,
        "eval_f1_macro": 0.23001603580722743,
        "eval_precision_micro": 0.5197506408762527,
        "eval_recall_micro": 0.5197506408762527,
        "eval_f1_micro": 0.5197506408762527,
        "eval_runtime": 8.9069,
        "eval_samples_per_second": 189.741,
        "eval_steps_per_second": 23.802
    }
}
