{
    "reconstructed_featural": {
        "eval_loss": 5.24589729309082,
        "eval_model_preparation_time": 0.0282,
        "eval_accuracy": 0.5172453973432767,
        "eval_precision_macro": 0.2767772286838981,
        "eval_recall_macro": 0.25981347334247396,
        "eval_f1_macro": 0.2265892132208846,
        "eval_precision_micro": 0.5172453973432767,
        "eval_recall_micro": 0.5172453973432767,
        "eval_f1_micro": 0.5172453973432767,
        "eval_runtime": 8.7422,
        "eval_samples_per_second": 193.315,
        "eval_steps_per_second": 24.25
    }
}