{
    "reconstructed_featural": {
        "eval_loss": 5.293525218963623,
        "eval_model_preparation_time": 0.0269,
        "eval_accuracy": 0.5188767187135865,
        "eval_precision_macro": 0.280388500062704,
        "eval_recall_macro": 0.2596874611643943,
        "eval_f1_macro": 0.22660797694227158,
        "eval_precision_micro": 0.5188767187135865,
        "eval_recall_micro": 0.5188767187135865,
        "eval_f1_micro": 0.5188767187135865,
        "eval_runtime": 8.7957,
        "eval_samples_per_second": 192.139,
        "eval_steps_per_second": 24.103
    }
}