{
    "reconstructed_featural": {
        "eval_loss": 2.114147901535034,
        "eval_model_preparation_time": 0.0291,
        "eval_precision": 0.2602739726027397,
        "eval_recall": 0.3486238532110092,
        "eval_f1": 0.29803921568627445,
        "eval_accuracy": 0.7721606648199446,
        "eval_runtime": 0.3324,
        "eval_samples_per_second": 300.836,
        "eval_steps_per_second": 39.109
    }
}