{
    "reconstructed_featural": {
        "eval_loss": 1.6290717124938965,
        "eval_model_preparation_time": 0.0284,
        "eval_precision": 0.44148936170212766,
        "eval_recall": 0.6535433070866141,
        "eval_f1": 0.526984126984127,
        "eval_accuracy": 0.8053855569155447,
        "eval_runtime": 0.3297,
        "eval_samples_per_second": 303.325,
        "eval_steps_per_second": 39.432
    }
}
