{
    "reconstructed_featural": {
        "eval_loss": 0.41656219959259033,
        "eval_model_preparation_time": 0.0282,
        "eval_precision": 0.5529411764705883,
        "eval_recall": 0.7401574803149606,
        "eval_f1": 0.632996632996633,
        "eval_accuracy": 0.8751529987760098,
        "eval_runtime": 0.3189,
        "eval_samples_per_second": 313.556,
        "eval_steps_per_second": 40.762
    },
    "baseline_en": {
        "eval_loss": 0.7939508557319641,
        "eval_model_preparation_time": 0.0271,
        "eval_precision": 0.4876543209876543,
        "eval_recall": 0.6220472440944882,
        "eval_f1": 0.546712802768166,
        "eval_accuracy": 0.7900856793145655,
        "eval_runtime": 0.3,
        "eval_samples_per_second": 333.334,
        "eval_steps_per_second": 43.333
    },
    "baseline_task_adapter": {
        "eval_loss": 0.3965936005115509,
        "eval_model_preparation_time": 0.0275,
        "eval_precision": 0.47282608695652173,
        "eval_recall": 0.6850393700787402,
        "eval_f1": 0.5594855305466239,
        "eval_accuracy": 0.8782129742962056,
        "eval_runtime": 0.2687,
        "eval_samples_per_second": 372.191,
        "eval_steps_per_second": 48.385
    },
    "baseline_avg_adapter": {
        "eval_loss": 0.4943327009677887,
        "eval_model_preparation_time": 0.0286,
        "eval_precision": 0.5323741007194245,
        "eval_recall": 0.5826771653543307,
        "eval_f1": 0.556390977443609,
        "eval_accuracy": 0.8537331701346389,
        "eval_runtime": 0.2995,
        "eval_samples_per_second": 333.879,
        "eval_steps_per_second": 43.404
    },
    "baseline_closest_featural": {
        "eval_loss": 1.0193170309066772,
        "eval_model_preparation_time": 0.0275,
        "eval_precision": 0.5128205128205128,
        "eval_recall": 0.6299212598425197,
        "eval_f1": 0.5653710247349824,
        "eval_accuracy": 0.7313341493268054,
        "eval_runtime": 0.3024,
        "eval_samples_per_second": 330.633,
        "eval_steps_per_second": 42.982
    },
    "no_train_gain": {
        "eval_loss": 0.6859909892082214,
        "eval_model_preparation_time": 0.0278,
        "eval_precision": 0.5,
        "eval_recall": 0.7007874015748031,
        "eval_f1": 0.5836065573770491,
        "eval_accuracy": 0.8194614443084456,
        "eval_runtime": 0.3016,
        "eval_samples_per_second": 331.512,
        "eval_steps_per_second": 43.097
    }
}
