{
    "reconstructed_featural": {
        "eval_loss": 1.6088273525238037,
        "eval_model_preparation_time": 0.0295,
        "eval_precision": 0.42487046632124353,
        "eval_recall": 0.6456692913385826,
        "eval_f1": 0.5125000000000001,
        "eval_accuracy": 0.8053855569155447,
        "eval_runtime": 0.3377,
        "eval_samples_per_second": 296.09,
        "eval_steps_per_second": 38.492
    }
}
