{
    "reconstructed_featural": {
        "eval_loss": 1.3326313495635986,
        "eval_model_preparation_time": 0.0286,
        "eval_precision": 0.5177304964539007,
        "eval_recall": 0.6186440677966102,
        "eval_f1": 0.5637065637065638,
        "eval_accuracy": 0.8445440956651719,
        "eval_runtime": 0.3608,
        "eval_samples_per_second": 277.172,
        "eval_steps_per_second": 36.032
    }
}
