{
    "reconstructed_featural": {
        "eval_loss": 1.330756664276123,
        "eval_model_preparation_time": 0.0302,
        "eval_precision": 0.5106382978723404,
        "eval_recall": 0.6101694915254238,
        "eval_f1": 0.555984555984556,
        "eval_accuracy": 0.8452914798206278,
        "eval_runtime": 0.388,
        "eval_samples_per_second": 257.73,
        "eval_steps_per_second": 33.505
    },
    "baseline_en": {
        "eval_loss": 3.2514286041259766,
        "eval_model_preparation_time": 0.0284,
        "eval_precision": 0.5416666666666666,
        "eval_recall": 0.3305084745762712,
        "eval_f1": 0.4105263157894737,
        "eval_accuracy": 0.7227204783258595,
        "eval_runtime": 0.36,
        "eval_samples_per_second": 277.761,
        "eval_steps_per_second": 36.109
    },
    "baseline_task_adapter": {
        "eval_loss": 1.3271980285644531,
        "eval_model_preparation_time": 0.0289,
        "eval_precision": 0.4714285714285714,
        "eval_recall": 0.559322033898305,
        "eval_f1": 0.5116279069767442,
        "eval_accuracy": 0.8340807174887892,
        "eval_runtime": 0.3355,
        "eval_samples_per_second": 298.05,
        "eval_steps_per_second": 38.746
    },
    "baseline_avg_adapter": {
        "eval_loss": 2.7323198318481445,
        "eval_model_preparation_time": 0.0296,
        "eval_precision": 0.45054945054945056,
        "eval_recall": 0.3474576271186441,
        "eval_f1": 0.39234449760765555,
        "eval_accuracy": 0.7197309417040358,
        "eval_runtime": 0.3822,
        "eval_samples_per_second": 261.611,
        "eval_steps_per_second": 34.009
    },
    "baseline_closest_featural": {
        "eval_loss": 4.761587142944336,
        "eval_model_preparation_time": 0.0287,
        "eval_precision": 0.3333333333333333,
        "eval_recall": 0.15254237288135594,
        "eval_f1": 0.2093023255813954,
        "eval_accuracy": 0.6195814648729447,
        "eval_runtime": 0.363,
        "eval_samples_per_second": 275.478,
        "eval_steps_per_second": 35.812
    },
    "no_train_gain": {
        "eval_loss": 1.5802290439605713,
        "eval_model_preparation_time": 0.0289,
        "eval_precision": 0.544,
        "eval_recall": 0.576271186440678,
        "eval_f1": 0.5596707818930041,
        "eval_accuracy": 0.843796711509716,
        "eval_runtime": 0.4128,
        "eval_samples_per_second": 242.247,
        "eval_steps_per_second": 31.492
    }
}