{
    "reconstructed_featural": {
        "eval_loss": 1.3399943113327026,
        "eval_model_preparation_time": 0.0298,
        "eval_precision": 0.5140845070422535,
        "eval_recall": 0.6186440677966102,
        "eval_f1": 0.5615384615384614,
        "eval_accuracy": 0.8430493273542601,
        "eval_runtime": 0.365,
        "eval_samples_per_second": 273.968,
        "eval_steps_per_second": 35.616
    },
    "reconstructed_syntactic": {
        "eval_loss": 1.3723852634429932,
        "eval_model_preparation_time": 0.0307,
        "eval_precision": 0.5,
        "eval_recall": 0.6101694915254238,
        "eval_f1": 0.5496183206106869,
        "eval_accuracy": 0.8370702541106129,
        "eval_runtime": 0.3646,
        "eval_samples_per_second": 274.295,
        "eval_steps_per_second": 35.658
    },
    "reconstructed_morphological": {
        "eval_loss": 1.3286612033843994,
        "eval_model_preparation_time": 0.0312,
        "eval_precision": 0.4930555555555556,
        "eval_recall": 0.6016949152542372,
        "eval_f1": 0.5419847328244275,
        "eval_accuracy": 0.843796711509716,
        "eval_runtime": 0.363,
        "eval_samples_per_second": 275.489,
        "eval_steps_per_second": 35.814
    }
}
