{
    "reconstructed_featural": {
        "eval_loss": 0.9197992086410522,
        "eval_model_preparation_time": 0.0279,
        "eval_precision": 0.7152396694214876,
        "eval_recall": 0.7881967213114754,
        "eval_f1": 0.749948006932409,
        "eval_accuracy": 0.8975383425699188,
        "eval_runtime": 30.268,
        "eval_samples_per_second": 330.382,
        "eval_steps_per_second": 41.298
    }
}