{
    "reconstructed_featural": {
        "eval_loss": 0.9190577268600464,
        "eval_model_preparation_time": 0.0299,
        "eval_precision": 0.7028853652196517,
        "eval_recall": 0.7880510018214937,
        "eval_f1": 0.7430357572218597,
        "eval_accuracy": 0.8964997005375162,
        "eval_runtime": 34.1718,
        "eval_samples_per_second": 292.639,
        "eval_steps_per_second": 36.58
    },
    "reconstructed_syntactic": {
        "eval_loss": 0.9174157977104187,
        "eval_model_preparation_time": 0.0307,
        "eval_precision": 0.7034868592245641,
        "eval_recall": 0.7879052823315118,
        "eval_f1": 0.7433068701240676,
        "eval_accuracy": 0.8962570980189988,
        "eval_runtime": 32.7189,
        "eval_samples_per_second": 305.634,
        "eval_steps_per_second": 38.204
    },
    "reconstructed_morphological": {
        "eval_loss": 0.9212773442268372,
        "eval_model_preparation_time": 0.0312,
        "eval_precision": 0.7071913338553902,
        "eval_recall": 0.7895810564663024,
        "eval_f1": 0.7461186271472339,
        "eval_accuracy": 0.896825697671774,
        "eval_runtime": 32.4952,
        "eval_samples_per_second": 307.738,
        "eval_steps_per_second": 38.467
    }
}
