{
    "reconstructed_featural": {
        "eval_loss": 1.0383965969085693,
        "eval_model_preparation_time": 0.0283,
        "eval_accuracy": 0.903548916328469,
        "eval_precision_macro": 0.745233633183158,
        "eval_recall_macro": 0.7294341453498687,
        "eval_f1_macro": 0.7290564497444239,
        "eval_precision_micro": 0.903548916328469,
        "eval_recall_micro": 0.903548916328469,
        "eval_f1_micro": 0.903548916328469,
        "eval_runtime": 4.5424,
        "eval_samples_per_second": 192.631,
        "eval_steps_per_second": 24.216
    }
}
