{
    "reconstructed_featural": {
        "eval_loss": 1.0378074645996094,
        "eval_model_preparation_time": 0.0285,
        "eval_accuracy": 0.9036352646576289,
        "eval_precision_macro": 0.745318428463909,
        "eval_recall_macro": 0.7296635076521026,
        "eval_f1_macro": 0.7291721654632977,
        "eval_precision_micro": 0.9036352646576289,
        "eval_recall_micro": 0.9036352646576289,
        "eval_f1_micro": 0.9036352646576289,
        "eval_runtime": 4.5708,
        "eval_samples_per_second": 191.432,
        "eval_steps_per_second": 24.066
    }
}
