{
    "reconstructed_featural": {
        "eval_loss": 1.0362976789474487,
        "eval_model_preparation_time": 0.0308,
        "eval_accuracy": 0.9037216129867887,
        "eval_precision_macro": 0.7452308367473663,
        "eval_recall_macro": 0.7298678765043083,
        "eval_f1_macro": 0.7292241678080278,
        "eval_precision_micro": 0.9037216129867887,
        "eval_recall_micro": 0.9037216129867887,
        "eval_f1_micro": 0.9037216129867887,
        "eval_runtime": 4.8491,
        "eval_samples_per_second": 180.444,
        "eval_steps_per_second": 22.684
    },
    "baseline_en": {
        "eval_loss": 1.1008937358856201,
        "eval_model_preparation_time": 0.0296,
        "eval_accuracy": 0.9012175114411536,
        "eval_precision_macro": 0.7008167691706992,
        "eval_recall_macro": 0.6878019456050731,
        "eval_f1_macro": 0.6868104824225231,
        "eval_precision_micro": 0.9012175114411536,
        "eval_recall_micro": 0.9012175114411536,
        "eval_f1_micro": 0.9012175114411536,
        "eval_runtime": 4.8353,
        "eval_samples_per_second": 180.961,
        "eval_steps_per_second": 22.749
    },
    "baseline_task_adapter": {
        "eval_loss": 1.000217318534851,
        "eval_model_preparation_time": 0.0306,
        "eval_accuracy": 0.9033762196701494,
        "eval_precision_macro": 0.6941611376401037,
        "eval_recall_macro": 0.6846274194753434,
        "eval_f1_macro": 0.682247073091887,
        "eval_precision_micro": 0.9033762196701494,
        "eval_recall_micro": 0.9033762196701494,
        "eval_f1_micro": 0.9033762196701494,
        "eval_runtime": 4.4152,
        "eval_samples_per_second": 198.178,
        "eval_steps_per_second": 24.914
    },
    "baseline_avg_adapter": {
        "eval_loss": 0.9967942237854004,
        "eval_model_preparation_time": 0.03,
        "eval_accuracy": 0.8973318366289612,
        "eval_precision_macro": 0.7347149540334856,
        "eval_recall_macro": 0.7245830931521492,
        "eval_f1_macro": 0.7229532884453974,
        "eval_precision_micro": 0.8973318366289612,
        "eval_recall_micro": 0.8973318366289612,
        "eval_f1_micro": 0.8973318366289612,
        "eval_runtime": 4.8385,
        "eval_samples_per_second": 180.842,
        "eval_steps_per_second": 22.734
    },
    "baseline_closest_featural": {
        "eval_loss": 1.040036678314209,
        "eval_model_preparation_time": 0.0299,
        "eval_accuracy": 0.8909420602711338,
        "eval_precision_macro": 0.7244866202624554,
        "eval_recall_macro": 0.7173834621836782,
        "eval_f1_macro": 0.7136886347262901,
        "eval_precision_micro": 0.8909420602711338,
        "eval_recall_micro": 0.8909420602711338,
        "eval_f1_micro": 0.8909420602711338,
        "eval_runtime": 4.8259,
        "eval_samples_per_second": 181.314,
        "eval_steps_per_second": 22.794
    },
    "no_train_gain": {
        "eval_loss": 1.0621789693832397,
        "eval_model_preparation_time": 0.0321,
        "eval_accuracy": 0.9032898713409896,
        "eval_precision_macro": 0.7474438683691015,
        "eval_recall_macro": 0.7301937378883332,
        "eval_f1_macro": 0.7299382435759747,
        "eval_precision_micro": 0.9032898713409896,
        "eval_recall_micro": 0.9032898713409896,
        "eval_f1_micro": 0.9032898713409896,
        "eval_runtime": 4.8415,
        "eval_samples_per_second": 180.729,
        "eval_steps_per_second": 22.72
    }
}
