{
    "reconstructed_featural": {
        "eval_loss": 1.0406138896942139,
        "eval_model_preparation_time": 0.0283,
        "eval_accuracy": 0.9033762196701494,
        "eval_precision_macro": 0.7452935368786396,
        "eval_recall_macro": 0.7294817871515773,
        "eval_f1_macro": 0.7291150608185972,
        "eval_precision_micro": 0.9033762196701494,
        "eval_recall_micro": 0.9033762196701494,
        "eval_f1_micro": 0.9033762196701494,
        "eval_runtime": 4.5855,
        "eval_samples_per_second": 190.82,
        "eval_steps_per_second": 23.989
    }
}