{
    "reconstructed_featural": {
        "eval_loss": 1.0375601053237915,
        "eval_model_preparation_time": 0.0291,
        "eval_accuracy": 0.904585096278387,
        "eval_precision_macro": 0.7449367483864668,
        "eval_recall_macro": 0.7298635918271217,
        "eval_f1_macro": 0.7285419165388626,
        "eval_precision_micro": 0.904585096278387,
        "eval_recall_micro": 0.904585096278387,
        "eval_f1_micro": 0.904585096278387,
        "eval_runtime": 4.6621,
        "eval_samples_per_second": 187.684,
        "eval_steps_per_second": 23.595
    },
    "reconstructed_syntactic": {
        "eval_loss": 1.0430495738983154,
        "eval_model_preparation_time": 0.0281,
        "eval_accuracy": 0.9036352646576289,
        "eval_precision_macro": 0.7473885896921237,
        "eval_recall_macro": 0.730656614252474,
        "eval_f1_macro": 0.7300695175742482,
        "eval_precision_micro": 0.9036352646576289,
        "eval_recall_micro": 0.9036352646576289,
        "eval_f1_micro": 0.9036352646576289,
        "eval_runtime": 4.6617,
        "eval_samples_per_second": 187.698,
        "eval_steps_per_second": 23.596
    },
    "reconstructed_morphological": {
        "eval_loss": 1.0567251443862915,
        "eval_model_preparation_time": 0.0277,
        "eval_accuracy": 0.9033762196701494,
        "eval_precision_macro": 0.7395544929514588,
        "eval_recall_macro": 0.7265876247075378,
        "eval_f1_macro": 0.7245888671465107,
        "eval_precision_micro": 0.9033762196701494,
        "eval_recall_micro": 0.9033762196701494,
        "eval_f1_micro": 0.9033762196701494,
        "eval_runtime": 4.6556,
        "eval_samples_per_second": 187.948,
        "eval_steps_per_second": 23.628
    }
}
