{
    "reconstructed_syntactic": {
        "eval_loss": 1.0364083051681519,
        "eval_model_preparation_time": 0.028,
        "eval_accuracy": 0.9038079613159485,
        "eval_precision_macro": 0.7452517928040603,
        "eval_recall_macro": 0.7300715667752811,
        "eval_f1_macro": 0.7293220691253236,
        "eval_precision_micro": 0.9038079613159485,
        "eval_recall_micro": 0.9038079613159485,
        "eval_f1_micro": 0.9038079613159485,
        "eval_runtime": 4.7975,
        "eval_samples_per_second": 182.387,
        "eval_steps_per_second": 22.929
    },
    "reconstructed_morphological": {
        "eval_loss": 1.0371047258377075,
        "eval_model_preparation_time": 0.0283,
        "eval_accuracy": 0.9032898713409896,
        "eval_precision_macro": 0.7447880958957934,
        "eval_recall_macro": 0.7290399269743302,
        "eval_f1_macro": 0.7286166670796417,
        "eval_precision_micro": 0.9032898713409896,
        "eval_recall_micro": 0.9032898713409896,
        "eval_f1_micro": 0.9032898713409896,
        "eval_runtime": 4.7492,
        "eval_samples_per_second": 184.242,
        "eval_steps_per_second": 23.162
    },
    "baseline_en": {
        "eval_loss": 1.1008937358856201,
        "eval_model_preparation_time": 0.0277,
        "eval_accuracy": 0.9012175114411536,
        "eval_precision_macro": 0.7008167691706992,
        "eval_recall_macro": 0.6878019456050731,
        "eval_f1_macro": 0.6868104824225231,
        "eval_precision_micro": 0.9012175114411536,
        "eval_recall_micro": 0.9012175114411536,
        "eval_f1_micro": 0.9012175114411536,
        "eval_runtime": 4.7491,
        "eval_samples_per_second": 184.245,
        "eval_steps_per_second": 23.162
    },
    "baseline_task_adapter": {
        "eval_loss": 1.000217318534851,
        "eval_model_preparation_time": 0.0284,
        "eval_accuracy": 0.9033762196701494,
        "eval_precision_macro": 0.6941611376401037,
        "eval_recall_macro": 0.6846274194753434,
        "eval_f1_macro": 0.682247073091887,
        "eval_precision_micro": 0.9033762196701494,
        "eval_recall_micro": 0.9033762196701494,
        "eval_f1_micro": 0.9033762196701494,
        "eval_runtime": 4.3421,
        "eval_samples_per_second": 201.515,
        "eval_steps_per_second": 25.333
    },
    "baseline_avg_adapter": {
        "eval_loss": 0.9967942237854004,
        "eval_model_preparation_time": 0.0288,
        "eval_accuracy": 0.8973318366289612,
        "eval_precision_macro": 0.7347149540334856,
        "eval_recall_macro": 0.7245830931521492,
        "eval_f1_macro": 0.7229532884453974,
        "eval_precision_micro": 0.8973318366289612,
        "eval_recall_micro": 0.8973318366289612,
        "eval_f1_micro": 0.8973318366289612,
        "eval_runtime": 4.7796,
        "eval_samples_per_second": 183.071,
        "eval_steps_per_second": 23.015
    },
    "baseline_closest_syntactic": {
        "eval_loss": 1.040036678314209,
        "eval_model_preparation_time": 0.0281,
        "eval_accuracy": 0.8909420602711338,
        "eval_precision_macro": 0.7244866202624554,
        "eval_recall_macro": 0.7173834621836782,
        "eval_f1_macro": 0.7136886347262901,
        "eval_precision_micro": 0.8909420602711338,
        "eval_recall_micro": 0.8909420602711338,
        "eval_f1_micro": 0.8909420602711338,
        "eval_runtime": 4.7678,
        "eval_samples_per_second": 183.522,
        "eval_steps_per_second": 23.071
    },
    "baseline_closest_morphological": {
        "eval_loss": 1.0469026565551758,
        "eval_model_preparation_time": 0.0285,
        "eval_accuracy": 0.8931871168292893,
        "eval_precision_macro": 0.7237790583490218,
        "eval_recall_macro": 0.7192807206679988,
        "eval_f1_macro": 0.7153570499325124,
        "eval_precision_micro": 0.8931871168292893,
        "eval_recall_micro": 0.8931871168292893,
        "eval_f1_micro": 0.8931871168292893,
        "eval_runtime": 4.7748,
        "eval_samples_per_second": 183.254,
        "eval_steps_per_second": 23.038
    },
    "no_train_gain": {
        "eval_loss": 1.0621789693832397,
        "eval_model_preparation_time": 0.0282,
        "eval_accuracy": 0.9032898713409896,
        "eval_precision_macro": 0.7474438683691015,
        "eval_recall_macro": 0.7301937378883332,
        "eval_f1_macro": 0.7299382435759747,
        "eval_precision_micro": 0.9032898713409896,
        "eval_recall_micro": 0.9032898713409896,
        "eval_f1_micro": 0.9032898713409896,
        "eval_runtime": 4.7714,
        "eval_samples_per_second": 183.385,
        "eval_steps_per_second": 23.054
    }
}