{
    "reconstructed_featural": {
        "eval_loss": 0.8268070220947266,
        "eval_model_preparation_time": 0.0292,
        "eval_precision": 0.6883772469835016,
        "eval_recall": 0.7764199416747674,
        "eval_f1": 0.7297526594009005,
        "eval_accuracy": 0.8989007978632332,
        "eval_runtime": 32.9154,
        "eval_samples_per_second": 303.809,
        "eval_steps_per_second": 37.976
    },
    "baseline_en": {
        "eval_loss": 0.9807115197181702,
        "eval_model_preparation_time": 0.0279,
        "eval_precision": 0.6886155786818039,
        "eval_recall": 0.7580891542841272,
        "eval_f1": 0.7216842383580658,
        "eval_accuracy": 0.8908331335821662,
        "eval_runtime": 31.5723,
        "eval_samples_per_second": 316.733,
        "eval_steps_per_second": 39.592
    },
    "baseline_task_adapter": {
        "eval_loss": 0.86074298620224,
        "eval_model_preparation_time": 0.029,
        "eval_precision": 0.6656439835552556,
        "eval_recall": 0.7532287182335786,
        "eval_f1": 0.706733118342617,
        "eval_accuracy": 0.8913330822175803,
        "eval_runtime": 28.1348,
        "eval_samples_per_second": 355.431,
        "eval_steps_per_second": 44.429
    },
    "baseline_avg_adapter": {
        "eval_loss": 1.0312591791152954,
        "eval_model_preparation_time": 0.0291,
        "eval_precision": 0.6801814777473715,
        "eval_recall": 0.6558116928204416,
        "eval_f1": 0.6677743212669683,
        "eval_accuracy": 0.873054138273465,
        "eval_runtime": 30.6098,
        "eval_samples_per_second": 326.693,
        "eval_steps_per_second": 40.837
    },
    "baseline_closest_featural": {
        "eval_loss": 0.9939836859703064,
        "eval_model_preparation_time": 0.0277,
        "eval_precision": 0.662470544462359,
        "eval_recall": 0.7417719761144286,
        "eval_f1": 0.6998820754716982,
        "eval_accuracy": 0.8849570249631887,
        "eval_runtime": 30.3867,
        "eval_samples_per_second": 329.091,
        "eval_steps_per_second": 41.136
    },
    "no_train_gain": {
        "eval_loss": 0.937017560005188,
        "eval_model_preparation_time": 0.0287,
        "eval_precision": 0.6888806155373541,
        "eval_recall": 0.7708651576169976,
        "eval_f1": 0.7275706140638312,
        "eval_accuracy": 0.8939971920693079,
        "eval_runtime": 31.0141,
        "eval_samples_per_second": 322.434,
        "eval_steps_per_second": 40.304
    }
}
