{
    "reconstructed_featural": {
        "eval_loss": 0.2977152466773987,
        "eval_model_preparation_time": 0.0274,
        "eval_precision": 0.7107751648625109,
        "eval_recall": 0.793292598250243,
        "eval_f1": 0.7497703110644441,
        "eval_accuracy": 0.9141458069376434,
        "eval_runtime": 29.7812,
        "eval_samples_per_second": 335.783,
        "eval_steps_per_second": 41.973
    },
    "baseline_en": {
        "eval_loss": 0.37013301253318787,
        "eval_model_preparation_time": 0.0267,
        "eval_precision": 0.6857301157350406,
        "eval_recall": 0.7734342452437162,
        "eval_f1": 0.7269464204137571,
        "eval_accuracy": 0.9002773687634832,
        "eval_runtime": 29.8913,
        "eval_samples_per_second": 334.545,
        "eval_steps_per_second": 41.818
    },
    "baseline_task_adapter": {
        "eval_loss": 0.32007065415382385,
        "eval_model_preparation_time": 0.0268,
        "eval_precision": 0.6758204544055169,
        "eval_recall": 0.7621163727260103,
        "eval_f1": 0.7163789446203048,
        "eval_accuracy": 0.9061534773824607,
        "eval_runtime": 24.1908,
        "eval_samples_per_second": 413.38,
        "eval_steps_per_second": 51.672
    },
    "baseline_avg_adapter": {
        "eval_loss": 0.3556686043739319,
        "eval_model_preparation_time": 0.0283,
        "eval_precision": 0.6669926969222744,
        "eval_recall": 0.7102485765865852,
        "eval_f1": 0.6879413544959311,
        "eval_accuracy": 0.8982638769989385,
        "eval_runtime": 27.781,
        "eval_samples_per_second": 359.958,
        "eval_steps_per_second": 44.995
    },
    "baseline_closest_featural": {
        "eval_loss": 0.34929749369621277,
        "eval_model_preparation_time": 0.0282,
        "eval_precision": 0.6929351236039654,
        "eval_recall": 0.7668379391751146,
        "eval_f1": 0.7280158206987475,
        "eval_accuracy": 0.8989007978632332,
        "eval_runtime": 27.5005,
        "eval_samples_per_second": 363.629,
        "eval_steps_per_second": 45.454
    },
    "no_train_gain": {
        "eval_loss": 0.3477100133895874,
        "eval_model_preparation_time": 0.0278,
        "eval_precision": 0.6934005781413372,
        "eval_recall": 0.7828079433412026,
        "eval_f1": 0.7353967580966049,
        "eval_accuracy": 0.9052494606718487,
        "eval_runtime": 27.2487,
        "eval_samples_per_second": 366.991,
        "eval_steps_per_second": 45.874
    }
}