{
    "reconstructed_featural": {
        "eval_loss": 0.8327125906944275,
        "eval_model_preparation_time": 0.0282,
        "eval_precision": 0.6870543398082124,
        "eval_recall": 0.7760727676711567,
        "eval_f1": 0.7288555591783502,
        "eval_accuracy": 0.898387152004931,
        "eval_runtime": 30.2153,
        "eval_samples_per_second": 330.958,
        "eval_steps_per_second": 41.37
    }
}