{
    "reconstructed_featural": {
        "eval_loss": 0.8433923721313477,
        "eval_model_preparation_time": 0.0314,
        "eval_precision": 0.6873078342147337,
        "eval_recall": 0.7760727676711567,
        "eval_f1": 0.7289981737542395,
        "eval_accuracy": 0.897257131116666,
        "eval_runtime": 30.7374,
        "eval_samples_per_second": 325.336,
        "eval_steps_per_second": 40.667
    }
}
