{
    "reconstructed_featural": {
        "eval_loss": 1.531249761581421,
        "eval_model_preparation_time": 0.0288,
        "eval_accuracy": 0.7918326693227091,
        "eval_precision_macro": 0.6652787161402662,
        "eval_recall_macro": 0.665044930636438,
        "eval_f1_macro": 0.6562760780974108,
        "eval_precision_micro": 0.7918326693227091,
        "eval_recall_micro": 0.7918326693227091,
        "eval_f1_micro": 0.7918326693227091,
        "eval_runtime": 5.1466,
        "eval_samples_per_second": 185.948,
        "eval_steps_per_second": 23.316
    },
    "reconstructed_syntactic": {
        "eval_loss": 1.5313135385513306,
        "eval_model_preparation_time": 0.0302,
        "eval_accuracy": 0.7930278884462152,
        "eval_precision_macro": 0.6672467102359138,
        "eval_recall_macro": 0.6666964454555708,
        "eval_f1_macro": 0.6583610465781311,
        "eval_precision_micro": 0.7930278884462152,
        "eval_recall_micro": 0.7930278884462152,
        "eval_f1_micro": 0.7930278884462152,
        "eval_runtime": 5.1523,
        "eval_samples_per_second": 185.741,
        "eval_steps_per_second": 23.29
    },
    "reconstructed_morphological": {
        "eval_loss": 1.5352703332901,
        "eval_model_preparation_time": 0.03,
        "eval_accuracy": 0.7919322709163347,
        "eval_precision_macro": 0.6654898330840086,
        "eval_recall_macro": 0.665698761679961,
        "eval_f1_macro": 0.6566590941536317,
        "eval_precision_micro": 0.7919322709163347,
        "eval_recall_micro": 0.7919322709163347,
        "eval_f1_micro": 0.7919322709163347,
        "eval_runtime": 5.1626,
        "eval_samples_per_second": 185.37,
        "eval_steps_per_second": 23.244
    }
}
