{
    "reconstructed_featural": {
        "eval_loss": 0.609323263168335,
        "eval_model_preparation_time": 0.0275,
        "eval_precision": 0.5365853658536586,
        "eval_recall": 0.6285714285714286,
        "eval_f1": 0.5789473684210527,
        "eval_accuracy": 0.8061946902654867,
        "eval_runtime": 0.3075,
        "eval_samples_per_second": 325.206,
        "eval_steps_per_second": 42.277
    },
    "baseline_en": {
        "eval_loss": 0.6902102828025818,
        "eval_model_preparation_time": 0.0268,
        "eval_precision": 0.6283185840707964,
        "eval_recall": 0.6761904761904762,
        "eval_f1": 0.6513761467889908,
        "eval_accuracy": 0.8008849557522124,
        "eval_runtime": 0.3017,
        "eval_samples_per_second": 331.439,
        "eval_steps_per_second": 43.087
    },
    "baseline_task_adapter": {
        "eval_loss": 0.6530657410621643,
        "eval_model_preparation_time": 0.0271,
        "eval_precision": 0.48360655737704916,
        "eval_recall": 0.5619047619047619,
        "eval_f1": 0.5198237885462555,
        "eval_accuracy": 0.7849557522123893,
        "eval_runtime": 0.2576,
        "eval_samples_per_second": 388.133,
        "eval_steps_per_second": 50.457
    },
    "baseline_avg_adapter": {
        "eval_loss": 0.859290599822998,
        "eval_model_preparation_time": 0.0283,
        "eval_precision": 0.44537815126050423,
        "eval_recall": 0.5047619047619047,
        "eval_f1": 0.47321428571428575,
        "eval_accuracy": 0.7778761061946903,
        "eval_runtime": 0.2954,
        "eval_samples_per_second": 338.539,
        "eval_steps_per_second": 44.01
    },
    "baseline_closest_featural": {
        "eval_loss": 0.727091908454895,
        "eval_model_preparation_time": 0.0274,
        "eval_precision": 0.47107438016528924,
        "eval_recall": 0.5428571428571428,
        "eval_f1": 0.504424778761062,
        "eval_accuracy": 0.7920353982300885,
        "eval_runtime": 0.2999,
        "eval_samples_per_second": 333.425,
        "eval_steps_per_second": 43.345
    },
    "no_train_gain": {
        "eval_loss": 0.5824001431465149,
        "eval_model_preparation_time": 0.0272,
        "eval_precision": 0.5348837209302325,
        "eval_recall": 0.6571428571428571,
        "eval_f1": 0.5897435897435898,
        "eval_accuracy": 0.8123893805309734,
        "eval_runtime": 0.2965,
        "eval_samples_per_second": 337.212,
        "eval_steps_per_second": 43.838
    }
}