{
    "reconstructed_syntactic": {
        "eval_loss": 2.210632801055908,
        "eval_model_preparation_time": 0.0284,
        "eval_precision": 0.5294117647058824,
        "eval_recall": 0.6,
        "eval_f1": 0.5625,
        "eval_accuracy": 0.7716814159292036,
        "eval_runtime": 0.3298,
        "eval_samples_per_second": 303.188,
        "eval_steps_per_second": 39.414
    },
    "reconstructed_morphological": {
        "eval_loss": 2.218613624572754,
        "eval_model_preparation_time": 0.028,
        "eval_precision": 0.5294117647058824,
        "eval_recall": 0.6,
        "eval_f1": 0.5625,
        "eval_accuracy": 0.7707964601769911,
        "eval_runtime": 0.3441,
        "eval_samples_per_second": 290.609,
        "eval_steps_per_second": 37.779
    }
}