{
    "reconstructed_featural": {
        "eval_loss": 3.2886273860931396,
        "eval_model_preparation_time": 0.0272,
        "eval_accuracy": 0.6498655913978495,
        "eval_precision_macro": 0.41892140446049364,
        "eval_recall_macro": 0.37766479482994214,
        "eval_f1_macro": 0.3735151010151151,
        "eval_precision_micro": 0.6498655913978495,
        "eval_recall_micro": 0.6498655913978495,
        "eval_f1_micro": 0.6498655913978495,
        "eval_runtime": 0.5825,
        "eval_samples_per_second": 181.965,
        "eval_steps_per_second": 24.033
    }
}
