{
    "reconstructed_featural": {
        "eval_loss": 3.2413275241851807,
        "eval_model_preparation_time": 0.0277,
        "eval_accuracy": 0.6512096774193549,
        "eval_precision_macro": 0.4145090375900796,
        "eval_recall_macro": 0.37878634355057134,
        "eval_f1_macro": 0.37406320017945904,
        "eval_precision_micro": 0.6512096774193549,
        "eval_recall_micro": 0.6512096774193549,
        "eval_f1_micro": 0.6512096774193549,
        "eval_runtime": 0.5805,
        "eval_samples_per_second": 182.59,
        "eval_steps_per_second": 24.116
    }
}
