{
    "reconstructed_featural": {
        "eval_loss": 3.144879102706909,
        "eval_model_preparation_time": 0.0288,
        "eval_precision": 0.27848101265822783,
        "eval_recall": 0.37606837606837606,
        "eval_f1": 0.32,
        "eval_accuracy": 0.6460129310344828,
        "eval_runtime": 0.4125,
        "eval_samples_per_second": 242.404,
        "eval_steps_per_second": 31.513
    }
}