{
    "reconstructed_featural": {
        "eval_loss": 0.9029887914657593,
        "eval_model_preparation_time": 0.0278,
        "eval_precision": 0.27607361963190186,
        "eval_recall": 0.38461538461538464,
        "eval_f1": 0.32142857142857145,
        "eval_accuracy": 0.7203663793103449,
        "eval_runtime": 0.3419,
        "eval_samples_per_second": 292.463,
        "eval_steps_per_second": 38.02
    },
    "baseline_en": {
        "eval_loss": 1.3488914966583252,
        "eval_model_preparation_time": 0.027,
        "eval_precision": 0.24427480916030533,
        "eval_recall": 0.27350427350427353,
        "eval_f1": 0.25806451612903225,
        "eval_accuracy": 0.6654094827586207,
        "eval_runtime": 0.3436,
        "eval_samples_per_second": 291.028,
        "eval_steps_per_second": 37.834
    },
    "baseline_task_adapter": {
        "eval_loss": 0.924786388874054,
        "eval_model_preparation_time": 0.0271,
        "eval_precision": 0.22,
        "eval_recall": 0.28205128205128205,
        "eval_f1": 0.24719101123595508,
        "eval_accuracy": 0.7349137931034483,
        "eval_runtime": 0.3062,
        "eval_samples_per_second": 326.562,
        "eval_steps_per_second": 42.453
    },
    "baseline_avg_adapter": {
        "eval_loss": 1.540076494216919,
        "eval_model_preparation_time": 0.0278,
        "eval_precision": 0.2111111111111111,
        "eval_recall": 0.1623931623931624,
        "eval_f1": 0.18357487922705315,
        "eval_accuracy": 0.6438577586206896,
        "eval_runtime": 0.3386,
        "eval_samples_per_second": 295.366,
        "eval_steps_per_second": 38.398
    },
    "baseline_closest_featural": {
        "eval_loss": 1.450965166091919,
        "eval_model_preparation_time": 0.0267,
        "eval_precision": 0.14838709677419354,
        "eval_recall": 0.19658119658119658,
        "eval_f1": 0.1691176470588235,
        "eval_accuracy": 0.5705818965517241,
        "eval_runtime": 0.3432,
        "eval_samples_per_second": 291.408,
        "eval_steps_per_second": 37.883
    },
    "no_train_gain": {
        "eval_loss": 0.9517108798027039,
        "eval_model_preparation_time": 0.0275,
        "eval_precision": 0.2608695652173913,
        "eval_recall": 0.358974358974359,
        "eval_f1": 0.3021582733812949,
        "eval_accuracy": 0.7117456896551724,
        "eval_runtime": 0.3401,
        "eval_samples_per_second": 294.064,
        "eval_steps_per_second": 38.228
    }
}
