{
    "reconstructed_featural": {
        "eval_loss": 3.871291160583496,
        "eval_model_preparation_time": 0.0304,
        "eval_precision": 0.32558139534883723,
        "eval_recall": 0.4077669902912621,
        "eval_f1": 0.36206896551724144,
        "eval_accuracy": 0.6356123215627348,
        "eval_runtime": 0.3659,
        "eval_samples_per_second": 273.289,
        "eval_steps_per_second": 35.528
    },
    "baseline_en": {
        "eval_loss": 7.820207118988037,
        "eval_model_preparation_time": 0.0286,
        "eval_precision": 0.24074074074074073,
        "eval_recall": 0.1262135922330097,
        "eval_f1": 0.16560509554140126,
        "eval_accuracy": 0.3944402704733283,
        "eval_runtime": 0.352,
        "eval_samples_per_second": 284.056,
        "eval_steps_per_second": 36.927
    },
    "baseline_task_adapter": {
        "eval_loss": 3.974752187728882,
        "eval_model_preparation_time": 0.0287,
        "eval_precision": 0.3135593220338983,
        "eval_recall": 0.3592233009708738,
        "eval_f1": 0.33484162895927605,
        "eval_accuracy": 0.6160781367392938,
        "eval_runtime": 0.328,
        "eval_samples_per_second": 304.876,
        "eval_steps_per_second": 39.634
    },
    "baseline_avg_adapter": {
        "eval_loss": 6.632670879364014,
        "eval_model_preparation_time": 0.0289,
        "eval_precision": 0.2,
        "eval_recall": 0.10679611650485436,
        "eval_f1": 0.13924050632911392,
        "eval_accuracy": 0.40345604808414726,
        "eval_runtime": 0.3521,
        "eval_samples_per_second": 284.039,
        "eval_steps_per_second": 36.925
    },
    "baseline_closest_featural": {
        "eval_loss": 7.56947135925293,
        "eval_model_preparation_time": 0.0281,
        "eval_precision": 0.2631578947368421,
        "eval_recall": 0.14563106796116504,
        "eval_f1": 0.18749999999999997,
        "eval_accuracy": 0.3944402704733283,
        "eval_runtime": 0.3638,
        "eval_samples_per_second": 274.891,
        "eval_steps_per_second": 35.736
    },
    "no_train_gain": {
        "eval_loss": 3.552896499633789,
        "eval_model_preparation_time": 0.0289,
        "eval_precision": 0.3382352941176471,
        "eval_recall": 0.44660194174757284,
        "eval_f1": 0.3849372384937239,
        "eval_accuracy": 0.6378662659654395,
        "eval_runtime": 0.3556,
        "eval_samples_per_second": 281.214,
        "eval_steps_per_second": 36.558
    }
}
