{
    "reconstructed_featural": {
        "eval_loss": 3.4520227909088135,
        "eval_model_preparation_time": 0.0318,
        "eval_precision": 0.39166666666666666,
        "eval_recall": 0.4563106796116505,
        "eval_f1": 0.42152466367713004,
        "eval_accuracy": 0.6679188580015026,
        "eval_runtime": 0.9032,
        "eval_samples_per_second": 110.715,
        "eval_steps_per_second": 14.393
    },
    "reconstructed_syntactic": {
        "eval_loss": 3.840048313140869,
        "eval_model_preparation_time": 0.0294,
        "eval_precision": 0.3387096774193548,
        "eval_recall": 0.4077669902912621,
        "eval_f1": 0.3700440528634361,
        "eval_accuracy": 0.6498873027798647,
        "eval_runtime": 0.2875,
        "eval_samples_per_second": 347.766,
        "eval_steps_per_second": 45.21
    },
    "reconstructed_morphological": {
        "eval_loss": 3.310464859008789,
        "eval_model_preparation_time": 0.029,
        "eval_precision": 0.3879310344827586,
        "eval_recall": 0.4368932038834951,
        "eval_f1": 0.410958904109589,
        "eval_accuracy": 0.6604057099924868,
        "eval_runtime": 0.2849,
        "eval_samples_per_second": 351.048,
        "eval_steps_per_second": 45.636
    }
}