{
    "reconstructed_featural": {
        "eval_loss": 1.0060621500015259,
        "eval_model_preparation_time": 0.0303,
        "eval_precision": 0.6855636123928807,
        "eval_recall": 0.7679914070891515,
        "eval_f1": 0.724440363486686,
        "eval_accuracy": 0.889782577994176,
        "eval_runtime": 32.4387,
        "eval_samples_per_second": 308.274,
        "eval_steps_per_second": 38.534
    },
    "baseline_en": {
        "eval_loss": 1.1431533098220825,
        "eval_model_preparation_time": 0.0273,
        "eval_precision": 0.6902260232131948,
        "eval_recall": 0.7585257787325457,
        "eval_f1": 0.7227659438367555,
        "eval_accuracy": 0.8854381729288419,
        "eval_runtime": 33.1835,
        "eval_samples_per_second": 301.354,
        "eval_steps_per_second": 37.669
    },
    "baseline_task_adapter": {
        "eval_loss": 1.0256438255310059,
        "eval_model_preparation_time": 0.0276,
        "eval_precision": 0.6589427521630912,
        "eval_recall": 0.7464419978517723,
        "eval_f1": 0.6999685237645578,
        "eval_accuracy": 0.8816183245122632,
        "eval_runtime": 29.3702,
        "eval_samples_per_second": 340.481,
        "eval_steps_per_second": 42.56
    },
    "baseline_avg_adapter": {
        "eval_loss": 1.2150933742523193,
        "eval_model_preparation_time": 0.0292,
        "eval_precision": 0.6301268213707502,
        "eval_recall": 0.6270810955961332,
        "eval_f1": 0.628600269179004,
        "eval_accuracy": 0.8508241591962178,
        "eval_runtime": 32.7582,
        "eval_samples_per_second": 305.267,
        "eval_steps_per_second": 38.158
    },
    "baseline_closest_featural": {
        "eval_loss": 1.126491665840149,
        "eval_model_preparation_time": 0.0272,
        "eval_precision": 0.6235357079146102,
        "eval_recall": 0.7039473684210527,
        "eval_f1": 0.6613060889855895,
        "eval_accuracy": 0.8683295560771233,
        "eval_runtime": 33.6839,
        "eval_samples_per_second": 296.878,
        "eval_steps_per_second": 37.11
    },
    "no_train_gain": {
        "eval_loss": 1.033955693244934,
        "eval_model_preparation_time": 0.0291,
        "eval_precision": 0.6826733560293854,
        "eval_recall": 0.7673200859291085,
        "eval_f1": 0.722525996396852,
        "eval_accuracy": 0.8878524785301654,
        "eval_runtime": 33.6042,
        "eval_samples_per_second": 297.582,
        "eval_steps_per_second": 37.198
    }
}
