{
    "reconstructed_featural": {
        "eval_loss": 0.3511357605457306,
        "eval_model_preparation_time": 0.0279,
        "eval_precision": 0.6976227638371953,
        "eval_recall": 0.7801423200859291,
        "eval_f1": 0.7365785637320149,
        "eval_accuracy": 0.9052704493029449,
        "eval_runtime": 28.4313,
        "eval_samples_per_second": 351.725,
        "eval_steps_per_second": 43.966
    },
    "baseline_en": {
        "eval_loss": 0.41156038641929626,
        "eval_model_preparation_time": 0.0267,
        "eval_precision": 0.6918636446496932,
        "eval_recall": 0.7643662728249194,
        "eval_f1": 0.7263100819698274,
        "eval_accuracy": 0.8951895465275023,
        "eval_runtime": 28.5403,
        "eval_samples_per_second": 350.382,
        "eval_steps_per_second": 43.798
    },
    "baseline_task_adapter": {
        "eval_loss": 0.3673580586910248,
        "eval_model_preparation_time": 0.0267,
        "eval_precision": 0.6537913848344606,
        "eval_recall": 0.7397287862513426,
        "eval_f1": 0.6941102362204724,
        "eval_accuracy": 0.8965480137460742,
        "eval_runtime": 25.0336,
        "eval_samples_per_second": 399.463,
        "eval_steps_per_second": 49.933
    },
    "baseline_avg_adapter": {
        "eval_loss": 0.44963979721069336,
        "eval_model_preparation_time": 0.0331,
        "eval_precision": 0.622849277357192,
        "eval_recall": 0.6683002148227712,
        "eval_f1": 0.6447747660222156,
        "eval_accuracy": 0.8744157582197354,
        "eval_runtime": 33.8455,
        "eval_samples_per_second": 295.46,
        "eval_steps_per_second": 36.933
    },
    "baseline_closest_featural": {
        "eval_loss": 0.4147966802120209,
        "eval_model_preparation_time": 0.0272,
        "eval_precision": 0.655975073313783,
        "eval_recall": 0.720797529538131,
        "eval_f1": 0.686860286591607,
        "eval_accuracy": 0.8843890596313309,
        "eval_runtime": 28.7592,
        "eval_samples_per_second": 347.714,
        "eval_steps_per_second": 43.464
    },
    "no_train_gain": {
        "eval_loss": 0.3653152287006378,
        "eval_model_preparation_time": 0.0279,
        "eval_precision": 0.683607433355103,
        "eval_recall": 0.7729591836734694,
        "eval_f1": 0.7255427077097578,
        "eval_accuracy": 0.9010403706866984,
        "eval_runtime": 28.8129,
        "eval_samples_per_second": 347.066,
        "eval_steps_per_second": 43.383
    }
}
