{
    "reconstructed_featural": {
        "eval_loss": 1.880713939666748,
        "eval_model_preparation_time": 0.0302,
        "eval_accuracy": 0.8409263477600607,
        "eval_precision_macro": 0.689087495991861,
        "eval_recall_macro": 0.6656607948437929,
        "eval_f1_macro": 0.6332212874790027,
        "eval_precision_micro": 0.8409263477600607,
        "eval_recall_micro": 0.8409263477600607,
        "eval_f1_micro": 0.8409263477600607,
        "eval_runtime": 5.3207,
        "eval_samples_per_second": 187.945,
        "eval_steps_per_second": 23.493
    }
}