{
    "reconstructed_featural": {
        "eval_loss": 1.8793156147003174,
        "eval_model_preparation_time": 0.0302,
        "eval_precision": 0.545,
        "eval_recall": 0.6728395061728395,
        "eval_f1": 0.6022099447513812,
        "eval_accuracy": 0.7859384808537351,
        "eval_runtime": 0.3395,
        "eval_samples_per_second": 294.579,
        "eval_steps_per_second": 38.295
    },
    "reconstructed_syntactic": {
        "eval_loss": 1.8793156147003174,
        "eval_model_preparation_time": 0.03,
        "eval_precision": 0.545,
        "eval_recall": 0.6728395061728395,
        "eval_f1": 0.6022099447513812,
        "eval_accuracy": 0.7859384808537351,
        "eval_runtime": 0.3382,
        "eval_samples_per_second": 295.66,
        "eval_steps_per_second": 38.436
    },
    "reconstructed_morphological": {
        "eval_loss": 1.8793156147003174,
        "eval_model_preparation_time": 0.0308,
        "eval_precision": 0.545,
        "eval_recall": 0.6728395061728395,
        "eval_f1": 0.6022099447513812,
        "eval_accuracy": 0.7859384808537351,
        "eval_runtime": 0.3763,
        "eval_samples_per_second": 265.768,
        "eval_steps_per_second": 34.55
    }
}