{
    "reconstructed_syntactic": {
        "eval_loss": 2.8226935863494873,
        "eval_model_preparation_time": 0.0283,
        "eval_precision": 0.453781512605042,
        "eval_recall": 0.46956521739130436,
        "eval_f1": 0.46153846153846156,
        "eval_accuracy": 0.7149901380670611,
        "eval_runtime": 0.328,
        "eval_samples_per_second": 304.902,
        "eval_steps_per_second": 39.637
    },
    "reconstructed_morphological": {
        "eval_loss": 2.795952796936035,
        "eval_model_preparation_time": 0.028,
        "eval_precision": 0.45,
        "eval_recall": 0.46956521739130436,
        "eval_f1": 0.4595744680851064,
        "eval_accuracy": 0.717948717948718,
        "eval_runtime": 0.3443,
        "eval_samples_per_second": 290.462,
        "eval_steps_per_second": 37.76
    }
}