{
    "reconstructed_featural": {
        "eval_loss": 2.8048794269561768,
        "eval_model_preparation_time": 0.0284,
        "eval_precision": 0.4126984126984127,
        "eval_recall": 0.45217391304347826,
        "eval_f1": 0.43153526970954353,
        "eval_accuracy": 0.7189349112426036,
        "eval_runtime": 0.3356,
        "eval_samples_per_second": 297.993,
        "eval_steps_per_second": 38.739
    }
}
