{
    "reconstructed_featural": {
        "eval_loss": 0.7618016600608826,
        "eval_model_preparation_time": 0.0279,
        "eval_precision": 0.30952380952380953,
        "eval_recall": 0.5855855855855856,
        "eval_f1": 0.40498442367601245,
        "eval_accuracy": 0.8325,
        "eval_runtime": 0.4215,
        "eval_samples_per_second": 237.235,
        "eval_steps_per_second": 30.841
    },
    "baseline_en": {
        "eval_loss": 0.8705457448959351,
        "eval_model_preparation_time": 0.0267,
        "eval_precision": 0.2868217054263566,
        "eval_recall": 0.3333333333333333,
        "eval_f1": 0.3083333333333333,
        "eval_accuracy": 0.8320833333333333,
        "eval_runtime": 0.4258,
        "eval_samples_per_second": 234.849,
        "eval_steps_per_second": 30.53
    },
    "baseline_task_adapter": {
        "eval_loss": 0.8113896250724792,
        "eval_model_preparation_time": 0.0278,
        "eval_precision": 0.21739130434782608,
        "eval_recall": 0.40540540540540543,
        "eval_f1": 0.2830188679245283,
        "eval_accuracy": 0.8033333333333333,
        "eval_runtime": 0.3869,
        "eval_samples_per_second": 258.466,
        "eval_steps_per_second": 33.601
    },
    "baseline_avg_adapter": {
        "eval_loss": 0.7310833930969238,
        "eval_model_preparation_time": 0.0286,
        "eval_precision": 0.23030303030303031,
        "eval_recall": 0.34234234234234234,
        "eval_f1": 0.2753623188405797,
        "eval_accuracy": 0.8166666666666667,
        "eval_runtime": 0.42,
        "eval_samples_per_second": 238.121,
        "eval_steps_per_second": 30.956
    },
    "baseline_closest_featural": {
        "eval_loss": 0.9169470071792603,
        "eval_model_preparation_time": 0.0277,
        "eval_precision": 0.2193877551020408,
        "eval_recall": 0.38738738738738737,
        "eval_f1": 0.2801302931596091,
        "eval_accuracy": 0.79125,
        "eval_runtime": 0.4163,
        "eval_samples_per_second": 240.195,
        "eval_steps_per_second": 31.225
    },
    "no_train_gain": {
        "eval_loss": 0.8284383416175842,
        "eval_model_preparation_time": 0.0279,
        "eval_precision": 0.27601809954751133,
        "eval_recall": 0.5495495495495496,
        "eval_f1": 0.3674698795180723,
        "eval_accuracy": 0.8141666666666667,
        "eval_runtime": 0.4257,
        "eval_samples_per_second": 234.9,
        "eval_steps_per_second": 30.537
    }
}
