{
    "reconstructed_featural": {
        "eval_loss": 2.2907772064208984,
        "eval_model_preparation_time": 0.0307,
        "eval_precision": 0.21266968325791855,
        "eval_recall": 0.42342342342342343,
        "eval_f1": 0.28313253012048195,
        "eval_accuracy": 0.76,
        "eval_runtime": 0.4257,
        "eval_samples_per_second": 234.906,
        "eval_steps_per_second": 30.538
    },
    "reconstructed_syntactic": {
        "eval_loss": 2.2975053787231445,
        "eval_model_preparation_time": 0.0303,
        "eval_precision": 0.21875,
        "eval_recall": 0.44144144144144143,
        "eval_f1": 0.29253731343283584,
        "eval_accuracy": 0.76125,
        "eval_runtime": 0.4238,
        "eval_samples_per_second": 235.976,
        "eval_steps_per_second": 30.677
    },
    "reconstructed_morphological": {
        "eval_loss": 2.2766785621643066,
        "eval_model_preparation_time": 0.0306,
        "eval_precision": 0.2079646017699115,
        "eval_recall": 0.42342342342342343,
        "eval_f1": 0.27893175074183973,
        "eval_accuracy": 0.7620833333333333,
        "eval_runtime": 0.4243,
        "eval_samples_per_second": 235.67,
        "eval_steps_per_second": 30.637
    }
}