{
    "reconstructed_featural": {
        "eval_loss": 2.265939235687256,
        "eval_model_preparation_time": 0.0297,
        "eval_precision": 0.19736842105263158,
        "eval_recall": 0.40540540540540543,
        "eval_f1": 0.2654867256637168,
        "eval_accuracy": 0.7608333333333334,
        "eval_runtime": 0.435,
        "eval_samples_per_second": 229.911,
        "eval_steps_per_second": 29.888
    }
}