{
    "reconstructed_featural": {
        "eval_loss": 2.2639379501342773,
        "eval_model_preparation_time": 0.0294,
        "eval_precision": 0.2,
        "eval_recall": 0.40540540540540543,
        "eval_f1": 0.26785714285714285,
        "eval_accuracy": 0.76125,
        "eval_runtime": 0.4335,
        "eval_samples_per_second": 230.702,
        "eval_steps_per_second": 29.991
    }
}