{
    "reconstructed_featural": {
        "eval_loss": 2.283590316772461,
        "eval_model_preparation_time": 0.0297,
        "eval_precision": 0.21076233183856502,
        "eval_recall": 0.42342342342342343,
        "eval_f1": 0.281437125748503,
        "eval_accuracy": 0.7616666666666667,
        "eval_runtime": 0.458,
        "eval_samples_per_second": 218.34,
        "eval_steps_per_second": 28.384
    },
    "baseline_en": {
        "eval_loss": 2.021188497543335,
        "eval_model_preparation_time": 0.0273,
        "eval_precision": 0.2708333333333333,
        "eval_recall": 0.23423423423423423,
        "eval_f1": 0.25120772946859904,
        "eval_accuracy": 0.8266666666666667,
        "eval_runtime": 0.4489,
        "eval_samples_per_second": 222.79,
        "eval_steps_per_second": 28.963
    },
    "baseline_task_adapter": {
        "eval_loss": 2.2060325145721436,
        "eval_model_preparation_time": 0.0279,
        "eval_precision": 0.20353982300884957,
        "eval_recall": 0.4144144144144144,
        "eval_f1": 0.2729970326409496,
        "eval_accuracy": 0.7504166666666666,
        "eval_runtime": 0.4241,
        "eval_samples_per_second": 235.791,
        "eval_steps_per_second": 30.653
    },
    "baseline_avg_adapter": {
        "eval_loss": 1.757460355758667,
        "eval_model_preparation_time": 0.0288,
        "eval_precision": 0.2198581560283688,
        "eval_recall": 0.27927927927927926,
        "eval_f1": 0.24603174603174602,
        "eval_accuracy": 0.8004166666666667,
        "eval_runtime": 0.4503,
        "eval_samples_per_second": 222.053,
        "eval_steps_per_second": 28.867
    },
    "baseline_closest_featural": {
        "eval_loss": 2.110400915145874,
        "eval_model_preparation_time": 0.0277,
        "eval_precision": 0.18137254901960784,
        "eval_recall": 0.3333333333333333,
        "eval_f1": 0.23492063492063492,
        "eval_accuracy": 0.7620833333333333,
        "eval_runtime": 0.4693,
        "eval_samples_per_second": 213.074,
        "eval_steps_per_second": 27.7
    },
    "no_train_gain": {
        "eval_loss": 2.3125133514404297,
        "eval_model_preparation_time": 0.0287,
        "eval_precision": 0.18584070796460178,
        "eval_recall": 0.3783783783783784,
        "eval_f1": 0.24925816023738878,
        "eval_accuracy": 0.75375,
        "eval_runtime": 0.4509,
        "eval_samples_per_second": 221.787,
        "eval_steps_per_second": 28.832
    }
}
