{
    "reconstructed_featural": {
        "eval_loss": 1.3929524421691895,
        "eval_model_preparation_time": 0.028,
        "eval_precision": 0.7080132497004722,
        "eval_recall": 0.7834360134133977,
        "eval_f1": 0.7438175625647859,
        "eval_accuracy": 0.8551016760664072,
        "eval_runtime": 29.5039,
        "eval_samples_per_second": 338.938,
        "eval_steps_per_second": 42.367
    }
}
