{
    "reconstructed_featural": {
        "eval_loss": 1.3863897323608398,
        "eval_model_preparation_time": 0.0285,
        "eval_precision": 0.7084920299054873,
        "eval_recall": 0.7833580285424627,
        "eval_f1": 0.7440465167956742,
        "eval_accuracy": 0.8555584240209707,
        "eval_runtime": 28.6375,
        "eval_samples_per_second": 349.192,
        "eval_steps_per_second": 43.649
    }
}
