{
    "reconstructed_syntactic": {
        "eval_loss": 1.9476450681686401,
        "eval_model_preparation_time": 0.0278,
        "eval_accuracy": 0.8462991999356733,
        "eval_precision_macro": 0.6794414268307853,
        "eval_recall_macro": 0.7616975073912036,
        "eval_f1_macro": 0.7080134643124248,
        "eval_precision_micro": 0.8462991999356733,
        "eval_recall_micro": 0.8462991999356733,
        "eval_f1_micro": 0.8462991999356733,
        "eval_runtime": 5.3029,
        "eval_samples_per_second": 188.577,
        "eval_steps_per_second": 23.572
    },
    "reconstructed_morphological": {
        "eval_loss": 1.9485148191452026,
        "eval_model_preparation_time": 0.028,
        "eval_accuracy": 0.8459775660354601,
        "eval_precision_macro": 0.679191117271138,
        "eval_recall_macro": 0.761386421648333,
        "eval_f1_macro": 0.7076600704831607,
        "eval_precision_micro": 0.8459775660354601,
        "eval_recall_micro": 0.8459775660354601,
        "eval_f1_micro": 0.8459775660354601,
        "eval_runtime": 5.2664,
        "eval_samples_per_second": 189.882,
        "eval_steps_per_second": 23.735
    }
}