{
    "reconstructed_featural": {
        "eval_loss": 1.9461536407470703,
        "eval_model_preparation_time": 0.0302,
        "eval_accuracy": 0.8461785872230934,
        "eval_precision_macro": 0.6793394118477836,
        "eval_recall_macro": 0.7615976740053468,
        "eval_f1_macro": 0.7078893867964813,
        "eval_precision_micro": 0.8461785872230934,
        "eval_recall_micro": 0.8461785872230934,
        "eval_f1_micro": 0.8461785872230934,
        "eval_runtime": 5.4714,
        "eval_samples_per_second": 182.77,
        "eval_steps_per_second": 22.846
    },
    "baseline_en": {
        "eval_loss": 2.0283215045928955,
        "eval_model_preparation_time": 0.03,
        "eval_accuracy": 0.8437261287339686,
        "eval_precision_macro": 0.6706524180752543,
        "eval_recall_macro": 0.7608010044459605,
        "eval_f1_macro": 0.6992152055891363,
        "eval_precision_micro": 0.8437261287339686,
        "eval_recall_micro": 0.8437261287339686,
        "eval_f1_micro": 0.8437261287339686,
        "eval_runtime": 5.4809,
        "eval_samples_per_second": 182.451,
        "eval_steps_per_second": 22.806
    },
    "baseline_task_adapter": {
        "eval_loss": 1.9014065265655518,
        "eval_model_preparation_time": 0.0294,
        "eval_accuracy": 0.8477465524866321,
        "eval_precision_macro": 0.6805106175654487,
        "eval_recall_macro": 0.7623513061366194,
        "eval_f1_macro": 0.7090576993466625,
        "eval_precision_micro": 0.8477465524866321,
        "eval_recall_micro": 0.8477465524866321,
        "eval_f1_micro": 0.8477465524866321,
        "eval_runtime": 5.0014,
        "eval_samples_per_second": 199.944,
        "eval_steps_per_second": 24.993
    },
    "baseline_avg_adapter": {
        "eval_loss": 1.8211504220962524,
        "eval_model_preparation_time": 0.0304,
        "eval_accuracy": 0.8432838821211756,
        "eval_precision_macro": 0.6768321176402629,
        "eval_recall_macro": 0.7497618489969312,
        "eval_f1_macro": 0.7024961244526673,
        "eval_precision_micro": 0.8432838821211756,
        "eval_recall_micro": 0.8432838821211756,
        "eval_f1_micro": 0.8432838821211756,
        "eval_runtime": 5.4787,
        "eval_samples_per_second": 182.526,
        "eval_steps_per_second": 22.816
    },
    "baseline_closest_featural": {
        "eval_loss": 1.9369949102401733,
        "eval_model_preparation_time": 0.0289,
        "eval_accuracy": 0.8290515820367467,
        "eval_precision_macro": 0.6684617312388571,
        "eval_recall_macro": 0.756521373149761,
        "eval_f1_macro": 0.6842701571074652,
        "eval_precision_micro": 0.8290515820367467,
        "eval_recall_micro": 0.8290515820367467,
        "eval_f1_micro": 0.8290515820367467,
        "eval_runtime": 5.483,
        "eval_samples_per_second": 182.383,
        "eval_steps_per_second": 22.798
    },
    "no_train_gain": {
        "eval_loss": 1.983742117881775,
        "eval_model_preparation_time": 0.0303,
        "eval_accuracy": 0.8446508261970812,
        "eval_precision_macro": 0.6777950471837809,
        "eval_recall_macro": 0.7616261548543943,
        "eval_f1_macro": 0.7072636085795723,
        "eval_precision_micro": 0.8446508261970812,
        "eval_recall_micro": 0.8446508261970812,
        "eval_f1_micro": 0.8446508261970812,
        "eval_runtime": 5.4833,
        "eval_samples_per_second": 182.373,
        "eval_steps_per_second": 22.797
    }
}
