{
    "reconstructed_featural": {
        "eval_loss": 1.9310088157653809,
        "eval_model_preparation_time": 0.0301,
        "eval_accuracy": 0.8465404253608331,
        "eval_precision_macro": 0.6787940719683452,
        "eval_recall_macro": 0.7632538565777927,
        "eval_f1_macro": 0.7083496211466138,
        "eval_precision_micro": 0.8465404253608331,
        "eval_recall_micro": 0.8465404253608331,
        "eval_f1_micro": 0.8465404253608331,
        "eval_runtime": 5.3757,
        "eval_samples_per_second": 186.021,
        "eval_steps_per_second": 23.253
    },
    "reconstructed_syntactic": {
        "eval_loss": 1.9501038789749146,
        "eval_model_preparation_time": 0.0303,
        "eval_accuracy": 0.8467414465484662,
        "eval_precision_macro": 0.6791590531886864,
        "eval_recall_macro": 0.7630314388221509,
        "eval_f1_macro": 0.7086156521635323,
        "eval_precision_micro": 0.8467414465484662,
        "eval_recall_micro": 0.8467414465484662,
        "eval_f1_micro": 0.8467414465484662,
        "eval_runtime": 5.336,
        "eval_samples_per_second": 187.405,
        "eval_steps_per_second": 23.426
    },
    "reconstructed_morphological": {
        "eval_loss": 1.9493176937103271,
        "eval_model_preparation_time": 0.0309,
        "eval_accuracy": 0.8455755236601938,
        "eval_precision_macro": 0.6775953978444496,
        "eval_recall_macro": 0.7615484361572304,
        "eval_f1_macro": 0.7066810240673775,
        "eval_precision_micro": 0.8455755236601938,
        "eval_recall_micro": 0.8455755236601938,
        "eval_f1_micro": 0.8455755236601938,
        "eval_runtime": 5.3368,
        "eval_samples_per_second": 187.379,
        "eval_steps_per_second": 23.422
    }
}
