{
    "reconstructed_featural": {
        "eval_loss": 2.095362901687622,
        "eval_model_preparation_time": 0.031,
        "eval_precision": 0.5579710144927537,
        "eval_recall": 0.6754385964912281,
        "eval_f1": 0.6111111111111112,
        "eval_accuracy": 0.7640232108317214,
        "eval_runtime": 0.3807,
        "eval_samples_per_second": 262.651,
        "eval_steps_per_second": 34.145
    },
    "reconstructed_syntactic": {
        "eval_loss": 2.1065518856048584,
        "eval_model_preparation_time": 0.0304,
        "eval_precision": 0.5460992907801419,
        "eval_recall": 0.6754385964912281,
        "eval_f1": 0.603921568627451,
        "eval_accuracy": 0.7630560928433269,
        "eval_runtime": 0.3575,
        "eval_samples_per_second": 279.71,
        "eval_steps_per_second": 36.362
    },
    "reconstructed_morphological": {
        "eval_loss": 2.1534993648529053,
        "eval_model_preparation_time": 0.0311,
        "eval_precision": 0.5671641791044776,
        "eval_recall": 0.6666666666666666,
        "eval_f1": 0.6129032258064515,
        "eval_accuracy": 0.7640232108317214,
        "eval_runtime": 0.3525,
        "eval_samples_per_second": 283.708,
        "eval_steps_per_second": 36.882
    }
}