{
    "reconstructed_featural": {
        "eval_loss": 2.1244277954101562,
        "eval_model_preparation_time": 0.0277,
        "eval_precision": 0.5314685314685315,
        "eval_recall": 0.6666666666666666,
        "eval_f1": 0.5914396887159533,
        "eval_accuracy": 0.7591876208897486,
        "eval_runtime": 0.3324,
        "eval_samples_per_second": 300.847,
        "eval_steps_per_second": 39.11
    }
}
