{
    "reconstructed_featural": {
        "eval_loss": 2.105334758758545,
        "eval_model_preparation_time": 0.0293,
        "eval_precision": 0.5390070921985816,
        "eval_recall": 0.6666666666666666,
        "eval_f1": 0.596078431372549,
        "eval_accuracy": 0.7630560928433269,
        "eval_runtime": 0.3716,
        "eval_samples_per_second": 269.133,
        "eval_steps_per_second": 34.987
    },
    "baseline_en": {
        "eval_loss": 3.3273651599884033,
        "eval_model_preparation_time": 0.0278,
        "eval_precision": 0.48936170212765956,
        "eval_recall": 0.6052631578947368,
        "eval_f1": 0.5411764705882353,
        "eval_accuracy": 0.6769825918762089,
        "eval_runtime": 0.3536,
        "eval_samples_per_second": 282.775,
        "eval_steps_per_second": 36.761
    },
    "baseline_task_adapter": {
        "eval_loss": 2.1842944622039795,
        "eval_model_preparation_time": 0.0286,
        "eval_precision": 0.4342105263157895,
        "eval_recall": 0.5789473684210527,
        "eval_f1": 0.49624060150375954,
        "eval_accuracy": 0.6924564796905223,
        "eval_runtime": 0.3082,
        "eval_samples_per_second": 324.475,
        "eval_steps_per_second": 42.182
    },
    "baseline_avg_adapter": {
        "eval_loss": 3.8596925735473633,
        "eval_model_preparation_time": 0.0295,
        "eval_precision": 0.46464646464646464,
        "eval_recall": 0.40350877192982454,
        "eval_f1": 0.43192488262910794,
        "eval_accuracy": 0.5599613152804642,
        "eval_runtime": 0.3675,
        "eval_samples_per_second": 272.137,
        "eval_steps_per_second": 35.378
    },
    "baseline_closest_featural": {
        "eval_loss": 1.6904191970825195,
        "eval_model_preparation_time": 0.028,
        "eval_precision": 0.568,
        "eval_recall": 0.6228070175438597,
        "eval_f1": 0.5941422594142259,
        "eval_accuracy": 0.7504835589941973,
        "eval_runtime": 0.3572,
        "eval_samples_per_second": 279.945,
        "eval_steps_per_second": 36.393
    },
    "no_train_gain": {
        "eval_loss": 2.116652250289917,
        "eval_model_preparation_time": 0.0295,
        "eval_precision": 0.5314685314685315,
        "eval_recall": 0.6666666666666666,
        "eval_f1": 0.5914396887159533,
        "eval_accuracy": 0.7630560928433269,
        "eval_runtime": 0.363,
        "eval_samples_per_second": 275.472,
        "eval_steps_per_second": 35.811
    }
}