{
    "reconstructed_featural": {
        "eval_loss": 0.8434420228004456,
        "eval_model_preparation_time": 0.0294,
        "eval_precision": 0.5,
        "eval_recall": 0.6403508771929824,
        "eval_f1": 0.5615384615384615,
        "eval_accuracy": 0.7388781431334622,
        "eval_runtime": 0.3098,
        "eval_samples_per_second": 322.797,
        "eval_steps_per_second": 41.964
    },
    "baseline_en": {
        "eval_loss": 1.1601425409317017,
        "eval_model_preparation_time": 0.0273,
        "eval_precision": 0.5793650793650794,
        "eval_recall": 0.6403508771929824,
        "eval_f1": 0.6083333333333333,
        "eval_accuracy": 0.6943907156673114,
        "eval_runtime": 0.3091,
        "eval_samples_per_second": 323.553,
        "eval_steps_per_second": 42.062
    },
    "baseline_task_adapter": {
        "eval_loss": 0.7992975115776062,
        "eval_model_preparation_time": 0.0272,
        "eval_precision": 0.49624060150375937,
        "eval_recall": 0.5789473684210527,
        "eval_f1": 0.534412955465587,
        "eval_accuracy": 0.7263056092843327,
        "eval_runtime": 0.2647,
        "eval_samples_per_second": 377.8,
        "eval_steps_per_second": 49.114
    },
    "baseline_avg_adapter": {
        "eval_loss": 1.1499762535095215,
        "eval_model_preparation_time": 0.0294,
        "eval_precision": 0.4083333333333333,
        "eval_recall": 0.4298245614035088,
        "eval_f1": 0.4188034188034188,
        "eval_accuracy": 0.6054158607350096,
        "eval_runtime": 0.3164,
        "eval_samples_per_second": 316.042,
        "eval_steps_per_second": 41.086
    },
    "baseline_closest_featural": {
        "eval_loss": 0.4657832980155945,
        "eval_model_preparation_time": 0.0275,
        "eval_precision": 0.5555555555555556,
        "eval_recall": 0.7017543859649122,
        "eval_f1": 0.6201550387596899,
        "eval_accuracy": 0.8568665377176016,
        "eval_runtime": 0.3122,
        "eval_samples_per_second": 320.271,
        "eval_steps_per_second": 41.635
    },
    "no_train_gain": {
        "eval_loss": 0.7654805779457092,
        "eval_model_preparation_time": 0.0276,
        "eval_precision": 0.5244755244755245,
        "eval_recall": 0.6578947368421053,
        "eval_f1": 0.5836575875486381,
        "eval_accuracy": 0.7475822050290135,
        "eval_runtime": 0.3089,
        "eval_samples_per_second": 323.77,
        "eval_steps_per_second": 42.09
    }
}