{
    "reconstructed_featural": {
        "eval_loss": 1.0649818181991577,
        "eval_model_preparation_time": 0.0291,
        "eval_precision": 0.4574468085106383,
        "eval_recall": 0.7107438016528925,
        "eval_f1": 0.5566343042071197,
        "eval_accuracy": 0.8686219365206911,
        "eval_runtime": 0.448,
        "eval_samples_per_second": 223.228,
        "eval_steps_per_second": 29.02
    },
    "baseline_en": {
        "eval_loss": 1.4109493494033813,
        "eval_model_preparation_time": 0.0273,
        "eval_precision": 0.41237113402061853,
        "eval_recall": 0.6611570247933884,
        "eval_f1": 0.5079365079365079,
        "eval_accuracy": 0.8304539975893933,
        "eval_runtime": 0.4577,
        "eval_samples_per_second": 218.483,
        "eval_steps_per_second": 28.403
    },
    "baseline_task_adapter": {
        "eval_loss": 1.1108654737472534,
        "eval_model_preparation_time": 0.0279,
        "eval_precision": 0.40609137055837563,
        "eval_recall": 0.6611570247933884,
        "eval_f1": 0.5031446540880504,
        "eval_accuracy": 0.8722378465247087,
        "eval_runtime": 0.4146,
        "eval_samples_per_second": 241.21,
        "eval_steps_per_second": 31.357
    },
    "baseline_avg_adapter": {
        "eval_loss": 0.8231654167175293,
        "eval_model_preparation_time": 0.0298,
        "eval_precision": 0.5739130434782609,
        "eval_recall": 0.5454545454545454,
        "eval_f1": 0.559322033898305,
        "eval_accuracy": 0.911611088790679,
        "eval_runtime": 0.4457,
        "eval_samples_per_second": 224.384,
        "eval_steps_per_second": 29.17
    },
    "baseline_closest_featural": {
        "eval_loss": 1.0653468370437622,
        "eval_model_preparation_time": 0.0274,
        "eval_precision": 0.4588235294117647,
        "eval_recall": 0.6446280991735537,
        "eval_f1": 0.5360824742268041,
        "eval_accuracy": 0.8846926476496585,
        "eval_runtime": 0.4559,
        "eval_samples_per_second": 219.363,
        "eval_steps_per_second": 28.517
    },
    "no_train_gain": {
        "eval_loss": 1.1261723041534424,
        "eval_model_preparation_time": 0.0288,
        "eval_precision": 0.41025641025641024,
        "eval_recall": 0.6611570247933884,
        "eval_f1": 0.5063291139240507,
        "eval_accuracy": 0.8565689031739655,
        "eval_runtime": 0.4483,
        "eval_samples_per_second": 223.074,
        "eval_steps_per_second": 29.0
    }
}