{
    "reconstructed_featural": {
        "eval_loss": 1.0644410848617554,
        "eval_model_preparation_time": 0.0297,
        "eval_precision": 0.44559585492227977,
        "eval_recall": 0.7107438016528925,
        "eval_f1": 0.5477707006369427,
        "eval_accuracy": 0.8678184009642427,
        "eval_runtime": 0.431,
        "eval_samples_per_second": 232.032,
        "eval_steps_per_second": 30.164
    }
}
