{
    "reconstructed_featural": {
        "eval_loss": 1.0661271810531616,
        "eval_model_preparation_time": 0.0289,
        "eval_precision": 0.455026455026455,
        "eval_recall": 0.7107438016528925,
        "eval_f1": 0.5548387096774193,
        "eval_accuracy": 0.8674166331860185,
        "eval_runtime": 0.4243,
        "eval_samples_per_second": 235.698,
        "eval_steps_per_second": 30.641
    }
}