{
    "reconstructed_featural": {
        "eval_loss": 1.0682566165924072,
        "eval_model_preparation_time": 0.0307,
        "eval_precision": 0.4358974358974359,
        "eval_recall": 0.7024793388429752,
        "eval_f1": 0.5379746835443038,
        "eval_accuracy": 0.8690237042989152,
        "eval_runtime": 0.4278,
        "eval_samples_per_second": 233.732,
        "eval_steps_per_second": 30.385
    },
    "reconstructed_syntactic": {
        "eval_loss": 1.0652062892913818,
        "eval_model_preparation_time": 0.0307,
        "eval_precision": 0.45263157894736844,
        "eval_recall": 0.7107438016528925,
        "eval_f1": 0.5530546623794212,
        "eval_accuracy": 0.8694254720771394,
        "eval_runtime": 0.4363,
        "eval_samples_per_second": 229.18,
        "eval_steps_per_second": 29.793
    },
    "reconstructed_morphological": {
        "eval_loss": 1.1490354537963867,
        "eval_model_preparation_time": 0.0307,
        "eval_precision": 0.4293193717277487,
        "eval_recall": 0.6776859504132231,
        "eval_f1": 0.5256410256410257,
        "eval_accuracy": 0.8521494576134994,
        "eval_runtime": 0.4383,
        "eval_samples_per_second": 228.13,
        "eval_steps_per_second": 29.657
    }
}