{
    "reconstructed_featural": {
        "eval_loss": 1.4809478521347046,
        "eval_model_preparation_time": 0.0298,
        "eval_precision": 0.5901276838576218,
        "eval_recall": 0.7076988879384088,
        "eval_f1": 0.6435878486133261,
        "eval_accuracy": 0.8265026397725734,
        "eval_runtime": 28.4425,
        "eval_samples_per_second": 351.587,
        "eval_steps_per_second": 43.948
    }
}