{
    "reconstructed_featural": {
        "eval_loss": 1.4841151237487793,
        "eval_model_preparation_time": 0.0292,
        "eval_precision": 0.5897710250374492,
        "eval_recall": 0.7072711719418306,
        "eval_f1": 0.6431988797697304,
        "eval_accuracy": 0.826451874915392,
        "eval_runtime": 28.4277,
        "eval_samples_per_second": 351.77,
        "eval_steps_per_second": 43.971
    }
}