{
    "reconstructed_featural": {
        "eval_loss": 0.9206194281578064,
        "eval_model_preparation_time": 0.0299,
        "eval_accuracy": 0.8978805394990366,
        "eval_precision_macro": 0.6440215464531376,
        "eval_recall_macro": 0.6669092926337066,
        "eval_f1_macro": 0.6339343650059241,
        "eval_precision_micro": 0.8978805394990366,
        "eval_recall_micro": 0.8978805394990366,
        "eval_f1_micro": 0.8978805394990366,
        "eval_runtime": 2.7255,
        "eval_samples_per_second": 180.148,
        "eval_steps_per_second": 22.748
    },
    "baseline_en": {
        "eval_loss": 0.9821839332580566,
        "eval_model_preparation_time": 0.0279,
        "eval_accuracy": 0.8963666391412056,
        "eval_precision_macro": 0.6898451860886705,
        "eval_recall_macro": 0.7068191223228076,
        "eval_f1_macro": 0.672381795138845,
        "eval_precision_micro": 0.8963666391412056,
        "eval_recall_micro": 0.8963666391412056,
        "eval_f1_micro": 0.8963666391412056,
        "eval_runtime": 2.7274,
        "eval_samples_per_second": 180.023,
        "eval_steps_per_second": 22.732
    },
    "baseline_task_adapter": {
        "eval_loss": 0.8739814162254333,
        "eval_model_preparation_time": 0.0288,
        "eval_accuracy": 0.8986374896779521,
        "eval_precision_macro": 0.6391118332926831,
        "eval_recall_macro": 0.6642138858437148,
        "eval_f1_macro": 0.6335059150448332,
        "eval_precision_micro": 0.8986374896779521,
        "eval_recall_micro": 0.8986374896779521,
        "eval_f1_micro": 0.8986374896779521,
        "eval_runtime": 2.4919,
        "eval_samples_per_second": 197.042,
        "eval_steps_per_second": 24.881
    },
    "baseline_avg_adapter": {
        "eval_loss": 0.9723484516143799,
        "eval_model_preparation_time": 0.0297,
        "eval_accuracy": 0.8777181392788329,
        "eval_precision_macro": 0.6445730781631902,
        "eval_recall_macro": 0.6552932808332721,
        "eval_f1_macro": 0.6318035952592579,
        "eval_precision_micro": 0.8777181392788329,
        "eval_recall_micro": 0.8777181392788329,
        "eval_f1_micro": 0.8777181392788329,
        "eval_runtime": 2.7288,
        "eval_samples_per_second": 179.932,
        "eval_steps_per_second": 22.721
    },
    "baseline_closest_featural": {
        "eval_loss": 0.9270597696304321,
        "eval_model_preparation_time": 0.0293,
        "eval_accuracy": 0.8925818882466281,
        "eval_precision_macro": 0.6380075638772188,
        "eval_recall_macro": 0.667463416891423,
        "eval_f1_macro": 0.6325426004756491,
        "eval_precision_micro": 0.8925818882466281,
        "eval_recall_micro": 0.8925818882466281,
        "eval_f1_micro": 0.8925818882466281,
        "eval_runtime": 2.7284,
        "eval_samples_per_second": 179.958,
        "eval_steps_per_second": 22.724
    },
    "no_train_gain": {
        "eval_loss": 0.9204401969909668,
        "eval_model_preparation_time": 0.0301,
        "eval_accuracy": 0.8988439306358381,
        "eval_precision_macro": 0.6387415868753418,
        "eval_recall_macro": 0.6684023594585571,
        "eval_f1_macro": 0.6346871546768664,
        "eval_precision_micro": 0.8988439306358381,
        "eval_recall_micro": 0.8988439306358381,
        "eval_f1_micro": 0.8988439306358381,
        "eval_runtime": 2.7285,
        "eval_samples_per_second": 179.954,
        "eval_steps_per_second": 22.723
    }
}
