{
    "reconstructed_featural": {
        "exact_match": 62.6890756302521,
        "f1": 77.86836284272614
    }
}
