{
    "reconstructed_featural": {
        "exact_match": 62.436974789915965,
        "f1": 77.81948288266867
    },
    "baseline_en": {
        "exact_match": 63.36134453781513,
        "f1": 77.89376143591532
    },
    "baseline_task_adapter": {
        "exact_match": 62.52100840336134,
        "f1": 77.86666686574746
    },
    "baseline_avg_adapter": {
        "exact_match": 59.2436974789916,
        "f1": 74.88835911323888
    },
    "baseline_closest_featural": {
        "exact_match": 63.445378151260506,
        "f1": 77.8574799761057
    },
    "no_train_gain": {
        "exact_match": 63.78151260504202,
        "f1": 78.50466483018161
    }
}