{
    "reconstructed_featural": {
        "eval_loss": 1.644267201423645,
        "eval_model_preparation_time": 0.0284,
        "eval_precision": 0.5718912829178989,
        "eval_recall": 0.6669951548000328,
        "eval_f1": 0.6157928655369802,
        "eval_accuracy": 0.8298662107162951,
        "eval_runtime": 28.6963,
        "eval_samples_per_second": 348.477,
        "eval_steps_per_second": 43.56
    }
}