{
    "reconstructed_featural": {
        "eval_loss": 1.6415945291519165,
        "eval_model_preparation_time": 0.0273,
        "eval_precision": 0.5725277052304651,
        "eval_recall": 0.6660918124332759,
        "eval_f1": 0.6157758882477983,
        "eval_accuracy": 0.8299685072740159,
        "eval_runtime": 29.4855,
        "eval_samples_per_second": 339.15,
        "eval_steps_per_second": 42.394
    }
}