{
    "reconstructed_featural": {
        "eval_loss": 1.2720272541046143,
        "eval_model_preparation_time": 0.0284,
        "eval_accuracy": 0.869416479327534,
        "eval_precision_macro": 0.7186523580320698,
        "eval_recall_macro": 0.7269709836799838,
        "eval_f1_macro": 0.6928286533411652,
        "eval_precision_micro": 0.869416479327534,
        "eval_recall_micro": 0.869416479327534,
        "eval_f1_micro": 0.869416479327534,
        "eval_runtime": 4.6813,
        "eval_samples_per_second": 188.196,
        "eval_steps_per_second": 23.711
    }
}