{
    "reconstructed_featural": {
        "eval_loss": 1.2726614475250244,
        "eval_model_preparation_time": 0.0274,
        "eval_accuracy": 0.869416479327534,
        "eval_precision_macro": 0.718123517234031,
        "eval_recall_macro": 0.7260484146553986,
        "eval_f1_macro": 0.6922353564289402,
        "eval_precision_micro": 0.869416479327534,
        "eval_recall_micro": 0.869416479327534,
        "eval_f1_micro": 0.869416479327534,
        "eval_runtime": 4.6525,
        "eval_samples_per_second": 189.362,
        "eval_steps_per_second": 23.858
    }
}
