{
    "reconstructed_featural": {
        "eval_loss": 1.2701199054718018,
        "eval_model_preparation_time": 0.0295,
        "eval_accuracy": 0.869416479327534,
        "eval_precision_macro": 0.7193200720969029,
        "eval_recall_macro": 0.7275295014406223,
        "eval_f1_macro": 0.6932407659200751,
        "eval_precision_micro": 0.869416479327534,
        "eval_recall_micro": 0.869416479327534,
        "eval_f1_micro": 0.869416479327534,
        "eval_runtime": 4.8369,
        "eval_samples_per_second": 182.141,
        "eval_steps_per_second": 22.948
    },
    "baseline_en": {
        "eval_loss": 1.3667091131210327,
        "eval_model_preparation_time": 0.0294,
        "eval_accuracy": 0.8657022773922393,
        "eval_precision_macro": 0.6741795015004337,
        "eval_recall_macro": 0.6759156857527322,
        "eval_f1_macro": 0.6462809853493773,
        "eval_precision_micro": 0.8657022773922393,
        "eval_recall_micro": 0.8657022773922393,
        "eval_f1_micro": 0.8657022773922393,
        "eval_runtime": 4.8317,
        "eval_samples_per_second": 182.338,
        "eval_steps_per_second": 22.973
    },
    "baseline_task_adapter": {
        "eval_loss": 1.2342838048934937,
        "eval_model_preparation_time": 0.0284,
        "eval_accuracy": 0.8656045352360473,
        "eval_precision_macro": 0.7114614443352718,
        "eval_recall_macro": 0.7155990572113043,
        "eval_f1_macro": 0.6864891943481544,
        "eval_precision_micro": 0.8656045352360473,
        "eval_recall_micro": 0.8656045352360473,
        "eval_f1_micro": 0.8656045352360473,
        "eval_runtime": 4.4111,
        "eval_samples_per_second": 199.722,
        "eval_steps_per_second": 25.164
    },
    "baseline_avg_adapter": {
        "eval_loss": 1.2095139026641846,
        "eval_model_preparation_time": 0.0307,
        "eval_accuracy": 0.8576874205844981,
        "eval_precision_macro": 0.6933364776577969,
        "eval_recall_macro": 0.693185300164442,
        "eval_f1_macro": 0.6660437907078455,
        "eval_precision_micro": 0.8576874205844981,
        "eval_recall_micro": 0.8576874205844981,
        "eval_f1_micro": 0.8576874205844981,
        "eval_runtime": 4.8297,
        "eval_samples_per_second": 182.414,
        "eval_steps_per_second": 22.983
    },
    "baseline_closest_featural": {
        "eval_loss": 1.2756810188293457,
        "eval_model_preparation_time": 0.0291,
        "eval_accuracy": 0.8689277685465742,
        "eval_precision_macro": 0.7128280687699018,
        "eval_recall_macro": 0.7188198156895257,
        "eval_f1_macro": 0.6860023789537578,
        "eval_precision_micro": 0.8689277685465742,
        "eval_recall_micro": 0.8689277685465742,
        "eval_f1_micro": 0.8689277685465742,
        "eval_runtime": 4.8401,
        "eval_samples_per_second": 182.023,
        "eval_steps_per_second": 22.934
    },
    "no_train_gain": {
        "eval_loss": 1.2885949611663818,
        "eval_model_preparation_time": 0.0306,
        "eval_accuracy": 0.8676571205160786,
        "eval_precision_macro": 0.7158033559837015,
        "eval_recall_macro": 0.7239792177297062,
        "eval_f1_macro": 0.6902520942750705,
        "eval_precision_micro": 0.8676571205160786,
        "eval_recall_micro": 0.8676571205160786,
        "eval_f1_micro": 0.8676571205160786,
        "eval_runtime": 4.8409,
        "eval_samples_per_second": 181.99,
        "eval_steps_per_second": 22.93
    }
}