{
    "reconstructed_featural": {
        "eval_loss": 1.2750287055969238,
        "eval_model_preparation_time": 0.0269,
        "eval_accuracy": 0.869318737171342,
        "eval_precision_macro": 0.7176423613590422,
        "eval_recall_macro": 0.7258689070801928,
        "eval_f1_macro": 0.6920308094119305,
        "eval_precision_micro": 0.869318737171342,
        "eval_recall_micro": 0.869318737171342,
        "eval_f1_micro": 0.869318737171342,
        "eval_runtime": 4.6806,
        "eval_samples_per_second": 188.224,
        "eval_steps_per_second": 23.715
    }
}
