{
    "reconstructed_featural": {
        "exact_match": 57.142857142857146,
        "f1": 73.8341888293495
    }
}
