{
    "reconstructed_featural": {
        "exact_match": 57.226890756302524,
        "f1": 73.9123200818505
    }
}
