{
    "reconstructed_syntactic": {
        "exact_match": 57.3109243697479,
        "f1": 73.9002041682914
    },
    "reconstructed_morphological": {
        "exact_match": 57.39495798319328,
        "f1": 73.92934915962125
    }
}
