{
    "reconstructed_featural": {
        "eval_loss": 2.6674349308013916,
        "eval_model_preparation_time": 0.0287,
        "eval_precision": 0.5107913669064749,
        "eval_recall": 0.6826923076923077,
        "eval_f1": 0.5843621399176955,
        "eval_accuracy": 0.6409185803757829,
        "eval_runtime": 0.3419,
        "eval_samples_per_second": 292.45,
        "eval_steps_per_second": 38.019
    }
}