{
    "reconstructed_featural": {
        "eval_loss": 2.5039260387420654,
        "eval_model_preparation_time": 0.0282,
        "eval_precision": 0.33076923076923076,
        "eval_recall": 0.4215686274509804,
        "eval_f1": 0.3706896551724138,
        "eval_accuracy": 0.7022099447513812,
        "eval_runtime": 0.3273,
        "eval_samples_per_second": 305.537,
        "eval_steps_per_second": 39.72
    }
}
