{
    "reconstructed_featural": {
        "eval_loss": 2.8803656101226807,
        "eval_model_preparation_time": 0.0303,
        "eval_precision": 0.45038167938931295,
        "eval_recall": 0.5619047619047619,
        "eval_f1": 0.5,
        "eval_accuracy": 0.6946410515672397,
        "eval_runtime": 0.3322,
        "eval_samples_per_second": 301.036,
        "eval_steps_per_second": 39.135
    },
    "baseline_en": {
        "eval_loss": 3.6242291927337646,
        "eval_model_preparation_time": 0.029,
        "eval_precision": 0.39552238805970147,
        "eval_recall": 0.5047619047619047,
        "eval_f1": 0.4435146443514645,
        "eval_accuracy": 0.6329625884732053,
        "eval_runtime": 0.3327,
        "eval_samples_per_second": 300.586,
        "eval_steps_per_second": 39.076
    },
    "baseline_task_adapter": {
        "eval_loss": 2.619452714920044,
        "eval_model_preparation_time": 0.0287,
        "eval_precision": 0.3597122302158273,
        "eval_recall": 0.47619047619047616,
        "eval_f1": 0.40983606557377045,
        "eval_accuracy": 0.6450960566228514,
        "eval_runtime": 0.26,
        "eval_samples_per_second": 384.577,
        "eval_steps_per_second": 49.995
    },
    "baseline_avg_adapter": {
        "eval_loss": 3.559882164001465,
        "eval_model_preparation_time": 0.0302,
        "eval_precision": 0.5063291139240507,
        "eval_recall": 0.38095238095238093,
        "eval_f1": 0.43478260869565216,
        "eval_accuracy": 0.6198179979777553,
        "eval_runtime": 0.3425,
        "eval_samples_per_second": 291.999,
        "eval_steps_per_second": 37.96
    },
    "baseline_closest_featural": {
        "eval_loss": 4.202335357666016,
        "eval_model_preparation_time": 0.0322,
        "eval_precision": 0.4444444444444444,
        "eval_recall": 0.5333333333333333,
        "eval_f1": 0.4848484848484848,
        "eval_accuracy": 0.5915065722952477,
        "eval_runtime": 0.3564,
        "eval_samples_per_second": 280.607,
        "eval_steps_per_second": 36.479
    },
    "no_train_gain": {
        "eval_loss": 3.6528632640838623,
        "eval_model_preparation_time": 0.03,
        "eval_precision": 0.421875,
        "eval_recall": 0.5142857142857142,
        "eval_f1": 0.463519313304721,
        "eval_accuracy": 0.6440849342770475,
        "eval_runtime": 0.3834,
        "eval_samples_per_second": 260.804,
        "eval_steps_per_second": 33.904
    }
}
