{
    "reconstructed_syntactic": {
        "eval_loss": 2.884519100189209,
        "eval_model_preparation_time": 0.0287,
        "eval_precision": 0.45038167938931295,
        "eval_recall": 0.5619047619047619,
        "eval_f1": 0.5,
        "eval_accuracy": 0.6946410515672397,
        "eval_runtime": 0.323,
        "eval_samples_per_second": 309.638,
        "eval_steps_per_second": 40.253
    },
    "reconstructed_morphological": {
        "eval_loss": 2.903688669204712,
        "eval_model_preparation_time": 0.0278,
        "eval_precision": 0.45038167938931295,
        "eval_recall": 0.5619047619047619,
        "eval_f1": 0.5,
        "eval_accuracy": 0.6946410515672397,
        "eval_runtime": 0.3499,
        "eval_samples_per_second": 285.8,
        "eval_steps_per_second": 37.154
    }
}