{
    "reconstructed_featural": {
        "eval_loss": 2.9588611125946045,
        "eval_model_preparation_time": 0.0303,
        "eval_precision": 0.45038167938931295,
        "eval_recall": 0.5619047619047619,
        "eval_f1": 0.5,
        "eval_accuracy": 0.6936299292214358,
        "eval_runtime": 0.349,
        "eval_samples_per_second": 286.505,
        "eval_steps_per_second": 37.246
    }
}
