{
    "reconstructed_featural": {
        "eval_loss": 3.199533700942993,
        "eval_model_preparation_time": 0.0287,
        "eval_precision": 0.421875,
        "eval_recall": 0.5142857142857142,
        "eval_f1": 0.463519313304721,
        "eval_accuracy": 0.6632962588473206,
        "eval_runtime": 0.2935,
        "eval_samples_per_second": 340.715,
        "eval_steps_per_second": 44.293
    },
    "reconstructed_syntactic": {
        "eval_loss": 3.2036283016204834,
        "eval_model_preparation_time": 0.0289,
        "eval_precision": 0.4108527131782946,
        "eval_recall": 0.5047619047619047,
        "eval_f1": 0.45299145299145294,
        "eval_accuracy": 0.6622851365015167,
        "eval_runtime": 0.288,
        "eval_samples_per_second": 347.213,
        "eval_steps_per_second": 45.138
    },
    "reconstructed_morphological": {
        "eval_loss": 3.618649482727051,
        "eval_model_preparation_time": 0.03,
        "eval_precision": 0.44537815126050423,
        "eval_recall": 0.5047619047619047,
        "eval_f1": 0.47321428571428575,
        "eval_accuracy": 0.647118301314459,
        "eval_runtime": 0.2989,
        "eval_samples_per_second": 334.547,
        "eval_steps_per_second": 43.491
    }
}