{
    "reconstructed_featural": {
        "eval_loss": 1.5667752027511597,
        "eval_model_preparation_time": 0.029,
        "eval_precision": 0.7313432835820896,
        "eval_recall": 0.7596899224806202,
        "eval_f1": 0.7452471482889734,
        "eval_accuracy": 0.8519148936170213,
        "eval_runtime": 0.3313,
        "eval_samples_per_second": 301.822,
        "eval_steps_per_second": 39.237
    }
}