{
    "reconstructed_featural": {
        "eval_loss": 0.4231679439544678,
        "eval_model_preparation_time": 0.0282,
        "eval_precision": 0.708029197080292,
        "eval_recall": 0.751937984496124,
        "eval_f1": 0.7293233082706767,
        "eval_accuracy": 0.8757446808510638,
        "eval_runtime": 0.4256,
        "eval_samples_per_second": 234.967,
        "eval_steps_per_second": 30.546
    },
    "baseline_en": {
        "eval_loss": 0.4804733991622925,
        "eval_model_preparation_time": 0.0276,
        "eval_precision": 0.6783216783216783,
        "eval_recall": 0.751937984496124,
        "eval_f1": 0.7132352941176471,
        "eval_accuracy": 0.8723404255319149,
        "eval_runtime": 0.3261,
        "eval_samples_per_second": 306.62,
        "eval_steps_per_second": 39.861
    },
    "baseline_task_adapter": {
        "eval_loss": 0.32893845438957214,
        "eval_model_preparation_time": 0.0274,
        "eval_precision": 0.7313432835820896,
        "eval_recall": 0.7596899224806202,
        "eval_f1": 0.7452471482889734,
        "eval_accuracy": 0.894468085106383,
        "eval_runtime": 0.2826,
        "eval_samples_per_second": 353.857,
        "eval_steps_per_second": 46.001
    },
    "baseline_avg_adapter": {
        "eval_loss": 0.47493454813957214,
        "eval_model_preparation_time": 0.0282,
        "eval_precision": 0.6821705426356589,
        "eval_recall": 0.6821705426356589,
        "eval_f1": 0.6821705426356589,
        "eval_accuracy": 0.8680851063829788,
        "eval_runtime": 0.3231,
        "eval_samples_per_second": 309.476,
        "eval_steps_per_second": 40.232
    },
    "baseline_closest_featural": {
        "eval_loss": 0.581803560256958,
        "eval_model_preparation_time": 0.0275,
        "eval_precision": 0.6462585034013606,
        "eval_recall": 0.7364341085271318,
        "eval_f1": 0.6884057971014493,
        "eval_accuracy": 0.8502127659574468,
        "eval_runtime": 0.3206,
        "eval_samples_per_second": 311.869,
        "eval_steps_per_second": 40.543
    },
    "no_train_gain": {
        "eval_loss": 0.533316433429718,
        "eval_model_preparation_time": 0.0279,
        "eval_precision": 0.732824427480916,
        "eval_recall": 0.7441860465116279,
        "eval_f1": 0.7384615384615385,
        "eval_accuracy": 0.8706382978723404,
        "eval_runtime": 0.3231,
        "eval_samples_per_second": 309.516,
        "eval_steps_per_second": 40.237
    }
}