{
    "reconstructed_featural": {
        "eval_loss": 2.222323417663574,
        "eval_model_preparation_time": 0.0295,
        "eval_precision": 0.22053231939163498,
        "eval_recall": 0.4793388429752066,
        "eval_f1": 0.3020833333333333,
        "eval_accuracy": 0.7226450999048525,
        "eval_runtime": 0.425,
        "eval_samples_per_second": 235.289,
        "eval_steps_per_second": 30.588
    }
}