{
    "reconstructed_featural": {
        "eval_loss": 2.2208919525146484,
        "eval_model_preparation_time": 0.0298,
        "eval_precision": 0.22178988326848248,
        "eval_recall": 0.47107438016528924,
        "eval_f1": 0.30158730158730157,
        "eval_accuracy": 0.7207421503330161,
        "eval_runtime": 0.3954,
        "eval_samples_per_second": 252.882,
        "eval_steps_per_second": 32.875
    }
}