{
    "reconstructed_featural": {
        "eval_loss": 1.894145131111145,
        "eval_model_preparation_time": 0.0276,
        "eval_precision": 0.4708072882032185,
        "eval_recall": 0.6778362853039732,
        "eval_f1": 0.555664560687517,
        "eval_accuracy": 0.7815588790582312,
        "eval_runtime": 28.4517,
        "eval_samples_per_second": 351.473,
        "eval_steps_per_second": 43.934
    }
}