{
    "reconstructed_featural": {
        "eval_loss": 1.9907972812652588,
        "eval_model_preparation_time": 0.0296,
        "eval_precision": 0.4520771998691528,
        "eval_recall": 0.6615605552896122,
        "eval_f1": 0.537116206762534,
        "eval_accuracy": 0.772239292192648,
        "eval_runtime": 25.9335,
        "eval_samples_per_second": 385.602,
        "eval_steps_per_second": 48.2
    },
    "reconstructed_syntactic": {
        "eval_loss": 2.0225446224212646,
        "eval_model_preparation_time": 0.0291,
        "eval_precision": 0.44987663939748085,
        "eval_recall": 0.6633796074676879,
        "eval_f1": 0.5361550663519944,
        "eval_accuracy": 0.7672231888350054,
        "eval_runtime": 25.7067,
        "eval_samples_per_second": 389.003,
        "eval_steps_per_second": 48.625
    },
    "reconstructed_morphological": {
        "eval_loss": 2.140589952468872,
        "eval_model_preparation_time": 0.0294,
        "eval_precision": 0.4551562194246951,
        "eval_recall": 0.6680708472953566,
        "eval_f1": 0.5414338919925512,
        "eval_accuracy": 0.74540961759153,
        "eval_runtime": 26.5005,
        "eval_samples_per_second": 377.351,
        "eval_steps_per_second": 47.169
    }
}
