{
    "reconstructed_featural": {
        "eval_loss": 1.8972382545471191,
        "eval_model_preparation_time": 0.0288,
        "eval_precision": 0.46866286017793124,
        "eval_recall": 0.675825753949258,
        "eval_f1": 0.5534951189869448,
        "eval_accuracy": 0.7809665716506867,
        "eval_runtime": 28.1414,
        "eval_samples_per_second": 355.348,
        "eval_steps_per_second": 44.418
    }
}