{
    "reconstructed_featural": {
        "eval_loss": 2.8213770389556885,
        "eval_model_preparation_time": 0.0305,
        "eval_precision": 0.456,
        "eval_recall": 0.5229357798165137,
        "eval_f1": 0.4871794871794872,
        "eval_accuracy": 0.7015037593984963,
        "eval_runtime": 0.3235,
        "eval_samples_per_second": 309.141,
        "eval_steps_per_second": 40.188
    },
    "baseline_en": {
        "eval_loss": 6.262815475463867,
        "eval_model_preparation_time": 0.0324,
        "eval_precision": 0.3108108108108108,
        "eval_recall": 0.21100917431192662,
        "eval_f1": 0.25136612021857924,
        "eval_accuracy": 0.4774436090225564,
        "eval_runtime": 0.3537,
        "eval_samples_per_second": 282.731,
        "eval_steps_per_second": 36.755
    },
    "baseline_task_adapter": {
        "eval_loss": 2.259552240371704,
        "eval_model_preparation_time": 0.0286,
        "eval_precision": 0.42424242424242425,
        "eval_recall": 0.5137614678899083,
        "eval_f1": 0.46473029045643155,
        "eval_accuracy": 0.7022556390977444,
        "eval_runtime": 0.276,
        "eval_samples_per_second": 362.347,
        "eval_steps_per_second": 47.105
    },
    "baseline_avg_adapter": {
        "eval_loss": 3.875142812728882,
        "eval_model_preparation_time": 0.0314,
        "eval_precision": 0.2247191011235955,
        "eval_recall": 0.1834862385321101,
        "eval_f1": 0.20202020202020204,
        "eval_accuracy": 0.5646616541353383,
        "eval_runtime": 0.3095,
        "eval_samples_per_second": 323.062,
        "eval_steps_per_second": 41.998
    },
    "baseline_closest_featural": {
        "eval_loss": 6.542942523956299,
        "eval_model_preparation_time": 0.0285,
        "eval_precision": 0.17142857142857143,
        "eval_recall": 0.11009174311926606,
        "eval_f1": 0.1340782122905028,
        "eval_accuracy": 0.4421052631578947,
        "eval_runtime": 0.319,
        "eval_samples_per_second": 313.471,
        "eval_steps_per_second": 40.751
    },
    "no_train_gain": {
        "eval_loss": 2.656691312789917,
        "eval_model_preparation_time": 0.0305,
        "eval_precision": 0.5094339622641509,
        "eval_recall": 0.4954128440366973,
        "eval_f1": 0.5023255813953489,
        "eval_accuracy": 0.7338345864661654,
        "eval_runtime": 0.3247,
        "eval_samples_per_second": 307.974,
        "eval_steps_per_second": 40.037
    }
}
