{
    "reconstructed_featural": {
        "eval_loss": 2.7796761989593506,
        "eval_model_preparation_time": 0.0299,
        "eval_precision": 0.48360655737704916,
        "eval_recall": 0.5412844036697247,
        "eval_f1": 0.5108225108225108,
        "eval_accuracy": 0.7075187969924812,
        "eval_runtime": 0.3281,
        "eval_samples_per_second": 304.783,
        "eval_steps_per_second": 39.622
    }
}
