{
    "reconstructed_featural": {
        "eval_loss": 2.7767879962921143,
        "eval_model_preparation_time": 0.0283,
        "eval_precision": 0.47580645161290325,
        "eval_recall": 0.5412844036697247,
        "eval_f1": 0.5064377682403434,
        "eval_accuracy": 0.706766917293233,
        "eval_runtime": 0.3342,
        "eval_samples_per_second": 299.227,
        "eval_steps_per_second": 38.9
    }
}