{
    "reconstructed_featural": {
        "eval_loss": 1.5499778985977173,
        "eval_model_preparation_time": 0.0288,
        "eval_accuracy": 0.8572852760736196,
        "eval_precision_macro": 0.6945528257357133,
        "eval_recall_macro": 0.644256728799036,
        "eval_f1_macro": 0.6066172546672125,
        "eval_precision_micro": 0.8572852760736196,
        "eval_recall_micro": 0.8572852760736196,
        "eval_f1_micro": 0.8572852760736196,
        "eval_runtime": 5.643,
        "eval_samples_per_second": 188.019,
        "eval_steps_per_second": 23.569
    },
    "reconstructed_syntactic": {
        "eval_loss": 1.5499778985977173,
        "eval_model_preparation_time": 0.03,
        "eval_accuracy": 0.8572852760736196,
        "eval_precision_macro": 0.6945528257357133,
        "eval_recall_macro": 0.644256728799036,
        "eval_f1_macro": 0.6066172546672125,
        "eval_precision_micro": 0.8572852760736196,
        "eval_recall_micro": 0.8572852760736196,
        "eval_f1_micro": 0.8572852760736196,
        "eval_runtime": 5.6473,
        "eval_samples_per_second": 187.876,
        "eval_steps_per_second": 23.551
    },
    "reconstructed_morphological": {
        "eval_loss": 1.5499778985977173,
        "eval_model_preparation_time": 0.0302,
        "eval_accuracy": 0.8572852760736196,
        "eval_precision_macro": 0.6945528257357133,
        "eval_recall_macro": 0.644256728799036,
        "eval_f1_macro": 0.6066172546672125,
        "eval_precision_micro": 0.8572852760736196,
        "eval_recall_micro": 0.8572852760736196,
        "eval_f1_micro": 0.8572852760736196,
        "eval_runtime": 5.644,
        "eval_samples_per_second": 187.987,
        "eval_steps_per_second": 23.565
    }
}
