{
    "reconstructed_featural": {
        "eval_loss": 1.092849612236023,
        "eval_model_preparation_time": 0.0294,
        "eval_precision": 0.7092598967297763,
        "eval_recall": 0.8056620004692265,
        "eval_f1": 0.7543936731107206,
        "eval_accuracy": 0.8932752179327522,
        "eval_runtime": 28.5245,
        "eval_samples_per_second": 350.576,
        "eval_steps_per_second": 43.822
    },
    "reconstructed_syntactic": {
        "eval_loss": 1.0867578983306885,
        "eval_model_preparation_time": 0.0291,
        "eval_precision": 0.71147201105736,
        "eval_recall": 0.8051145694846328,
        "eval_f1": 0.7554022819826098,
        "eval_accuracy": 0.8940390203403902,
        "eval_runtime": 28.1788,
        "eval_samples_per_second": 354.877,
        "eval_steps_per_second": 44.36
    },
    "reconstructed_morphological": {
        "eval_loss": 1.1499103307724,
        "eval_model_preparation_time": 0.0292,
        "eval_precision": 0.711252357337431,
        "eval_recall": 0.7963556737311331,
        "eval_f1": 0.7514020070838253,
        "eval_accuracy": 0.8885346616853467,
        "eval_runtime": 29.5815,
        "eval_samples_per_second": 338.049,
        "eval_steps_per_second": 42.256
    }
}