{
    "reconstructed_featural": {
        "eval_loss": 3.5639686584472656,
        "eval_model_preparation_time": 0.0274,
        "eval_accuracy": 0.6687968047928108,
        "eval_precision_macro": 0.5832340695366673,
        "eval_recall_macro": 0.5559051900695067,
        "eval_f1_macro": 0.541225650450595,
        "eval_precision_micro": 0.6687968047928108,
        "eval_recall_micro": 0.6687968047928108,
        "eval_f1_micro": 0.6687968047928108,
        "eval_runtime": 5.8157,
        "eval_samples_per_second": 190.864,
        "eval_steps_per_second": 23.901
    }
}