{
    "reconstructed_featural": {
        "eval_loss": 3.513296127319336,
        "eval_model_preparation_time": 0.0298,
        "eval_accuracy": 0.673489765351972,
        "eval_precision_macro": 0.5902835211156598,
        "eval_recall_macro": 0.5605705921859581,
        "eval_f1_macro": 0.5452791596304741,
        "eval_precision_micro": 0.673489765351972,
        "eval_recall_micro": 0.673489765351972,
        "eval_f1_micro": 0.673489765351972,
        "eval_runtime": 5.8021,
        "eval_samples_per_second": 191.311,
        "eval_steps_per_second": 23.957
    },
    "reconstructed_syntactic": {
        "eval_loss": 3.4934825897216797,
        "eval_model_preparation_time": 0.0295,
        "eval_accuracy": 0.6761857214178731,
        "eval_precision_macro": 0.6259899004451848,
        "eval_recall_macro": 0.5974674458605915,
        "eval_f1_macro": 0.579491532637321,
        "eval_precision_micro": 0.6761857214178731,
        "eval_recall_micro": 0.6761857214178731,
        "eval_f1_micro": 0.6761857214178731,
        "eval_runtime": 5.7935,
        "eval_samples_per_second": 191.595,
        "eval_steps_per_second": 23.992
    },
    "reconstructed_morphological": {
        "eval_loss": 3.7123725414276123,
        "eval_model_preparation_time": 0.0295,
        "eval_accuracy": 0.6655017473789316,
        "eval_precision_macro": 0.5819826827893773,
        "eval_recall_macro": 0.5515774624031029,
        "eval_f1_macro": 0.538070303008857,
        "eval_precision_micro": 0.6655017473789316,
        "eval_recall_micro": 0.6655017473789316,
        "eval_f1_micro": 0.6655017473789316,
        "eval_runtime": 5.8136,
        "eval_samples_per_second": 190.933,
        "eval_steps_per_second": 23.91
    }
}
