{
    "reconstructed_featural": {
        "eval_loss": 3.5312130451202393,
        "eval_model_preparation_time": 0.0298,
        "eval_accuracy": 0.6710933599600599,
        "eval_precision_macro": 0.6190371957301262,
        "eval_recall_macro": 0.591333737122935,
        "eval_f1_macro": 0.574520537535102,
        "eval_precision_micro": 0.6710933599600599,
        "eval_recall_micro": 0.6710933599600599,
        "eval_f1_micro": 0.6710933599600599,
        "eval_runtime": 5.8702,
        "eval_samples_per_second": 189.091,
        "eval_steps_per_second": 23.679
    },
    "reconstructed_syntactic": {
        "eval_loss": 3.528286933898926,
        "eval_model_preparation_time": 0.029,
        "eval_accuracy": 0.671592611083375,
        "eval_precision_macro": 0.6195170631561491,
        "eval_recall_macro": 0.5908844757751315,
        "eval_f1_macro": 0.5747659194413992,
        "eval_precision_micro": 0.671592611083375,
        "eval_recall_micro": 0.671592611083375,
        "eval_f1_micro": 0.671592611083375,
        "eval_runtime": 5.8865,
        "eval_samples_per_second": 188.567,
        "eval_steps_per_second": 23.613
    },
    "reconstructed_morphological": {
        "eval_loss": 3.58799147605896,
        "eval_model_preparation_time": 0.0295,
        "eval_accuracy": 0.6694957563654518,
        "eval_precision_macro": 0.6193371535260983,
        "eval_recall_macro": 0.5899140081785622,
        "eval_f1_macro": 0.5737020440814943,
        "eval_precision_micro": 0.6694957563654518,
        "eval_recall_micro": 0.6694957563654518,
        "eval_f1_micro": 0.6694957563654518,
        "eval_runtime": 5.8799,
        "eval_samples_per_second": 188.779,
        "eval_steps_per_second": 23.64
    }
}
