{
    "reconstructed_featural": {
        "eval_loss": 3.5339653491973877,
        "eval_model_preparation_time": 0.0301,
        "eval_accuracy": 0.6710933599600599,
        "eval_precision_macro": 0.6200087378079844,
        "eval_recall_macro": 0.5910721127361954,
        "eval_f1_macro": 0.5751447411764894,
        "eval_precision_micro": 0.6710933599600599,
        "eval_recall_micro": 0.6710933599600599,
        "eval_f1_micro": 0.6710933599600599,
        "eval_runtime": 6.1161,
        "eval_samples_per_second": 181.488,
        "eval_steps_per_second": 22.727
    },
    "baseline_en": {
        "eval_loss": 3.994107246398926,
        "eval_model_preparation_time": 0.0282,
        "eval_accuracy": 0.6435346979530704,
        "eval_precision_macro": 0.5601062848857027,
        "eval_recall_macro": 0.5286432148407215,
        "eval_f1_macro": 0.5177868110632216,
        "eval_precision_micro": 0.6435346979530704,
        "eval_recall_micro": 0.6435346979530704,
        "eval_f1_micro": 0.6435346979530704,
        "eval_runtime": 6.1242,
        "eval_samples_per_second": 181.248,
        "eval_steps_per_second": 22.697
    },
    "baseline_task_adapter": {
        "eval_loss": 3.3811893463134766,
        "eval_model_preparation_time": 0.0276,
        "eval_accuracy": 0.6691962056914628,
        "eval_precision_macro": 0.5896203906283987,
        "eval_recall_macro": 0.5541045436715518,
        "eval_f1_macro": 0.54249844529262,
        "eval_precision_micro": 0.6691962056914628,
        "eval_recall_micro": 0.6691962056914628,
        "eval_f1_micro": 0.6691962056914628,
        "eval_runtime": 5.5885,
        "eval_samples_per_second": 198.622,
        "eval_steps_per_second": 24.873
    },
    "baseline_avg_adapter": {
        "eval_loss": 3.269620656967163,
        "eval_model_preparation_time": 0.0305,
        "eval_accuracy": 0.6395406889665501,
        "eval_precision_macro": 0.5786249429461614,
        "eval_recall_macro": 0.5265983541960962,
        "eval_f1_macro": 0.5221395614869008,
        "eval_precision_micro": 0.6395406889665501,
        "eval_recall_micro": 0.6395406889665501,
        "eval_f1_micro": 0.6395406889665501,
        "eval_runtime": 6.1331,
        "eval_samples_per_second": 180.984,
        "eval_steps_per_second": 22.664
    },
    "baseline_closest_featural": {
        "eval_loss": 3.474062919616699,
        "eval_model_preparation_time": 0.0285,
        "eval_accuracy": 0.6582126809785322,
        "eval_precision_macro": 0.5798007208627256,
        "eval_recall_macro": 0.5395823828217149,
        "eval_f1_macro": 0.5278942270390331,
        "eval_precision_micro": 0.6582126809785322,
        "eval_recall_micro": 0.6582126809785322,
        "eval_f1_micro": 0.6582126809785322,
        "eval_runtime": 6.1248,
        "eval_samples_per_second": 181.23,
        "eval_steps_per_second": 22.695
    },
    "no_train_gain": {
        "eval_loss": 3.494518518447876,
        "eval_model_preparation_time": 0.0298,
        "eval_accuracy": 0.6759860209685472,
        "eval_precision_macro": 0.6261952023604063,
        "eval_recall_macro": 0.596598317940632,
        "eval_f1_macro": 0.5805630829774284,
        "eval_precision_micro": 0.6759860209685472,
        "eval_recall_micro": 0.6759860209685472,
        "eval_f1_micro": 0.6759860209685472,
        "eval_runtime": 6.131,
        "eval_samples_per_second": 181.047,
        "eval_steps_per_second": 22.672
    }
}