{
    "reconstructed_featural": {
        "eval_loss": 2.1648807525634766,
        "eval_model_preparation_time": 0.0304,
        "eval_precision": 0.40372670807453415,
        "eval_recall": 0.6132075471698113,
        "eval_f1": 0.48689138576779023,
        "eval_accuracy": 0.7064676616915423,
        "eval_runtime": 0.3555,
        "eval_samples_per_second": 281.302,
        "eval_steps_per_second": 36.569
    },
    "baseline_en": {
        "eval_loss": 2.96317982673645,
        "eval_model_preparation_time": 0.029,
        "eval_precision": 0.3503184713375796,
        "eval_recall": 0.5188679245283019,
        "eval_f1": 0.41825095057034223,
        "eval_accuracy": 0.6597014925373135,
        "eval_runtime": 0.352,
        "eval_samples_per_second": 284.065,
        "eval_steps_per_second": 36.928
    },
    "baseline_task_adapter": {
        "eval_loss": 1.983231782913208,
        "eval_model_preparation_time": 0.0285,
        "eval_precision": 0.42105263157894735,
        "eval_recall": 0.6037735849056604,
        "eval_f1": 0.496124031007752,
        "eval_accuracy": 0.7293532338308458,
        "eval_runtime": 0.3019,
        "eval_samples_per_second": 331.193,
        "eval_steps_per_second": 43.055
    },
    "baseline_avg_adapter": {
        "eval_loss": 2.0306053161621094,
        "eval_model_preparation_time": 0.0309,
        "eval_precision": 0.45098039215686275,
        "eval_recall": 0.4339622641509434,
        "eval_f1": 0.4423076923076923,
        "eval_accuracy": 0.7343283582089553,
        "eval_runtime": 0.3575,
        "eval_samples_per_second": 279.733,
        "eval_steps_per_second": 36.365
    },
    "baseline_closest_featural": {
        "eval_loss": 2.4679250717163086,
        "eval_model_preparation_time": 0.0289,
        "eval_precision": 0.37857142857142856,
        "eval_recall": 0.5,
        "eval_f1": 0.43089430894308944,
        "eval_accuracy": 0.6945273631840796,
        "eval_runtime": 0.362,
        "eval_samples_per_second": 276.228,
        "eval_steps_per_second": 35.91
    },
    "no_train_gain": {
        "eval_loss": 2.5258758068084717,
        "eval_model_preparation_time": 0.0299,
        "eval_precision": 0.375,
        "eval_recall": 0.5660377358490566,
        "eval_f1": 0.4511278195488722,
        "eval_accuracy": 0.6885572139303483,
        "eval_runtime": 0.3705,
        "eval_samples_per_second": 269.9,
        "eval_steps_per_second": 35.087
    }
}
