{
    "reconstructed_featural": {
        "eval_loss": 1.4082154035568237,
        "eval_model_preparation_time": 0.0291,
        "eval_precision": 0.6239575435936315,
        "eval_recall": 0.7662942271880819,
        "eval_f1": 0.6878395319682407,
        "eval_accuracy": 0.8523669661368348,
        "eval_runtime": 2.9177,
        "eval_samples_per_second": 342.733,
        "eval_steps_per_second": 42.842
    }
}