{
    "reconstructed_featural": {
        "eval_loss": 1.4086692333221436,
        "eval_model_preparation_time": 0.0288,
        "eval_precision": 0.622154779969651,
        "eval_recall": 0.7635009310986964,
        "eval_f1": 0.68561872909699,
        "eval_accuracy": 0.8517622667588113,
        "eval_runtime": 2.9329,
        "eval_samples_per_second": 340.964,
        "eval_steps_per_second": 42.621
    }
}
