{
    "reconstructed_featural": {
        "eval_loss": 1.9579685926437378,
        "eval_model_preparation_time": 0.0307,
        "eval_precision": 0.4874319229157939,
        "eval_recall": 0.6029538780445672,
        "eval_f1": 0.5390733590733591,
        "eval_accuracy": 0.8001399289591438,
        "eval_runtime": 29.169,
        "eval_samples_per_second": 342.83,
        "eval_steps_per_second": 42.854
    },
    "reconstructed_syntactic": {
        "eval_loss": 1.9547406435012817,
        "eval_model_preparation_time": 0.0297,
        "eval_precision": 0.487908862175007,
        "eval_recall": 0.6029538780445672,
        "eval_f1": 0.5393649076721007,
        "eval_accuracy": 0.8004628419417834,
        "eval_runtime": 29.2569,
        "eval_samples_per_second": 341.8,
        "eval_steps_per_second": 42.725
    },
    "reconstructed_morphological": {
        "eval_loss": 1.966858148574829,
        "eval_model_preparation_time": 0.0311,
        "eval_precision": 0.48838998461323263,
        "eval_recall": 0.6031266194506824,
        "eval_f1": 0.5397279332199721,
        "eval_accuracy": 0.799663247889533,
        "eval_runtime": 30.0858,
        "eval_samples_per_second": 332.383,
        "eval_steps_per_second": 41.548
    }
}