{
    "reconstructed_featural": {
        "eval_loss": 1.332972526550293,
        "eval_model_preparation_time": 0.0297,
        "eval_accuracy": 0.873741353646791,
        "eval_precision_macro": 0.6814471669112281,
        "eval_recall_macro": 0.7020191222018621,
        "eval_f1_macro": 0.6600574593380087,
        "eval_precision_micro": 0.873741353646791,
        "eval_recall_micro": 0.873741353646791,
        "eval_f1_micro": 0.873741353646791,
        "eval_runtime": 2.8877,
        "eval_samples_per_second": 180.075,
        "eval_steps_per_second": 22.509
    },
    "baseline_en": {
        "eval_loss": 1.3872793912887573,
        "eval_model_preparation_time": 0.0296,
        "eval_accuracy": 0.873391121618072,
        "eval_precision_macro": 0.6412101734804965,
        "eval_recall_macro": 0.6621391824416333,
        "eval_f1_macro": 0.6217374045906195,
        "eval_precision_micro": 0.873391121618072,
        "eval_recall_micro": 0.873391121618072,
        "eval_f1_micro": 0.873391121618072,
        "eval_runtime": 2.8904,
        "eval_samples_per_second": 179.905,
        "eval_steps_per_second": 22.488
    },
    "baseline_task_adapter": {
        "eval_loss": 1.2655384540557861,
        "eval_model_preparation_time": 0.0283,
        "eval_accuracy": 0.876280535855004,
        "eval_precision_macro": 0.683681679072488,
        "eval_recall_macro": 0.704210954507987,
        "eval_f1_macro": 0.6628280101580982,
        "eval_precision_micro": 0.876280535855004,
        "eval_recall_micro": 0.876280535855004,
        "eval_f1_micro": 0.876280535855004,
        "eval_runtime": 2.6415,
        "eval_samples_per_second": 196.856,
        "eval_steps_per_second": 24.607
    },
    "baseline_avg_adapter": {
        "eval_loss": 1.082144856452942,
        "eval_model_preparation_time": 0.0297,
        "eval_accuracy": 0.8843358725155416,
        "eval_precision_macro": 0.7017305372783431,
        "eval_recall_macro": 0.7175217680944558,
        "eval_f1_macro": 0.6737422465486388,
        "eval_precision_micro": 0.8843358725155416,
        "eval_recall_micro": 0.8843358725155416,
        "eval_f1_micro": 0.8843358725155416,
        "eval_runtime": 2.8914,
        "eval_samples_per_second": 179.844,
        "eval_steps_per_second": 22.48
    },
    "baseline_closest_featural": {
        "eval_loss": 1.2785099744796753,
        "eval_model_preparation_time": 0.03,
        "eval_accuracy": 0.8748796077401279,
        "eval_precision_macro": 0.6851227878977358,
        "eval_recall_macro": 0.705010893147017,
        "eval_f1_macro": 0.6624057170712013,
        "eval_precision_micro": 0.8748796077401279,
        "eval_recall_micro": 0.8748796077401279,
        "eval_f1_micro": 0.8748796077401279,
        "eval_runtime": 2.9027,
        "eval_samples_per_second": 179.144,
        "eval_steps_per_second": 22.393
    },
    "no_train_gain": {
        "eval_loss": 1.3462642431259155,
        "eval_model_preparation_time": 0.0301,
        "eval_accuracy": 0.8724279835390947,
        "eval_precision_macro": 0.6388406517922318,
        "eval_recall_macro": 0.6573831599294627,
        "eval_f1_macro": 0.6188175344069526,
        "eval_precision_micro": 0.8724279835390947,
        "eval_recall_micro": 0.8724279835390947,
        "eval_f1_micro": 0.8724279835390947,
        "eval_runtime": 2.9067,
        "eval_samples_per_second": 178.895,
        "eval_steps_per_second": 22.362
    }
}
