{
    "reconstructed_featural": {
        "eval_loss": 2.515674591064453,
        "eval_model_preparation_time": 0.0289,
        "eval_precision": 0.27976190476190477,
        "eval_recall": 0.3949579831932773,
        "eval_f1": 0.32752613240418116,
        "eval_accuracy": 0.7122884473877852,
        "eval_runtime": 0.3375,
        "eval_samples_per_second": 296.278,
        "eval_steps_per_second": 38.516
    }
}
