{
    "reconstructed_featural": {
        "eval_loss": 2.5264697074890137,
        "eval_model_preparation_time": 0.0302,
        "eval_precision": 0.2787878787878788,
        "eval_recall": 0.3865546218487395,
        "eval_f1": 0.323943661971831,
        "eval_accuracy": 0.7093451066961001,
        "eval_runtime": 0.3203,
        "eval_samples_per_second": 312.241,
        "eval_steps_per_second": 40.591
    },
    "baseline_en": {
        "eval_loss": 2.948354721069336,
        "eval_model_preparation_time": 0.0285,
        "eval_precision": 0.34868421052631576,
        "eval_recall": 0.44537815126050423,
        "eval_f1": 0.3911439114391144,
        "eval_accuracy": 0.7137601177336277,
        "eval_runtime": 0.3222,
        "eval_samples_per_second": 310.403,
        "eval_steps_per_second": 40.352
    },
    "baseline_task_adapter": {
        "eval_loss": 2.326871871948242,
        "eval_model_preparation_time": 0.0293,
        "eval_precision": 0.30128205128205127,
        "eval_recall": 0.3949579831932773,
        "eval_f1": 0.3418181818181818,
        "eval_accuracy": 0.7277409860191317,
        "eval_runtime": 0.2989,
        "eval_samples_per_second": 334.507,
        "eval_steps_per_second": 43.486
    },
    "baseline_avg_adapter": {
        "eval_loss": 2.0866494178771973,
        "eval_model_preparation_time": 0.0306,
        "eval_precision": 0.44,
        "eval_recall": 0.3697478991596639,
        "eval_f1": 0.4018264840182649,
        "eval_accuracy": 0.7549668874172185,
        "eval_runtime": 0.3444,
        "eval_samples_per_second": 290.361,
        "eval_steps_per_second": 37.747
    },
    "baseline_closest_featural": {
        "eval_loss": 2.2484993934631348,
        "eval_model_preparation_time": 0.0289,
        "eval_precision": 0.32515337423312884,
        "eval_recall": 0.44537815126050423,
        "eval_f1": 0.375886524822695,
        "eval_accuracy": 0.7431935246504783,
        "eval_runtime": 0.3574,
        "eval_samples_per_second": 279.777,
        "eval_steps_per_second": 36.371
    },
    "no_train_gain": {
        "eval_loss": 2.5551581382751465,
        "eval_model_preparation_time": 0.0311,
        "eval_precision": 0.31137724550898205,
        "eval_recall": 0.4369747899159664,
        "eval_f1": 0.36363636363636365,
        "eval_accuracy": 0.7262693156732892,
        "eval_runtime": 0.3389,
        "eval_samples_per_second": 295.041,
        "eval_steps_per_second": 38.355
    }
}
