{
    "reconstructed_featural": {
        "eval_loss": 2.382514476776123,
        "eval_model_preparation_time": 0.0312,
        "eval_precision": 0.2914285714285714,
        "eval_recall": 0.42857142857142855,
        "eval_f1": 0.3469387755102041,
        "eval_accuracy": 0.7218543046357616,
        "eval_runtime": 0.3335,
        "eval_samples_per_second": 299.808,
        "eval_steps_per_second": 38.975
    },
    "reconstructed_syntactic": {
        "eval_loss": 2.472318410873413,
        "eval_model_preparation_time": 0.0314,
        "eval_precision": 0.27586206896551724,
        "eval_recall": 0.40336134453781514,
        "eval_f1": 0.32764505119453924,
        "eval_accuracy": 0.7167034584253127,
        "eval_runtime": 0.3309,
        "eval_samples_per_second": 302.208,
        "eval_steps_per_second": 39.287
    },
    "reconstructed_morphological": {
        "eval_loss": 2.3886592388153076,
        "eval_model_preparation_time": 0.03,
        "eval_precision": 0.29012345679012347,
        "eval_recall": 0.3949579831932773,
        "eval_f1": 0.33451957295373663,
        "eval_accuracy": 0.7240618101545254,
        "eval_runtime": 0.3518,
        "eval_samples_per_second": 284.281,
        "eval_steps_per_second": 36.957
    }
}
