{
    "reconstructed_featural": {
        "eval_loss": 0.5937034487724304,
        "eval_model_preparation_time": 0.0293,
        "eval_accuracy": 0.9306775253888044,
        "eval_precision_macro": 0.761896195798633,
        "eval_recall_macro": 0.8294263123678859,
        "eval_f1_macro": 0.7704274480130872,
        "eval_precision_micro": 0.9306775253888044,
        "eval_recall_micro": 0.9306775253888044,
        "eval_f1_micro": 0.9306775253888044,
        "eval_runtime": 6.4425,
        "eval_samples_per_second": 189.212,
        "eval_steps_per_second": 23.749
    },
    "reconstructed_syntactic": {
        "eval_loss": 0.593484103679657,
        "eval_model_preparation_time": 0.0291,
        "eval_accuracy": 0.9302359809645293,
        "eval_precision_macro": 0.7615455464031604,
        "eval_recall_macro": 0.829048027110603,
        "eval_f1_macro": 0.7700415840234307,
        "eval_precision_micro": 0.9302359809645293,
        "eval_recall_micro": 0.9302359809645293,
        "eval_f1_micro": 0.9302359809645293,
        "eval_runtime": 6.4489,
        "eval_samples_per_second": 189.025,
        "eval_steps_per_second": 23.725
    },
    "reconstructed_morphological": {
        "eval_loss": 0.6028467416763306,
        "eval_model_preparation_time": 0.029,
        "eval_accuracy": 0.9298434970318402,
        "eval_precision_macro": 0.7609645160804434,
        "eval_recall_macro": 0.8288169605937166,
        "eval_f1_macro": 0.7695362957477954,
        "eval_precision_micro": 0.9298434970318402,
        "eval_recall_micro": 0.9298434970318402,
        "eval_f1_micro": 0.9298434970318402,
        "eval_runtime": 6.4636,
        "eval_samples_per_second": 188.596,
        "eval_steps_per_second": 23.671
    }
}