{
    "reconstructed_featural": {
        "eval_loss": 0.6003531217575073,
        "eval_model_preparation_time": 0.0274,
        "eval_accuracy": 0.930530343914046,
        "eval_precision_macro": 0.7613878240722761,
        "eval_recall_macro": 0.8294777980980264,
        "eval_f1_macro": 0.7700889035967395,
        "eval_precision_micro": 0.930530343914046,
        "eval_recall_micro": 0.930530343914046,
        "eval_f1_micro": 0.930530343914046,
        "eval_runtime": 6.4878,
        "eval_samples_per_second": 187.89,
        "eval_steps_per_second": 23.583
    }
}