{
    "reconstructed_featural": {
        "eval_loss": 0.5966423153877258,
        "eval_model_preparation_time": 0.0284,
        "eval_accuracy": 0.9303341019477015,
        "eval_precision_macro": 0.7613382357340094,
        "eval_recall_macro": 0.82926579277229,
        "eval_f1_macro": 0.7700063080471008,
        "eval_precision_micro": 0.9303341019477015,
        "eval_recall_micro": 0.9303341019477015,
        "eval_f1_micro": 0.9303341019477015,
        "eval_runtime": 6.4796,
        "eval_samples_per_second": 188.129,
        "eval_steps_per_second": 23.613
    }
}
