{
    "reconstructed_featural": {
        "eval_loss": 2.795135974884033,
        "eval_model_preparation_time": 0.0302,
        "eval_precision": 0.5897239263803681,
        "eval_recall": 0.6440536013400335,
        "eval_f1": 0.6156925540432346,
        "eval_accuracy": 0.7670302760463046,
        "eval_runtime": 2.8332,
        "eval_samples_per_second": 352.958,
        "eval_steps_per_second": 44.12
    }
}