{
    "reconstructed_featural": {
        "eval_loss": 1.0762202739715576,
        "eval_model_preparation_time": 0.0323,
        "eval_precision": 0.6325727773406766,
        "eval_recall": 0.6733668341708543,
        "eval_f1": 0.6523326572008113,
        "eval_accuracy": 0.790293855743544,
        "eval_runtime": 3.7194,
        "eval_samples_per_second": 268.858,
        "eval_steps_per_second": 33.607
    },
    "baseline_en": {
        "eval_loss": 1.2625031471252441,
        "eval_model_preparation_time": 0.0276,
        "eval_precision": 0.591229444009397,
        "eval_recall": 0.6323283082077052,
        "eval_f1": 0.6110886280857952,
        "eval_accuracy": 0.7585707925200356,
        "eval_runtime": 3.0656,
        "eval_samples_per_second": 326.2,
        "eval_steps_per_second": 40.775
    },
    "baseline_task_adapter": {
        "eval_loss": 1.0327179431915283,
        "eval_model_preparation_time": 0.0315,
        "eval_precision": 0.5621662852784134,
        "eval_recall": 0.6172529313232831,
        "eval_f1": 0.5884231536926148,
        "eval_accuracy": 0.7762689225289403,
        "eval_runtime": 3.1073,
        "eval_samples_per_second": 321.821,
        "eval_steps_per_second": 40.228
    },
    "baseline_avg_adapter": {
        "eval_loss": 1.0475497245788574,
        "eval_model_preparation_time": 0.028,
        "eval_precision": 0.49573863636363635,
        "eval_recall": 0.5845896147403685,
        "eval_f1": 0.536510376633359,
        "eval_accuracy": 0.7671415850400712,
        "eval_runtime": 2.9598,
        "eval_samples_per_second": 337.858,
        "eval_steps_per_second": 42.232
    },
    "baseline_closest_featural": {
        "eval_loss": 0.4749544858932495,
        "eval_model_preparation_time": 0.0269,
        "eval_precision": 0.6903225806451613,
        "eval_recall": 0.7169179229480737,
        "eval_f1": 0.7033689400164339,
        "eval_accuracy": 0.8659839715048976,
        "eval_runtime": 2.9438,
        "eval_samples_per_second": 339.699,
        "eval_steps_per_second": 42.462
    },
    "no_train_gain": {
        "eval_loss": 1.0383601188659668,
        "eval_model_preparation_time": 0.0319,
        "eval_precision": 0.6179427687548337,
        "eval_recall": 0.669179229480737,
        "eval_f1": 0.6425412143144351,
        "eval_accuracy": 0.793633125556545,
        "eval_runtime": 3.548,
        "eval_samples_per_second": 281.849,
        "eval_steps_per_second": 35.231
    }
}
