{
    "reconstructed_featural": {
        "eval_loss": 2.0967886447906494,
        "eval_model_preparation_time": 0.0293,
        "eval_precision": 0.39072847682119205,
        "eval_recall": 0.42788074133763093,
        "eval_f1": 0.4084615384615385,
        "eval_accuracy": 0.7753254437869822,
        "eval_runtime": 3.052,
        "eval_samples_per_second": 327.658,
        "eval_steps_per_second": 40.957
    }
}