{
    "reconstructed_featural": {
        "eval_loss": 2.0976204872131348,
        "eval_model_preparation_time": 0.0291,
        "eval_precision": 0.39072847682119205,
        "eval_recall": 0.42788074133763093,
        "eval_f1": 0.4084615384615385,
        "eval_accuracy": 0.7749704142011834,
        "eval_runtime": 3.0162,
        "eval_samples_per_second": 331.542,
        "eval_steps_per_second": 41.443
    }
}
