{
    "reconstructed_featural": {
        "eval_loss": 2.1061489582061768,
        "eval_model_preparation_time": 0.0283,
        "eval_precision": 0.38872620790629575,
        "eval_recall": 0.42788074133763093,
        "eval_f1": 0.40736478711162255,
        "eval_accuracy": 0.7750887573964497,
        "eval_runtime": 3.0002,
        "eval_samples_per_second": 333.316,
        "eval_steps_per_second": 41.665
    }
}
