{
    "reconstructed_featural": {
        "eval_loss": 4.414002418518066,
        "eval_model_preparation_time": 0.0283,
        "eval_accuracy": 0.6042435424354243,
        "eval_precision_macro": 0.40525935644716504,
        "eval_recall_macro": 0.4593417848660723,
        "eval_f1_macro": 0.3885601654928308,
        "eval_precision_micro": 0.6042435424354243,
        "eval_recall_micro": 0.6042435424354243,
        "eval_f1_micro": 0.6042435424354243,
        "eval_runtime": 0.6545,
        "eval_samples_per_second": 183.357,
        "eval_steps_per_second": 22.92
    }
}