{
    "reconstructed_featural": {
        "eval_loss": 1.588059425354004,
        "eval_model_preparation_time": 0.0286,
        "eval_precision": 0.4041095890410959,
        "eval_recall": 0.45345858240819814,
        "eval_f1": 0.42736418511066404,
        "eval_accuracy": 0.8275789362711508,
        "eval_runtime": 3.0566,
        "eval_samples_per_second": 327.156,
        "eval_steps_per_second": 40.895
    }
}