{
    "reconstructed_syntactic": {
        "eval_loss": 1.576230764389038,
        "eval_model_preparation_time": 0.0284,
        "eval_precision": 0.400303260045489,
        "eval_recall": 0.45089666951323654,
        "eval_f1": 0.4240963855421686,
        "eval_accuracy": 0.8268936798271045,
        "eval_runtime": 4.1668,
        "eval_samples_per_second": 239.991,
        "eval_steps_per_second": 29.999
    },
    "reconstructed_morphological": {
        "eval_loss": 1.5801777839660645,
        "eval_model_preparation_time": 0.0278,
        "eval_precision": 0.4016768292682927,
        "eval_recall": 0.45004269854824935,
        "eval_f1": 0.42448650825614176,
        "eval_accuracy": 0.8268409677929471,
        "eval_runtime": 3.1403,
        "eval_samples_per_second": 318.437,
        "eval_steps_per_second": 39.805
    }
}
