{
    "reconstructed_featural": {
        "eval_loss": 1.2650960683822632,
        "eval_model_preparation_time": 0.0305,
        "eval_accuracy": 0.8737864077669902,
        "eval_precision_macro": 0.63152464263183,
        "eval_recall_macro": 0.5427845502294999,
        "eval_f1_macro": 0.5342734536449962,
        "eval_precision_micro": 0.8737864077669902,
        "eval_recall_micro": 0.8737864077669902,
        "eval_f1_micro": 0.8737864077669902,
        "eval_runtime": 0.8449,
        "eval_samples_per_second": 172.799,
        "eval_steps_per_second": 22.488
    },
    "baseline_en": {
        "eval_loss": 1.6073054075241089,
        "eval_model_preparation_time": 0.0291,
        "eval_accuracy": 0.8294036061026352,
        "eval_precision_macro": 0.5043375854646639,
        "eval_recall_macro": 0.4230786219768491,
        "eval_f1_macro": 0.4172357059870987,
        "eval_precision_micro": 0.8294036061026352,
        "eval_recall_micro": 0.8294036061026352,
        "eval_f1_micro": 0.8294036061026352,
        "eval_runtime": 0.8456,
        "eval_samples_per_second": 172.658,
        "eval_steps_per_second": 22.469
    },
    "baseline_task_adapter": {
        "eval_loss": 1.2818650007247925,
        "eval_model_preparation_time": 0.0304,
        "eval_accuracy": 0.8432732316227461,
        "eval_precision_macro": 0.501568289215348,
        "eval_recall_macro": 0.46889386240197684,
        "eval_f1_macro": 0.45251231146717763,
        "eval_precision_micro": 0.8432732316227461,
        "eval_recall_micro": 0.8432732316227461,
        "eval_f1_micro": 0.8432732316227461,
        "eval_runtime": 0.7727,
        "eval_samples_per_second": 188.948,
        "eval_steps_per_second": 24.589
    },
    "baseline_avg_adapter": {
        "eval_loss": 1.470670461654663,
        "eval_model_preparation_time": 0.0306,
        "eval_accuracy": 0.8183079056865464,
        "eval_precision_macro": 0.47201250842316145,
        "eval_recall_macro": 0.4533233745901605,
        "eval_f1_macro": 0.43759615386764017,
        "eval_precision_micro": 0.8183079056865464,
        "eval_recall_micro": 0.8183079056865464,
        "eval_f1_micro": 0.8183079056865464,
        "eval_runtime": 0.8456,
        "eval_samples_per_second": 172.654,
        "eval_steps_per_second": 22.469
    },
    "baseline_closest_featural": {
        "eval_loss": 1.8095747232437134,
        "eval_model_preparation_time": 0.0291,
        "eval_accuracy": 0.8044382801664355,
        "eval_precision_macro": 0.43550473214808055,
        "eval_recall_macro": 0.4014989255969921,
        "eval_f1_macro": 0.3946248402929805,
        "eval_precision_micro": 0.8044382801664355,
        "eval_recall_micro": 0.8044382801664355,
        "eval_f1_micro": 0.8044382801664355,
        "eval_runtime": 0.8483,
        "eval_samples_per_second": 172.099,
        "eval_steps_per_second": 22.396
    },
    "no_train_gain": {
        "eval_loss": 1.296086311340332,
        "eval_model_preparation_time": 0.0307,
        "eval_accuracy": 0.8821081830790569,
        "eval_precision_macro": 0.6326931003310251,
        "eval_recall_macro": 0.5547710169223155,
        "eval_f1_macro": 0.5415663374743107,
        "eval_precision_micro": 0.8821081830790569,
        "eval_recall_micro": 0.8821081830790569,
        "eval_f1_micro": 0.8821081830790569,
        "eval_runtime": 0.8481,
        "eval_samples_per_second": 172.144,
        "eval_steps_per_second": 22.402
    }
}