{
    "reconstructed_featural": {
        "eval_loss": 1.265527606010437,
        "eval_model_preparation_time": 0.0286,
        "eval_accuracy": 0.8737864077669902,
        "eval_precision_macro": 0.6315526380859157,
        "eval_recall_macro": 0.5427586054503678,
        "eval_f1_macro": 0.5342968716875485,
        "eval_precision_micro": 0.8737864077669902,
        "eval_recall_micro": 0.8737864077669902,
        "eval_f1_micro": 0.8737864077669902,
        "eval_runtime": 0.7941,
        "eval_samples_per_second": 183.846,
        "eval_steps_per_second": 23.925
    }
}