{
    "reconstructed_featural": {
        "eval_loss": 0.8681451678276062,
        "eval_model_preparation_time": 0.0276,
        "eval_precision": 0.2608695652173913,
        "eval_recall": 0.36,
        "eval_f1": 0.3025210084033614,
        "eval_accuracy": 0.7347328244274809,
        "eval_runtime": 0.3725,
        "eval_samples_per_second": 268.485,
        "eval_steps_per_second": 34.903
    },
    "baseline_en": {
        "eval_loss": 1.3424432277679443,
        "eval_model_preparation_time": 0.0268,
        "eval_precision": 0.24545454545454545,
        "eval_recall": 0.27,
        "eval_f1": 0.2571428571428571,
        "eval_accuracy": 0.6626908396946565,
        "eval_runtime": 0.3694,
        "eval_samples_per_second": 270.721,
        "eval_steps_per_second": 35.194
    },
    "baseline_task_adapter": {
        "eval_loss": 0.9944149851799011,
        "eval_model_preparation_time": 0.0269,
        "eval_precision": 0.20930232558139536,
        "eval_recall": 0.27,
        "eval_f1": 0.23580786026200873,
        "eval_accuracy": 0.7080152671755725,
        "eval_runtime": 0.3336,
        "eval_samples_per_second": 299.768,
        "eval_steps_per_second": 38.97
    },
    "baseline_avg_adapter": {
        "eval_loss": 1.5944076776504517,
        "eval_model_preparation_time": 0.0279,
        "eval_precision": 0.15714285714285714,
        "eval_recall": 0.11,
        "eval_f1": 0.12941176470588237,
        "eval_accuracy": 0.6374045801526718,
        "eval_runtime": 0.3675,
        "eval_samples_per_second": 272.12,
        "eval_steps_per_second": 35.376
    },
    "baseline_closest_featural": {
        "eval_loss": 1.1014437675476074,
        "eval_model_preparation_time": 0.0267,
        "eval_precision": 0.24509803921568626,
        "eval_recall": 0.25,
        "eval_f1": 0.2475247524752475,
        "eval_accuracy": 0.6803435114503816,
        "eval_runtime": 0.3703,
        "eval_samples_per_second": 270.048,
        "eval_steps_per_second": 35.106
    },
    "no_train_gain": {
        "eval_loss": 1.068731427192688,
        "eval_model_preparation_time": 0.0275,
        "eval_precision": 0.2077922077922078,
        "eval_recall": 0.32,
        "eval_f1": 0.25196850393700787,
        "eval_accuracy": 0.7032442748091603,
        "eval_runtime": 0.3699,
        "eval_samples_per_second": 270.363,
        "eval_steps_per_second": 35.147
    }
}