{
    "reconstructed_featural": {
        "eval_loss": 3.6412734985351562,
        "eval_model_preparation_time": 0.029,
        "eval_precision": 0.18831168831168832,
        "eval_recall": 0.29,
        "eval_f1": 0.2283464566929134,
        "eval_accuracy": 0.5925572519083969,
        "eval_runtime": 0.3629,
        "eval_samples_per_second": 275.569,
        "eval_steps_per_second": 35.824
    }
}
