{
    "reconstructed_featural": {
        "eval_loss": 8.383794784545898,
        "eval_model_preparation_time": 0.0304,
        "eval_precision": 0.00794243432217772,
        "eval_recall": 0.028274528757854037,
        "eval_f1": 0.0124012931262918,
        "eval_accuracy": 0.17582051357551456,
        "eval_runtime": 104.5051,
        "eval_samples_per_second": 95.689,
        "eval_steps_per_second": 11.961
    },
    "reconstructed_syntactic": {
        "eval_loss": 8.292194366455078,
        "eval_model_preparation_time": 0.0308,
        "eval_precision": 0.008097383818683166,
        "eval_recall": 0.029096181730304496,
        "eval_f1": 0.012669016678065977,
        "eval_accuracy": 0.1749451920219928,
        "eval_runtime": 104.5218,
        "eval_samples_per_second": 95.674,
        "eval_steps_per_second": 11.959
    },
    "reconstructed_morphological": {
        "eval_loss": 8.362696647644043,
        "eval_model_preparation_time": 0.0306,
        "eval_precision": 0.008306511686741907,
        "eval_recall": 0.028564523924601258,
        "eval_f1": 0.012870349198053114,
        "eval_accuracy": 0.17103301327437181,
        "eval_runtime": 104.5748,
        "eval_samples_per_second": 95.625,
        "eval_steps_per_second": 11.953
    }
}
