{
    "reconstructed_syntactic": {
        "eval_loss": 8.263002395629883,
        "eval_model_preparation_time": 0.0277,
        "eval_precision": 0.007944872314552088,
        "eval_recall": 0.028419526341227647,
        "eval_f1": 0.012418162618796198,
        "eval_accuracy": 0.17691533472349744,
        "eval_runtime": 108.6193,
        "eval_samples_per_second": 92.065,
        "eval_steps_per_second": 11.508
    },
    "reconstructed_morphological": {
        "eval_loss": 8.268329620361328,
        "eval_model_preparation_time": 0.0278,
        "eval_precision": 0.007954868298226388,
        "eval_recall": 0.028419526341227647,
        "eval_f1": 0.01243036984578308,
        "eval_accuracy": 0.17657136279803093,
        "eval_runtime": 109.4171,
        "eval_samples_per_second": 91.393,
        "eval_steps_per_second": 11.424
    }
}
