{
    "reconstructed_featural": {
        "exact_match": 54.95798319327731,
        "f1": 66.53698145925027
    }
}