{
    "reconstructed_featural": {
        "eval_loss": 2.9311182498931885,
        "eval_model_preparation_time": 0.03,
        "eval_precision": 0.34355828220858897,
        "eval_recall": 0.5333333333333333,
        "eval_f1": 0.417910447761194,
        "eval_accuracy": 0.6632530120481928,
        "eval_runtime": 0.3558,
        "eval_samples_per_second": 281.054,
        "eval_steps_per_second": 36.537
    },
    "reconstructed_syntactic": {
        "eval_loss": 2.817917823791504,
        "eval_model_preparation_time": 0.0307,
        "eval_precision": 0.3393939393939394,
        "eval_recall": 0.5333333333333333,
        "eval_f1": 0.4148148148148148,
        "eval_accuracy": 0.6692771084337349,
        "eval_runtime": 0.3463,
        "eval_samples_per_second": 288.807,
        "eval_steps_per_second": 37.545
    },
    "reconstructed_morphological": {
        "eval_loss": 2.8970389366149902,
        "eval_model_preparation_time": 0.0299,
        "eval_precision": 0.34782608695652173,
        "eval_recall": 0.5333333333333333,
        "eval_f1": 0.4210526315789474,
        "eval_accuracy": 0.6704819277108434,
        "eval_runtime": 0.3447,
        "eval_samples_per_second": 290.112,
        "eval_steps_per_second": 37.715
    }
}