{
    "reconstructed_featural": {
        "eval_loss": 2.3451054096221924,
        "eval_model_preparation_time": 0.0288,
        "eval_precision": 0.6222780569514238,
        "eval_recall": 0.718568665377176,
        "eval_f1": 0.6669658886894075,
        "eval_accuracy": 0.77431906614786,
        "eval_runtime": 2.8265,
        "eval_samples_per_second": 353.795,
        "eval_steps_per_second": 44.224
    }
}
