{
    "reconstructed_featural": {
        "eval_loss": 2.3750247955322266,
        "eval_model_preparation_time": 0.0288,
        "eval_precision": 0.6361301369863014,
        "eval_recall": 0.718568665377176,
        "eval_f1": 0.6748410535876476,
        "eval_accuracy": 0.774189364461738,
        "eval_runtime": 2.9122,
        "eval_samples_per_second": 343.383,
        "eval_steps_per_second": 42.923
    }
}