{
    "reconstructed_featural": {
        "eval_loss": 2.2180635929107666,
        "eval_model_preparation_time": 0.0298,
        "eval_precision": 0.6265664160401002,
        "eval_recall": 0.7253384912959381,
        "eval_f1": 0.6723442402510085,
        "eval_accuracy": 0.7804150453955901,
        "eval_runtime": 2.626,
        "eval_samples_per_second": 380.814,
        "eval_steps_per_second": 47.602
    },
    "reconstructed_syntactic": {
        "eval_loss": 2.2526462078094482,
        "eval_model_preparation_time": 0.0307,
        "eval_precision": 0.6298157453936348,
        "eval_recall": 0.7272727272727273,
        "eval_f1": 0.6750448833034112,
        "eval_accuracy": 0.7831387808041504,
        "eval_runtime": 2.6169,
        "eval_samples_per_second": 382.127,
        "eval_steps_per_second": 47.766
    },
    "reconstructed_morphological": {
        "eval_loss": 2.305962324142456,
        "eval_model_preparation_time": 0.0313,
        "eval_precision": 0.6232247284878863,
        "eval_recall": 0.7214700193423598,
        "eval_f1": 0.668758404303003,
        "eval_accuracy": 0.7686121919584955,
        "eval_runtime": 2.6411,
        "eval_samples_per_second": 378.633,
        "eval_steps_per_second": 47.329
    }
}
