{
    "reconstructed_featural": {
        "eval_loss": 3.846766948699951,
        "eval_model_preparation_time": 0.0273,
        "eval_accuracy": 0.6246830092983939,
        "eval_precision_macro": 0.5369370853294786,
        "eval_recall_macro": 0.5310802981660506,
        "eval_f1_macro": 0.4973387276659186,
        "eval_precision_micro": 0.6246830092983939,
        "eval_recall_micro": 0.6246830092983939,
        "eval_f1_micro": 0.6246830092983939,
        "eval_runtime": 0.5136,
        "eval_samples_per_second": 183.029,
        "eval_steps_per_second": 23.365
    }
}