{
    "reconstructed_featural": {
        "eval_loss": 6.134212017059326,
        "eval_model_preparation_time": 0.0282,
        "eval_accuracy": 0.43373493975903615,
        "eval_precision_macro": 0.2276113360323887,
        "eval_recall_macro": 0.24572649572649574,
        "eval_f1_macro": 0.18961268961268965,
        "eval_precision_micro": 0.43373493975903615,
        "eval_recall_micro": 0.43373493975903615,
        "eval_f1_micro": 0.43373493975903615,
        "eval_runtime": 0.0609,
        "eval_samples_per_second": 131.275,
        "eval_steps_per_second": 16.409
    }
}
