{
    "reconstructed_featural": {
        "eval_loss": 6.117517948150635,
        "eval_model_preparation_time": 0.0299,
        "eval_accuracy": 0.43373493975903615,
        "eval_precision_macro": 0.2276113360323887,
        "eval_recall_macro": 0.24572649572649574,
        "eval_f1_macro": 0.18961268961268965,
        "eval_precision_micro": 0.43373493975903615,
        "eval_recall_micro": 0.43373493975903615,
        "eval_f1_micro": 0.43373493975903615,
        "eval_runtime": 0.0645,
        "eval_samples_per_second": 123.946,
        "eval_steps_per_second": 15.493
    },
    "baseline_en": {
        "eval_loss": 6.068948268890381,
        "eval_model_preparation_time": 0.0284,
        "eval_accuracy": 0.46987951807228917,
        "eval_precision_macro": 0.21121212121212124,
        "eval_recall_macro": 0.21851851851851853,
        "eval_f1_macro": 0.176010101010101,
        "eval_precision_micro": 0.46987951807228917,
        "eval_recall_micro": 0.46987951807228917,
        "eval_f1_micro": 0.46987951807228917,
        "eval_runtime": 0.0646,
        "eval_samples_per_second": 123.775,
        "eval_steps_per_second": 15.472
    },
    "baseline_task_adapter": {
        "eval_loss": 6.071095943450928,
        "eval_model_preparation_time": 0.0295,
        "eval_accuracy": 0.39759036144578314,
        "eval_precision_macro": 0.28485042735042737,
        "eval_recall_macro": 0.2298941798941799,
        "eval_f1_macro": 0.19070056305350422,
        "eval_precision_micro": 0.39759036144578314,
        "eval_recall_micro": 0.39759036144578314,
        "eval_f1_micro": 0.39759036144578314,
        "eval_runtime": 0.0617,
        "eval_samples_per_second": 129.613,
        "eval_steps_per_second": 16.202
    },
    "baseline_avg_adapter": {
        "eval_loss": 5.470522880554199,
        "eval_model_preparation_time": 0.0308,
        "eval_accuracy": 0.4457831325301205,
        "eval_precision_macro": 0.08016194331983807,
        "eval_recall_macro": 0.1388888888888889,
        "eval_f1_macro": 0.1014852375301183,
        "eval_precision_micro": 0.4457831325301205,
        "eval_recall_micro": 0.4457831325301205,
        "eval_f1_micro": 0.4457831325301205,
        "eval_runtime": 0.0653,
        "eval_samples_per_second": 122.498,
        "eval_steps_per_second": 15.312
    },
    "baseline_closest_featural": {
        "eval_loss": 5.838517665863037,
        "eval_model_preparation_time": 0.0293,
        "eval_accuracy": 0.43373493975903615,
        "eval_precision_macro": 0.19117408906882594,
        "eval_recall_macro": 0.22863247863247865,
        "eval_f1_macro": 0.166050666050666,
        "eval_precision_micro": 0.43373493975903615,
        "eval_recall_micro": 0.43373493975903615,
        "eval_f1_micro": 0.43373493975903615,
        "eval_runtime": 0.0641,
        "eval_samples_per_second": 124.822,
        "eval_steps_per_second": 15.603
    },
    "no_train_gain": {
        "eval_loss": 5.940319061279297,
        "eval_model_preparation_time": 0.0294,
        "eval_accuracy": 0.4578313253012048,
        "eval_precision_macro": 0.2977777777777778,
        "eval_recall_macro": 0.25026455026455025,
        "eval_f1_macro": 0.21498575498575498,
        "eval_precision_micro": 0.4578313253012048,
        "eval_recall_micro": 0.4578313253012048,
        "eval_f1_micro": 0.4578313253012048,
        "eval_runtime": 0.0658,
        "eval_samples_per_second": 121.589,
        "eval_steps_per_second": 15.199
    }
}
