{
    "reconstructed_featural": {
        "eval_loss": 1.030319094657898,
        "eval_model_preparation_time": 0.0283,
        "eval_precision": 0.5879617669852751,
        "eval_recall": 0.6700522558327814,
        "eval_f1": 0.6263286436655087,
        "eval_accuracy": 0.8722995859992473,
        "eval_runtime": 29.3499,
        "eval_samples_per_second": 340.717,
        "eval_steps_per_second": 42.59
    }
}
