{
    "reconstructed_featural": {
        "eval_loss": 1.027178168296814,
        "eval_model_preparation_time": 0.0306,
        "eval_precision": 0.586340206185567,
        "eval_recall": 0.6697578567748583,
        "eval_f1": 0.6252791424743188,
        "eval_accuracy": 0.8726834776063229,
        "eval_runtime": 29.8641,
        "eval_samples_per_second": 334.85,
        "eval_steps_per_second": 41.856
    },
    "baseline_en": {
        "eval_loss": 1.2514666318893433,
        "eval_model_preparation_time": 0.0286,
        "eval_precision": 0.5845084278874533,
        "eval_recall": 0.6559211010524766,
        "eval_f1": 0.618159117708261,
        "eval_accuracy": 0.8590063981934513,
        "eval_runtime": 29.8344,
        "eval_samples_per_second": 335.183,
        "eval_steps_per_second": 41.898
    },
    "baseline_task_adapter": {
        "eval_loss": 1.045528531074524,
        "eval_model_preparation_time": 0.0288,
        "eval_precision": 0.5505153327395343,
        "eval_recall": 0.6368587620519615,
        "eval_f1": 0.5905476881078315,
        "eval_accuracy": 0.8646368084305608,
        "eval_runtime": 26.6159,
        "eval_samples_per_second": 375.715,
        "eval_steps_per_second": 46.964
    },
    "baseline_avg_adapter": {
        "eval_loss": 1.488881230354309,
        "eval_model_preparation_time": 0.03,
        "eval_precision": 0.5456349206349206,
        "eval_recall": 0.5262383160373887,
        "eval_f1": 0.5357611179798433,
        "eval_accuracy": 0.8163793752352277,
        "eval_runtime": 29.9364,
        "eval_samples_per_second": 334.041,
        "eval_steps_per_second": 41.755
    },
    "baseline_closest_featural": {
        "eval_loss": 1.3783692121505737,
        "eval_model_preparation_time": 0.0283,
        "eval_precision": 0.5470919324577861,
        "eval_recall": 0.6438507396776331,
        "eval_f1": 0.5915407242113805,
        "eval_accuracy": 0.8423259315016937,
        "eval_runtime": 31.7695,
        "eval_samples_per_second": 314.767,
        "eval_steps_per_second": 39.346
    },
    "no_train_gain": {
        "eval_loss": 1.111843228340149,
        "eval_model_preparation_time": 0.0296,
        "eval_precision": 0.5796534017971758,
        "eval_recall": 0.6646794730256863,
        "eval_f1": 0.6192614941543525,
        "eval_accuracy": 0.8664283025969138,
        "eval_runtime": 32.251,
        "eval_samples_per_second": 310.068,
        "eval_steps_per_second": 38.758
    }
}
