{
    "reconstructed_featural": {
        "eval_loss": 0.43127119541168213,
        "eval_model_preparation_time": 0.0284,
        "eval_precision": 0.56,
        "eval_recall": 0.6378155589902113,
        "eval_f1": 0.596380152776822,
        "eval_accuracy": 0.8748964998118178,
        "eval_runtime": 24.9302,
        "eval_samples_per_second": 401.12,
        "eval_steps_per_second": 50.14
    },
    "baseline_en": {
        "eval_loss": 0.534463107585907,
        "eval_model_preparation_time": 0.0274,
        "eval_precision": 0.5451560991309945,
        "eval_recall": 0.6233164053875028,
        "eval_f1": 0.5816221413364467,
        "eval_accuracy": 0.8558901016183665,
        "eval_runtime": 25.8219,
        "eval_samples_per_second": 387.268,
        "eval_steps_per_second": 48.409
    },
    "baseline_task_adapter": {
        "eval_loss": 0.4539625942707062,
        "eval_model_preparation_time": 0.0265,
        "eval_precision": 0.5314300680984809,
        "eval_recall": 0.5973356885257968,
        "eval_f1": 0.5624588516580616,
        "eval_accuracy": 0.8646593902898005,
        "eval_runtime": 21.3958,
        "eval_samples_per_second": 467.381,
        "eval_steps_per_second": 58.423
    },
    "baseline_avg_adapter": {
        "eval_loss": 0.5868274569511414,
        "eval_model_preparation_time": 0.0288,
        "eval_precision": 0.5043817609201698,
        "eval_recall": 0.5422094649297122,
        "eval_f1": 0.5226119958855034,
        "eval_accuracy": 0.8377493413624388,
        "eval_runtime": 25.4959,
        "eval_samples_per_second": 392.22,
        "eval_steps_per_second": 49.027
    },
    "baseline_closest_featural": {
        "eval_loss": 0.4595145881175995,
        "eval_model_preparation_time": 0.0271,
        "eval_precision": 0.5611925020792016,
        "eval_recall": 0.6456171340251711,
        "eval_f1": 0.6004517763022795,
        "eval_accuracy": 0.8747459540835529,
        "eval_runtime": 25.5623,
        "eval_samples_per_second": 391.202,
        "eval_steps_per_second": 48.9
    },
    "no_train_gain": {
        "eval_loss": 0.4673308730125427,
        "eval_model_preparation_time": 0.028,
        "eval_precision": 0.5527574115396876,
        "eval_recall": 0.6381099580481342,
        "eval_f1": 0.5923749658376606,
        "eval_accuracy": 0.8661573202860369,
        "eval_runtime": 25.6059,
        "eval_samples_per_second": 390.535,
        "eval_steps_per_second": 48.817
    }
}