{
    "reconstructed_featural": {
        "eval_loss": 3.1311745643615723,
        "eval_model_preparation_time": 0.0271,
        "eval_accuracy": 0.7165660552588808,
        "eval_precision_macro": 0.5341048657842089,
        "eval_recall_macro": 0.6077685029324167,
        "eval_f1_macro": 0.4845547266516681,
        "eval_precision_micro": 0.7165660552588808,
        "eval_recall_micro": 0.7165660552588808,
        "eval_f1_micro": 0.7165660552588808,
        "eval_runtime": 5.338,
        "eval_samples_per_second": 187.337,
        "eval_steps_per_second": 23.417
    }
}