{
    "reconstructed_featural": {
        "eval_loss": 3.1294710636138916,
        "eval_model_preparation_time": 0.0286,
        "eval_accuracy": 0.7163338750870676,
        "eval_precision_macro": 0.5384878294358715,
        "eval_recall_macro": 0.6074578198289067,
        "eval_f1_macro": 0.48558235820091283,
        "eval_precision_micro": 0.7163338750870676,
        "eval_recall_micro": 0.7163338750870676,
        "eval_f1_micro": 0.7163338750870676,
        "eval_runtime": 5.244,
        "eval_samples_per_second": 190.696,
        "eval_steps_per_second": 23.837
    },
    "reconstructed_syntactic": {
        "eval_loss": 3.1255414485931396,
        "eval_model_preparation_time": 0.0292,
        "eval_accuracy": 0.7163338750870676,
        "eval_precision_macro": 0.5379831719392199,
        "eval_recall_macro": 0.6076591248331483,
        "eval_f1_macro": 0.4857822140367505,
        "eval_precision_micro": 0.7163338750870676,
        "eval_recall_micro": 0.7163338750870676,
        "eval_f1_micro": 0.7163338750870676,
        "eval_runtime": 5.253,
        "eval_samples_per_second": 190.368,
        "eval_steps_per_second": 23.796
    },
    "reconstructed_morphological": {
        "eval_loss": 3.1334617137908936,
        "eval_model_preparation_time": 0.0289,
        "eval_accuracy": 0.7162758300441142,
        "eval_precision_macro": 0.5361347391954983,
        "eval_recall_macro": 0.6037755941839141,
        "eval_f1_macro": 0.4842808576144198,
        "eval_precision_micro": 0.7162758300441142,
        "eval_recall_micro": 0.7162758300441142,
        "eval_f1_micro": 0.7162758300441142,
        "eval_runtime": 5.2411,
        "eval_samples_per_second": 190.8,
        "eval_steps_per_second": 23.85
    }
}