{
    "reconstructed_featural": {
        "eval_loss": 3.129678249359131,
        "eval_model_preparation_time": 0.0299,
        "eval_accuracy": 0.7159856048293476,
        "eval_precision_macro": 0.5378439527003633,
        "eval_recall_macro": 0.6075083136367438,
        "eval_f1_macro": 0.4855036748888391,
        "eval_precision_micro": 0.7159856048293476,
        "eval_recall_micro": 0.7159856048293476,
        "eval_f1_micro": 0.7159856048293476,
        "eval_runtime": 5.6973,
        "eval_samples_per_second": 175.52,
        "eval_steps_per_second": 21.94
    },
    "baseline_en": {
        "eval_loss": 3.073392629623413,
        "eval_model_preparation_time": 0.0284,
        "eval_accuracy": 0.7214418388669608,
        "eval_precision_macro": 0.5321600695150431,
        "eval_recall_macro": 0.6217408504836593,
        "eval_f1_macro": 0.4991240633789141,
        "eval_precision_micro": 0.7214418388669608,
        "eval_recall_micro": 0.7214418388669608,
        "eval_f1_micro": 0.7214418388669608,
        "eval_runtime": 5.7106,
        "eval_samples_per_second": 175.113,
        "eval_steps_per_second": 21.889
    },
    "baseline_task_adapter": {
        "eval_loss": 3.064699649810791,
        "eval_model_preparation_time": 0.029,
        "eval_accuracy": 0.7156373345716276,
        "eval_precision_macro": 0.5227418158891273,
        "eval_recall_macro": 0.6060644079982661,
        "eval_f1_macro": 0.48732266049581097,
        "eval_precision_micro": 0.7156373345716276,
        "eval_recall_micro": 0.7156373345716276,
        "eval_f1_micro": 0.7156373345716276,
        "eval_runtime": 5.2273,
        "eval_samples_per_second": 191.303,
        "eval_steps_per_second": 23.913
    },
    "baseline_avg_adapter": {
        "eval_loss": 2.7080166339874268,
        "eval_model_preparation_time": 0.0301,
        "eval_accuracy": 0.7187717668911074,
        "eval_precision_macro": 0.5128065319799633,
        "eval_recall_macro": 0.5941503108677161,
        "eval_f1_macro": 0.48052878828888396,
        "eval_precision_micro": 0.7187717668911074,
        "eval_recall_micro": 0.7187717668911074,
        "eval_f1_micro": 0.7187717668911074,
        "eval_runtime": 5.7122,
        "eval_samples_per_second": 175.063,
        "eval_steps_per_second": 21.883
    },
    "baseline_closest_featural": {
        "eval_loss": 3.2246594429016113,
        "eval_model_preparation_time": 0.0292,
        "eval_accuracy": 0.7142442535407476,
        "eval_precision_macro": 0.5243977111883525,
        "eval_recall_macro": 0.6157426484075684,
        "eval_f1_macro": 0.4737536304042174,
        "eval_precision_micro": 0.7142442535407476,
        "eval_recall_micro": 0.7142442535407476,
        "eval_f1_micro": 0.7142442535407476,
        "eval_runtime": 5.7184,
        "eval_samples_per_second": 174.873,
        "eval_steps_per_second": 21.859
    },
    "no_train_gain": {
        "eval_loss": 3.089114189147949,
        "eval_model_preparation_time": 0.0314,
        "eval_accuracy": 0.7177269561179476,
        "eval_precision_macro": 0.5332025804587196,
        "eval_recall_macro": 0.6134823101132926,
        "eval_f1_macro": 0.48676173030192704,
        "eval_precision_micro": 0.7177269561179476,
        "eval_recall_micro": 0.7177269561179476,
        "eval_f1_micro": 0.7177269561179476,
        "eval_runtime": 5.7171,
        "eval_samples_per_second": 174.915,
        "eval_steps_per_second": 21.864
    }
}
