{
    "reconstructed_featural": {
        "exact_match": 51.42857142857143,
        "f1": 67.00328150354335
    }
}
