{
    "reconstructed_syntactic": {
        "exact_match": 51.51260504201681,
        "f1": 67.0954638310198
    },
    "reconstructed_morphological": {
        "exact_match": 51.51260504201681,
        "f1": 67.06785278660203
    }
}
