{
    "reconstructed_featural": {
        "exact_match": 51.680672268907564,
        "f1": 67.22391521157203
    },
    "reconstructed_syntactic": {
        "exact_match": 51.42857142857143,
        "f1": 67.13801418449452
    },
    "reconstructed_morphological": {
        "exact_match": 51.680672268907564,
        "f1": 67.15170881777013
    }
}