{
    "reconstructed_featural": {
        "eval_loss": 2.5978517532348633,
        "eval_model_preparation_time": 0.0291,
        "eval_precision": 0.29797979797979796,
        "eval_recall": 0.5462962962962963,
        "eval_f1": 0.3856209150326797,
        "eval_accuracy": 0.7085377821393523,
        "eval_runtime": 0.5382,
        "eval_samples_per_second": 185.81,
        "eval_steps_per_second": 24.155
    }
}