{
    "reconstructed_featural": {
        "eval_loss": 1.0924873352050781,
        "eval_model_preparation_time": 0.0277,
        "eval_precision": 0.31216931216931215,
        "eval_recall": 0.5462962962962963,
        "eval_f1": 0.3973063973063973,
        "eval_accuracy": 0.7473012757605496,
        "eval_runtime": 0.5192,
        "eval_samples_per_second": 192.595,
        "eval_steps_per_second": 25.037
    },
    "baseline_en": {
        "eval_loss": 2.235919237136841,
        "eval_model_preparation_time": 0.0266,
        "eval_precision": 0.13559322033898305,
        "eval_recall": 0.07407407407407407,
        "eval_f1": 0.09580838323353293,
        "eval_accuracy": 0.6952894995093228,
        "eval_runtime": 0.4963,
        "eval_samples_per_second": 201.48,
        "eval_steps_per_second": 26.192
    },
    "baseline_task_adapter": {
        "eval_loss": 1.1153948307037354,
        "eval_model_preparation_time": 0.027,
        "eval_precision": 0.2393617021276596,
        "eval_recall": 0.4166666666666667,
        "eval_f1": 0.3040540540540541,
        "eval_accuracy": 0.719332679097154,
        "eval_runtime": 0.4423,
        "eval_samples_per_second": 226.115,
        "eval_steps_per_second": 29.395
    },
    "baseline_avg_adapter": {
        "eval_loss": 1.109100103378296,
        "eval_model_preparation_time": 0.0285,
        "eval_precision": 0.2348993288590604,
        "eval_recall": 0.32407407407407407,
        "eval_f1": 0.2723735408560311,
        "eval_accuracy": 0.7522080471050049,
        "eval_runtime": 0.4925,
        "eval_samples_per_second": 203.032,
        "eval_steps_per_second": 26.394
    },
    "baseline_closest_featural": {
        "eval_loss": 1.8983337879180908,
        "eval_model_preparation_time": 0.0267,
        "eval_precision": 0.11594202898550725,
        "eval_recall": 0.07407407407407407,
        "eval_f1": 0.0903954802259887,
        "eval_accuracy": 0.6810598626104023,
        "eval_runtime": 0.4886,
        "eval_samples_per_second": 204.647,
        "eval_steps_per_second": 26.604
    },
    "no_train_gain": {
        "eval_loss": 1.4336352348327637,
        "eval_model_preparation_time": 0.0277,
        "eval_precision": 0.25842696629213485,
        "eval_recall": 0.42592592592592593,
        "eval_f1": 0.32167832167832167,
        "eval_accuracy": 0.677134445534838,
        "eval_runtime": 0.4912,
        "eval_samples_per_second": 203.568,
        "eval_steps_per_second": 26.464
    }
}