{
    "reconstructed_featural": {
        "eval_loss": 2.614288330078125,
        "eval_model_preparation_time": 0.0306,
        "eval_precision": 0.2946859903381642,
        "eval_recall": 0.5648148148148148,
        "eval_f1": 0.38730158730158726,
        "eval_accuracy": 0.7100098135426889,
        "eval_runtime": 0.501,
        "eval_samples_per_second": 199.595,
        "eval_steps_per_second": 25.947
    },
    "reconstructed_syntactic": {
        "eval_loss": 2.6174819469451904,
        "eval_model_preparation_time": 0.0305,
        "eval_precision": 0.2932692307692308,
        "eval_recall": 0.5648148148148148,
        "eval_f1": 0.3860759493670886,
        "eval_accuracy": 0.7100098135426889,
        "eval_runtime": 0.4939,
        "eval_samples_per_second": 202.479,
        "eval_steps_per_second": 26.322
    },
    "reconstructed_morphological": {
        "eval_loss": 2.5857269763946533,
        "eval_model_preparation_time": 0.0307,
        "eval_precision": 0.30456852791878175,
        "eval_recall": 0.5555555555555556,
        "eval_f1": 0.3934426229508197,
        "eval_accuracy": 0.71099116781158,
        "eval_runtime": 0.4952,
        "eval_samples_per_second": 201.955,
        "eval_steps_per_second": 26.254
    }
}