{
    "reconstructed_featural": {
        "eval_loss": 2.5946359634399414,
        "eval_model_preparation_time": 0.0292,
        "eval_precision": 0.30612244897959184,
        "eval_recall": 0.5555555555555556,
        "eval_f1": 0.3947368421052632,
        "eval_accuracy": 0.7090284592737979,
        "eval_runtime": 0.5591,
        "eval_samples_per_second": 178.86,
        "eval_steps_per_second": 23.252
    }
}
