{
    "reconstructed_featural": {
        "eval_loss": 2.3288378715515137,
        "eval_model_preparation_time": 0.0298,
        "eval_accuracy": 0.7547918683446273,
        "eval_precision_macro": 0.46204829043385204,
        "eval_recall_macro": 0.4963872557182256,
        "eval_f1_macro": 0.43687089320370137,
        "eval_precision_micro": 0.7547918683446273,
        "eval_recall_micro": 0.7547918683446273,
        "eval_f1_micro": 0.7547918683446273,
        "eval_runtime": 5.1764,
        "eval_samples_per_second": 173.866,
        "eval_steps_per_second": 21.83
    },
    "baseline_en": {
        "eval_loss": 2.5967907905578613,
        "eval_model_preparation_time": 0.031,
        "eval_accuracy": 0.7060019361084221,
        "eval_precision_macro": 0.40938441016294974,
        "eval_recall_macro": 0.40684801218970634,
        "eval_f1_macro": 0.36829644303601317,
        "eval_precision_micro": 0.7060019361084221,
        "eval_recall_micro": 0.7060019361084221,
        "eval_f1_micro": 0.7060019361084221,
        "eval_runtime": 5.1655,
        "eval_samples_per_second": 174.233,
        "eval_steps_per_second": 21.876
    },
    "baseline_task_adapter": {
        "eval_loss": 2.3412280082702637,
        "eval_model_preparation_time": 0.0282,
        "eval_accuracy": 0.7403678606001937,
        "eval_precision_macro": 0.45670948426752467,
        "eval_recall_macro": 0.47794078495719927,
        "eval_f1_macro": 0.41766798722685317,
        "eval_precision_micro": 0.7403678606001937,
        "eval_recall_micro": 0.7403678606001937,
        "eval_f1_micro": 0.7403678606001937,
        "eval_runtime": 4.7441,
        "eval_samples_per_second": 189.71,
        "eval_steps_per_second": 23.819
    },
    "baseline_avg_adapter": {
        "eval_loss": 2.2821614742279053,
        "eval_model_preparation_time": 0.0303,
        "eval_accuracy": 0.7174249757986447,
        "eval_precision_macro": 0.44371223761000517,
        "eval_recall_macro": 0.47818029267577833,
        "eval_f1_macro": 0.41627940623604237,
        "eval_precision_micro": 0.7174249757986447,
        "eval_recall_micro": 0.7174249757986447,
        "eval_f1_micro": 0.7174249757986447,
        "eval_runtime": 5.178,
        "eval_samples_per_second": 173.813,
        "eval_steps_per_second": 21.823
    },
    "baseline_closest_featural": {
        "eval_loss": 2.5612661838531494,
        "eval_model_preparation_time": 0.031,
        "eval_accuracy": 0.6754114230396903,
        "eval_precision_macro": 0.396075300454954,
        "eval_recall_macro": 0.41171798179888836,
        "eval_f1_macro": 0.3640003297654959,
        "eval_precision_micro": 0.6754114230396903,
        "eval_recall_micro": 0.6754114230396903,
        "eval_f1_micro": 0.6754114230396903,
        "eval_runtime": 5.1844,
        "eval_samples_per_second": 173.597,
        "eval_steps_per_second": 21.796
    },
    "no_train_gain": {
        "eval_loss": 2.358872890472412,
        "eval_model_preparation_time": 0.0302,
        "eval_accuracy": 0.7442400774443368,
        "eval_precision_macro": 0.4529317757983147,
        "eval_recall_macro": 0.4791616894788576,
        "eval_f1_macro": 0.4240080482835687,
        "eval_precision_micro": 0.7442400774443368,
        "eval_recall_micro": 0.7442400774443368,
        "eval_f1_micro": 0.7442400774443368,
        "eval_runtime": 5.184,
        "eval_samples_per_second": 173.61,
        "eval_steps_per_second": 21.798
    }
}
