{
    "reconstructed_featural": {
        "eval_loss": 2.3291501998901367,
        "eval_model_preparation_time": 0.0276,
        "eval_accuracy": 0.7551790900290416,
        "eval_precision_macro": 0.46360910889239115,
        "eval_recall_macro": 0.5002853889447274,
        "eval_f1_macro": 0.43975242891382144,
        "eval_precision_micro": 0.7551790900290416,
        "eval_recall_micro": 0.7551790900290416,
        "eval_f1_micro": 0.7551790900290416,
        "eval_runtime": 4.763,
        "eval_samples_per_second": 188.956,
        "eval_steps_per_second": 23.724
    }
}
