{
    "reconstructed_featural": {
        "eval_loss": 1.319827914237976,
        "eval_model_preparation_time": 0.0286,
        "eval_precision": 0.5651371632427112,
        "eval_recall": 0.6847007973768537,
        "eval_f1": 0.6192000539138053,
        "eval_accuracy": 0.8394891737838727,
        "eval_runtime": 31.029,
        "eval_samples_per_second": 322.279,
        "eval_steps_per_second": 40.285
    }
}
