{
    "reconstructed_featural": {
        "eval_loss": 1.3064402341842651,
        "eval_model_preparation_time": 0.0272,
        "eval_precision": 0.57445750170988,
        "eval_recall": 0.6885013786422237,
        "eval_f1": 0.626330418276727,
        "eval_accuracy": 0.840890906722736,
        "eval_runtime": 30.5771,
        "eval_samples_per_second": 327.043,
        "eval_steps_per_second": 40.88
    }
}