{
    "reconstructed_featural": {
        "eval_loss": 1.5637481212615967,
        "eval_model_preparation_time": 0.0276,
        "eval_accuracy": 0.8589363970152789,
        "eval_precision_macro": 0.6442416474194969,
        "eval_recall_macro": 0.6853077164586798,
        "eval_f1_macro": 0.6241728978356627,
        "eval_precision_micro": 0.8589363970152789,
        "eval_recall_micro": 0.8589363970152789,
        "eval_f1_micro": 0.8589363970152789,
        "eval_runtime": 4.7376,
        "eval_samples_per_second": 188.281,
        "eval_steps_per_second": 23.641
    }
}
