{
    "reconstructed_featural": {
        "eval_loss": 1.561140775680542,
        "eval_model_preparation_time": 0.0305,
        "eval_accuracy": 0.8591140589837736,
        "eval_precision_macro": 0.644396449225855,
        "eval_recall_macro": 0.6821339914613764,
        "eval_f1_macro": 0.6239351466641083,
        "eval_precision_micro": 0.8591140589837736,
        "eval_recall_micro": 0.8591140589837736,
        "eval_f1_micro": 0.8591140589837736,
        "eval_runtime": 5.1218,
        "eval_samples_per_second": 174.158,
        "eval_steps_per_second": 21.867
    },
    "baseline_en": {
        "eval_loss": 1.5655533075332642,
        "eval_model_preparation_time": 0.0284,
        "eval_accuracy": 0.8581665284851356,
        "eval_precision_macro": 0.6417586702696654,
        "eval_recall_macro": 0.6730068110300704,
        "eval_f1_macro": 0.6171796917098391,
        "eval_precision_micro": 0.8581665284851356,
        "eval_recall_micro": 0.8581665284851356,
        "eval_f1_micro": 0.8581665284851356,
        "eval_runtime": 5.1247,
        "eval_samples_per_second": 174.058,
        "eval_steps_per_second": 21.855
    },
    "baseline_task_adapter": {
        "eval_loss": 1.5008572340011597,
        "eval_model_preparation_time": 0.0287,
        "eval_accuracy": 0.8588179557029492,
        "eval_precision_macro": 0.640647609909389,
        "eval_recall_macro": 0.6702796166064595,
        "eval_f1_macro": 0.617578408392647,
        "eval_precision_micro": 0.8588179557029492,
        "eval_recall_micro": 0.8588179557029492,
        "eval_f1_micro": 0.8588179557029492,
        "eval_runtime": 4.6899,
        "eval_samples_per_second": 190.195,
        "eval_steps_per_second": 23.881
    },
    "baseline_avg_adapter": {
        "eval_loss": 1.2907259464263916,
        "eval_model_preparation_time": 0.0315,
        "eval_accuracy": 0.8645623593509416,
        "eval_precision_macro": 0.6394248068626448,
        "eval_recall_macro": 0.6605591756130912,
        "eval_f1_macro": 0.6139597658405558,
        "eval_precision_micro": 0.8645623593509416,
        "eval_recall_micro": 0.8645623593509416,
        "eval_f1_micro": 0.8645623593509416,
        "eval_runtime": 5.116,
        "eval_samples_per_second": 174.354,
        "eval_steps_per_second": 21.892
    },
    "baseline_closest_featural": {
        "eval_loss": 1.5303232669830322,
        "eval_model_preparation_time": 0.0296,
        "eval_accuracy": 0.8550278337083975,
        "eval_precision_macro": 0.6412316223933863,
        "eval_recall_macro": 0.6661495777428299,
        "eval_f1_macro": 0.6133256277383775,
        "eval_precision_micro": 0.8550278337083975,
        "eval_recall_micro": 0.8550278337083975,
        "eval_f1_micro": 0.8550278337083975,
        "eval_runtime": 5.1299,
        "eval_samples_per_second": 173.883,
        "eval_steps_per_second": 21.833
    },
    "no_train_gain": {
        "eval_loss": 1.576048731803894,
        "eval_model_preparation_time": 0.0301,
        "eval_accuracy": 0.8591140589837736,
        "eval_precision_macro": 0.640536062674719,
        "eval_recall_macro": 0.6725068099308728,
        "eval_f1_macro": 0.6178485809307648,
        "eval_precision_micro": 0.8591140589837736,
        "eval_recall_micro": 0.8591140589837736,
        "eval_f1_micro": 0.8591140589837736,
        "eval_runtime": 5.1353,
        "eval_samples_per_second": 173.7,
        "eval_steps_per_second": 21.81
    }
}
