{
    "reconstructed_featural": {
        "eval_loss": 1.5656707286834717,
        "eval_model_preparation_time": 0.0273,
        "eval_accuracy": 0.8591732796399384,
        "eval_precision_macro": 0.6451117099247928,
        "eval_recall_macro": 0.6851207771941403,
        "eval_f1_macro": 0.6247899394770124,
        "eval_precision_micro": 0.8591732796399384,
        "eval_recall_micro": 0.8591732796399384,
        "eval_f1_micro": 0.8591732796399384,
        "eval_runtime": 4.8106,
        "eval_samples_per_second": 185.422,
        "eval_steps_per_second": 23.282
    }
}