{
    "reconstructed_featural": {
        "eval_loss": 1.6155937910079956,
        "eval_model_preparation_time": 0.0269,
        "eval_precision": 0.5800316957210776,
        "eval_recall": 0.7240356083086054,
        "eval_f1": 0.644082710074791,
        "eval_accuracy": 0.8168656576102284,
        "eval_runtime": 3.1165,
        "eval_samples_per_second": 320.875,
        "eval_steps_per_second": 40.109
    }
}
