{
    "reconstructed_featural": {
        "eval_loss": 1.6362632513046265,
        "eval_model_preparation_time": 0.0305,
        "eval_precision": 0.5767700875099443,
        "eval_recall": 0.7171117705242335,
        "eval_f1": 0.6393298059964727,
        "eval_accuracy": 0.8155494970386387,
        "eval_runtime": 2.6978,
        "eval_samples_per_second": 370.678,
        "eval_steps_per_second": 46.335
    },
    "reconstructed_syntactic": {
        "eval_loss": 1.6471142768859863,
        "eval_model_preparation_time": 0.0302,
        "eval_precision": 0.5670588235294117,
        "eval_recall": 0.7151335311572701,
        "eval_f1": 0.6325459317585301,
        "eval_accuracy": 0.8141393249976497,
        "eval_runtime": 2.7357,
        "eval_samples_per_second": 365.533,
        "eval_steps_per_second": 45.692
    },
    "reconstructed_morphological": {
        "eval_loss": 1.6116570234298706,
        "eval_model_preparation_time": 0.0309,
        "eval_precision": 0.5736925515055468,
        "eval_recall": 0.7161226508407518,
        "eval_f1": 0.6370435547734272,
        "eval_accuracy": 0.8165836232020306,
        "eval_runtime": 2.6949,
        "eval_samples_per_second": 371.068,
        "eval_steps_per_second": 46.383
    }
}