{
    "reconstructed_featural": {
        "eval_loss": 2.0828263759613037,
        "eval_model_preparation_time": 0.0302,
        "eval_precision": 0.4846153846153846,
        "eval_recall": 0.5163934426229508,
        "eval_f1": 0.5,
        "eval_accuracy": 0.7446975648075412,
        "eval_runtime": 1.345,
        "eval_samples_per_second": 74.349,
        "eval_steps_per_second": 9.665
    },
    "reconstructed_syntactic": {
        "eval_loss": 2.094099998474121,
        "eval_model_preparation_time": 0.0305,
        "eval_precision": 0.4921875,
        "eval_recall": 0.5163934426229508,
        "eval_f1": 0.504,
        "eval_accuracy": 0.7415553809897879,
        "eval_runtime": 1.3436,
        "eval_samples_per_second": 74.425,
        "eval_steps_per_second": 9.675
    },
    "reconstructed_morphological": {
        "eval_loss": 2.127809762954712,
        "eval_model_preparation_time": 0.0307,
        "eval_precision": 0.46616541353383456,
        "eval_recall": 0.5081967213114754,
        "eval_f1": 0.48627450980392156,
        "eval_accuracy": 0.7384131971720346,
        "eval_runtime": 1.3456,
        "eval_samples_per_second": 74.317,
        "eval_steps_per_second": 9.661
    }
}
