{
    "reconstructed_featural": {
        "eval_loss": 2.0201873779296875,
        "eval_model_preparation_time": 0.03,
        "eval_precision": 0.45864661654135336,
        "eval_recall": 0.5,
        "eval_f1": 0.4784313725490196,
        "eval_accuracy": 0.7376276512175962,
        "eval_runtime": 0.3231,
        "eval_samples_per_second": 309.53,
        "eval_steps_per_second": 40.239
    },
    "reconstructed_syntactic": {
        "eval_loss": 2.0192151069641113,
        "eval_model_preparation_time": 0.0295,
        "eval_precision": 0.45864661654135336,
        "eval_recall": 0.5,
        "eval_f1": 0.4784313725490196,
        "eval_accuracy": 0.7376276512175962,
        "eval_runtime": 0.3073,
        "eval_samples_per_second": 325.429,
        "eval_steps_per_second": 42.306
    },
    "reconstructed_morphological": {
        "eval_loss": 2.25343918800354,
        "eval_model_preparation_time": 0.0307,
        "eval_precision": 0.4485294117647059,
        "eval_recall": 0.5,
        "eval_f1": 0.47286821705426363,
        "eval_accuracy": 0.7368421052631579,
        "eval_runtime": 0.3036,
        "eval_samples_per_second": 329.333,
        "eval_steps_per_second": 42.813
    }
}