{
    "reconstructed_featural": {
        "eval_loss": 1.992466926574707,
        "eval_model_preparation_time": 0.0301,
        "eval_precision": 0.49242424242424243,
        "eval_recall": 0.5327868852459017,
        "eval_f1": 0.5118110236220472,
        "eval_accuracy": 0.7509819324430479,
        "eval_runtime": 0.3646,
        "eval_samples_per_second": 274.253,
        "eval_steps_per_second": 35.653
    },
    "baseline_en": {
        "eval_loss": 2.57243013381958,
        "eval_model_preparation_time": 0.0288,
        "eval_precision": 0.49242424242424243,
        "eval_recall": 0.5327868852459017,
        "eval_f1": 0.5118110236220472,
        "eval_accuracy": 0.7164179104477612,
        "eval_runtime": 0.3653,
        "eval_samples_per_second": 273.765,
        "eval_steps_per_second": 35.589
    },
    "baseline_task_adapter": {
        "eval_loss": 1.7135727405548096,
        "eval_model_preparation_time": 0.0296,
        "eval_precision": 0.5078125,
        "eval_recall": 0.5327868852459017,
        "eval_f1": 0.52,
        "eval_accuracy": 0.7808326787117046,
        "eval_runtime": 0.3405,
        "eval_samples_per_second": 293.661,
        "eval_steps_per_second": 38.176
    },
    "baseline_avg_adapter": {
        "eval_loss": 2.814316987991333,
        "eval_model_preparation_time": 0.0304,
        "eval_precision": 0.5384615384615384,
        "eval_recall": 0.3442622950819672,
        "eval_f1": 0.41999999999999993,
        "eval_accuracy": 0.7101335428122545,
        "eval_runtime": 0.3875,
        "eval_samples_per_second": 258.057,
        "eval_steps_per_second": 33.547
    },
    "baseline_closest_featural": {
        "eval_loss": 2.0043272972106934,
        "eval_model_preparation_time": 0.0289,
        "eval_precision": 0.5132743362831859,
        "eval_recall": 0.47540983606557374,
        "eval_f1": 0.49361702127659574,
        "eval_accuracy": 0.7423409269442263,
        "eval_runtime": 0.3719,
        "eval_samples_per_second": 268.914,
        "eval_steps_per_second": 34.959
    },
    "no_train_gain": {
        "eval_loss": 2.0706024169921875,
        "eval_model_preparation_time": 0.0303,
        "eval_precision": 0.4701492537313433,
        "eval_recall": 0.5163934426229508,
        "eval_f1": 0.4921875,
        "eval_accuracy": 0.7399842890809112,
        "eval_runtime": 0.3941,
        "eval_samples_per_second": 253.736,
        "eval_steps_per_second": 32.986
    }
}