{
    "reconstructed_featural": {
        "eval_loss": 0.5516480803489685,
        "eval_model_preparation_time": 0.0278,
        "eval_precision": 0.5913688469318948,
        "eval_recall": 0.6981866430782839,
        "eval_f1": 0.6403537238357944,
        "eval_accuracy": 0.83362235709998,
        "eval_runtime": 25.6792,
        "eval_samples_per_second": 389.42,
        "eval_steps_per_second": 48.678
    },
    "baseline_en": {
        "eval_loss": 0.6576707363128662,
        "eval_model_preparation_time": 0.0267,
        "eval_precision": 0.582674019020219,
        "eval_recall": 0.6449358690844759,
        "eval_f1": 0.6122260475270803,
        "eval_accuracy": 0.8224171279930634,
        "eval_runtime": 26.4787,
        "eval_samples_per_second": 377.662,
        "eval_steps_per_second": 47.208
    },
    "baseline_task_adapter": {
        "eval_loss": 0.6597106456756592,
        "eval_model_preparation_time": 0.0269,
        "eval_precision": 0.48912167606768736,
        "eval_recall": 0.5906236178682,
        "eval_f1": 0.5351017791312711,
        "eval_accuracy": 0.7954378710064697,
        "eval_runtime": 22.2062,
        "eval_samples_per_second": 450.325,
        "eval_steps_per_second": 56.291
    },
    "baseline_avg_adapter": {
        "eval_loss": 0.8453589677810669,
        "eval_model_preparation_time": 0.0283,
        "eval_precision": 0.4593806634622961,
        "eval_recall": 0.5157010172490049,
        "eval_f1": 0.4859143190531755,
        "eval_accuracy": 0.7519286778274306,
        "eval_runtime": 27.125,
        "eval_samples_per_second": 368.664,
        "eval_steps_per_second": 46.083
    },
    "baseline_closest_featural": {
        "eval_loss": 0.5259807705879211,
        "eval_model_preparation_time": 0.0268,
        "eval_precision": 0.6191086645049393,
        "eval_recall": 0.7262273330384785,
        "eval_f1": 0.6684034844907596,
        "eval_accuracy": 0.8504302007603548,
        "eval_runtime": 27.7619,
        "eval_samples_per_second": 360.206,
        "eval_steps_per_second": 45.026
    },
    "no_train_gain": {
        "eval_loss": 0.5823421478271484,
        "eval_model_preparation_time": 0.0278,
        "eval_precision": 0.5690833457138612,
        "eval_recall": 0.6776647501105706,
        "eval_f1": 0.618645778657084,
        "eval_accuracy": 0.8254074123479846,
        "eval_runtime": 29.5738,
        "eval_samples_per_second": 338.137,
        "eval_steps_per_second": 42.267
    }
}
