{
    "reconstructed_featural": {
        "eval_loss": 1.5828156471252441,
        "eval_model_preparation_time": 0.0281,
        "eval_precision": 0.600439493824354,
        "eval_recall": 0.7009287925696595,
        "eval_f1": 0.6468043425026528,
        "eval_accuracy": 0.8237844327352765,
        "eval_runtime": 33.0802,
        "eval_samples_per_second": 302.296,
        "eval_steps_per_second": 37.787
    }
}
