{
    "reconstructed_featural": {
        "eval_loss": 1.6106679439544678,
        "eval_model_preparation_time": 0.0306,
        "eval_precision": 0.5887393820942645,
        "eval_recall": 0.6927908005307386,
        "eval_f1": 0.6365409622886865,
        "eval_accuracy": 0.8191822850663643,
        "eval_runtime": 26.3161,
        "eval_samples_per_second": 379.995,
        "eval_steps_per_second": 47.499
    },
    "reconstructed_syntactic": {
        "eval_loss": 1.600957989692688,
        "eval_model_preparation_time": 0.0305,
        "eval_precision": 0.5921012963521254,
        "eval_recall": 0.6949137549756745,
        "eval_f1": 0.6394009685427094,
        "eval_accuracy": 0.8203383801329509,
        "eval_runtime": 26.2932,
        "eval_samples_per_second": 380.326,
        "eval_steps_per_second": 47.541
    },
    "reconstructed_morphological": {
        "eval_loss": 1.5069822072982788,
        "eval_model_preparation_time": 0.0307,
        "eval_precision": 0.6117531535614472,
        "eval_recall": 0.7164086687306501,
        "eval_f1": 0.6599576271186441,
        "eval_accuracy": 0.8306765379399276,
        "eval_runtime": 26.2957,
        "eval_samples_per_second": 380.291,
        "eval_steps_per_second": 47.536
    }
}