{
    "reconstructed_featural": {
        "eval_loss": 4.388599395751953,
        "eval_model_preparation_time": 0.0355,
        "eval_accuracy": 0.6504391468005019,
        "eval_precision_macro": 0.380874426822561,
        "eval_recall_macro": 0.4028353889155606,
        "eval_f1_macro": 0.3561563929889882,
        "eval_precision_micro": 0.6504391468005019,
        "eval_recall_micro": 0.6504391468005019,
        "eval_f1_micro": 0.6504391468005019,
        "eval_runtime": 4.1915,
        "eval_samples_per_second": 190.861,
        "eval_steps_per_second": 23.858
    },
    "reconstructed_syntactic": {
        "eval_loss": 4.388861179351807,
        "eval_model_preparation_time": 0.0303,
        "eval_accuracy": 0.6503554997908825,
        "eval_precision_macro": 0.38053956235717257,
        "eval_recall_macro": 0.40282091378383683,
        "eval_f1_macro": 0.3557138868142473,
        "eval_precision_micro": 0.6503554997908825,
        "eval_recall_micro": 0.6503554997908825,
        "eval_f1_micro": 0.6503554997908825,
        "eval_runtime": 4.1211,
        "eval_samples_per_second": 194.123,
        "eval_steps_per_second": 24.265
    },
    "reconstructed_morphological": {
        "eval_loss": 4.422321796417236,
        "eval_model_preparation_time": 0.0305,
        "eval_accuracy": 0.6497699707235466,
        "eval_precision_macro": 0.37731276093515975,
        "eval_recall_macro": 0.4033262151058763,
        "eval_f1_macro": 0.3555480118325579,
        "eval_precision_micro": 0.6497699707235466,
        "eval_recall_micro": 0.6497699707235466,
        "eval_f1_micro": 0.6497699707235466,
        "eval_runtime": 4.1174,
        "eval_samples_per_second": 194.299,
        "eval_steps_per_second": 24.287
    }
}