{
    "reconstructed_featural": {
        "eval_loss": 4.408738613128662,
        "eval_model_preparation_time": 0.0292,
        "eval_accuracy": 0.6524466750313677,
        "eval_precision_macro": 0.3770523008201707,
        "eval_recall_macro": 0.4023909553590591,
        "eval_f1_macro": 0.355160931843449,
        "eval_precision_micro": 0.6524466750313677,
        "eval_recall_micro": 0.6524466750313677,
        "eval_f1_micro": 0.6524466750313677,
        "eval_runtime": 4.6178,
        "eval_samples_per_second": 173.242,
        "eval_steps_per_second": 21.655
    },
    "baseline_en": {
        "eval_loss": 4.657176971435547,
        "eval_model_preparation_time": 0.0329,
        "eval_accuracy": 0.6476787954830615,
        "eval_precision_macro": 0.3750513817613618,
        "eval_recall_macro": 0.4079110480076021,
        "eval_f1_macro": 0.35168574198958824,
        "eval_precision_micro": 0.6476787954830615,
        "eval_recall_micro": 0.6476787954830615,
        "eval_f1_micro": 0.6476787954830615,
        "eval_runtime": 4.6362,
        "eval_samples_per_second": 172.556,
        "eval_steps_per_second": 21.57
    },
    "baseline_task_adapter": {
        "eval_loss": 4.198083400726318,
        "eval_model_preparation_time": 0.0281,
        "eval_accuracy": 0.6510246758678377,
        "eval_precision_macro": 0.3712605996202668,
        "eval_recall_macro": 0.3941919224191486,
        "eval_f1_macro": 0.355244192333425,
        "eval_precision_micro": 0.6510246758678377,
        "eval_recall_micro": 0.6510246758678377,
        "eval_f1_micro": 0.6510246758678377,
        "eval_runtime": 4.2311,
        "eval_samples_per_second": 189.078,
        "eval_steps_per_second": 23.635
    },
    "baseline_avg_adapter": {
        "eval_loss": 3.849797248840332,
        "eval_model_preparation_time": 0.0308,
        "eval_accuracy": 0.6414889167712254,
        "eval_precision_macro": 0.3866834880037276,
        "eval_recall_macro": 0.40713526034048997,
        "eval_f1_macro": 0.36343763630446485,
        "eval_precision_micro": 0.6414889167712254,
        "eval_recall_micro": 0.6414889167712254,
        "eval_f1_micro": 0.6414889167712254,
        "eval_runtime": 4.6215,
        "eval_samples_per_second": 173.104,
        "eval_steps_per_second": 21.638
    },
    "baseline_closest_featural": {
        "eval_loss": 4.360436916351318,
        "eval_model_preparation_time": 0.0309,
        "eval_accuracy": 0.643245503973233,
        "eval_precision_macro": 0.37644715204383616,
        "eval_recall_macro": 0.409807934603011,
        "eval_f1_macro": 0.3555049960154473,
        "eval_precision_micro": 0.643245503973233,
        "eval_recall_micro": 0.643245503973233,
        "eval_f1_micro": 0.643245503973233,
        "eval_runtime": 4.6297,
        "eval_samples_per_second": 172.796,
        "eval_steps_per_second": 21.599
    },
    "no_train_gain": {
        "eval_loss": 4.488265514373779,
        "eval_model_preparation_time": 0.033,
        "eval_accuracy": 0.6500209117524048,
        "eval_precision_macro": 0.3721029360927413,
        "eval_recall_macro": 0.39344542215371553,
        "eval_f1_macro": 0.3528439062323515,
        "eval_precision_micro": 0.6500209117524048,
        "eval_recall_micro": 0.6500209117524048,
        "eval_f1_micro": 0.6500209117524048,
        "eval_runtime": 4.6286,
        "eval_samples_per_second": 172.84,
        "eval_steps_per_second": 21.605
    }
}