{
    "reconstructed_featural": {
        "exact_match": 52.6890756302521,
        "f1": 72.95317868582188
    }
}
