{
    "reconstructed_featural": {
        "eval_loss": 1.4243459701538086,
        "eval_model_preparation_time": 0.0307,
        "eval_precision": 0.5838509316770186,
        "eval_recall": 0.7121212121212122,
        "eval_f1": 0.6416382252559727,
        "eval_accuracy": 0.8443344334433444,
        "eval_runtime": 0.392,
        "eval_samples_per_second": 255.092,
        "eval_steps_per_second": 33.162
    },
    "baseline_en": {
        "eval_loss": 1.8415805101394653,
        "eval_model_preparation_time": 0.0285,
        "eval_precision": 0.5855263157894737,
        "eval_recall": 0.6742424242424242,
        "eval_f1": 0.6267605633802817,
        "eval_accuracy": 0.806930693069307,
        "eval_runtime": 0.382,
        "eval_samples_per_second": 261.801,
        "eval_steps_per_second": 34.034
    },
    "baseline_task_adapter": {
        "eval_loss": 1.3462443351745605,
        "eval_model_preparation_time": 0.0281,
        "eval_precision": 0.5933333333333334,
        "eval_recall": 0.6742424242424242,
        "eval_f1": 0.6312056737588653,
        "eval_accuracy": 0.8498349834983498,
        "eval_runtime": 0.3512,
        "eval_samples_per_second": 284.765,
        "eval_steps_per_second": 37.02
    },
    "baseline_avg_adapter": {
        "eval_loss": 1.9604343175888062,
        "eval_model_preparation_time": 0.0303,
        "eval_precision": 0.5377358490566038,
        "eval_recall": 0.4318181818181818,
        "eval_f1": 0.4789915966386555,
        "eval_accuracy": 0.8014301430143014,
        "eval_runtime": 0.385,
        "eval_samples_per_second": 259.768,
        "eval_steps_per_second": 33.77
    },
    "baseline_closest_featural": {
        "eval_loss": 1.8107383251190186,
        "eval_model_preparation_time": 0.0288,
        "eval_precision": 0.547945205479452,
        "eval_recall": 0.6060606060606061,
        "eval_f1": 0.5755395683453237,
        "eval_accuracy": 0.8195819581958196,
        "eval_runtime": 0.3822,
        "eval_samples_per_second": 261.66,
        "eval_steps_per_second": 34.016
    },
    "no_train_gain": {
        "eval_loss": 1.4880200624465942,
        "eval_model_preparation_time": 0.0299,
        "eval_precision": 0.5849056603773585,
        "eval_recall": 0.7045454545454546,
        "eval_f1": 0.6391752577319587,
        "eval_accuracy": 0.8426842684268426,
        "eval_runtime": 0.3693,
        "eval_samples_per_second": 270.755,
        "eval_steps_per_second": 35.198
    }
}
