{
    "reconstructed_featural": {
        "eval_loss": 1.4162211418151855,
        "eval_model_preparation_time": 0.0309,
        "eval_precision": 0.5974842767295597,
        "eval_recall": 0.7196969696969697,
        "eval_f1": 0.6529209621993126,
        "eval_accuracy": 0.845984598459846,
        "eval_runtime": 0.3191,
        "eval_samples_per_second": 313.403,
        "eval_steps_per_second": 40.742
    },
    "reconstructed_syntactic": {
        "eval_loss": 1.4162211418151855,
        "eval_model_preparation_time": 0.0305,
        "eval_precision": 0.5974842767295597,
        "eval_recall": 0.7196969696969697,
        "eval_f1": 0.6529209621993126,
        "eval_accuracy": 0.845984598459846,
        "eval_runtime": 0.3157,
        "eval_samples_per_second": 316.753,
        "eval_steps_per_second": 41.178
    },
    "reconstructed_morphological": {
        "eval_loss": 1.4371811151504517,
        "eval_model_preparation_time": 0.0303,
        "eval_precision": 0.5911949685534591,
        "eval_recall": 0.7121212121212122,
        "eval_f1": 0.6460481099656357,
        "eval_accuracy": 0.8454345434543454,
        "eval_runtime": 0.3143,
        "eval_samples_per_second": 318.191,
        "eval_steps_per_second": 41.365
    }
}
