{
    "reconstructed_featural": {
        "eval_loss": 2.558811902999878,
        "eval_model_preparation_time": 0.0315,
        "eval_precision": 0.4513888888888889,
        "eval_recall": 0.6372549019607843,
        "eval_f1": 0.5284552845528455,
        "eval_accuracy": 0.756007393715342,
        "eval_runtime": 0.3736,
        "eval_samples_per_second": 267.638,
        "eval_steps_per_second": 34.793
    },
    "baseline_en": {
        "eval_loss": 2.5281012058258057,
        "eval_model_preparation_time": 0.03,
        "eval_precision": 0.5511811023622047,
        "eval_recall": 0.6862745098039216,
        "eval_f1": 0.611353711790393,
        "eval_accuracy": 0.7643253234750462,
        "eval_runtime": 0.3739,
        "eval_samples_per_second": 267.458,
        "eval_steps_per_second": 34.77
    },
    "baseline_task_adapter": {
        "eval_loss": 3.5615618228912354,
        "eval_model_preparation_time": 0.0299,
        "eval_precision": 0.38571428571428573,
        "eval_recall": 0.5294117647058824,
        "eval_f1": 0.4462809917355372,
        "eval_accuracy": 0.6903881700554528,
        "eval_runtime": 0.3426,
        "eval_samples_per_second": 291.887,
        "eval_steps_per_second": 37.945
    },
    "baseline_avg_adapter": {
        "eval_loss": 4.068816184997559,
        "eval_model_preparation_time": 0.0304,
        "eval_precision": 0.43434343434343436,
        "eval_recall": 0.4215686274509804,
        "eval_f1": 0.427860696517413,
        "eval_accuracy": 0.6404805914972274,
        "eval_runtime": 0.3953,
        "eval_samples_per_second": 253.004,
        "eval_steps_per_second": 32.891
    },
    "baseline_closest_featural": {
        "eval_loss": 2.177619695663452,
        "eval_model_preparation_time": 0.0286,
        "eval_precision": 0.5275590551181102,
        "eval_recall": 0.6568627450980392,
        "eval_f1": 0.5851528384279476,
        "eval_accuracy": 0.7948243992606284,
        "eval_runtime": 0.364,
        "eval_samples_per_second": 274.71,
        "eval_steps_per_second": 35.712
    },
    "no_train_gain": {
        "eval_loss": 2.2370691299438477,
        "eval_model_preparation_time": 0.0309,
        "eval_precision": 0.5511811023622047,
        "eval_recall": 0.6862745098039216,
        "eval_f1": 0.611353711790393,
        "eval_accuracy": 0.7846580406654344,
        "eval_runtime": 0.373,
        "eval_samples_per_second": 268.101,
        "eval_steps_per_second": 34.853
    }
}
