{
    "reconstructed_featural": {
        "eval_loss": 2.5741748809814453,
        "eval_model_preparation_time": 0.0302,
        "eval_precision": 0.4642857142857143,
        "eval_recall": 0.6372549019607843,
        "eval_f1": 0.5371900826446281,
        "eval_accuracy": 0.767097966728281,
        "eval_runtime": 0.3573,
        "eval_samples_per_second": 279.878,
        "eval_steps_per_second": 36.384
    },
    "reconstructed_syntactic": {
        "eval_loss": 2.5851099491119385,
        "eval_model_preparation_time": 0.0309,
        "eval_precision": 0.45774647887323944,
        "eval_recall": 0.6372549019607843,
        "eval_f1": 0.5327868852459017,
        "eval_accuracy": 0.767097966728281,
        "eval_runtime": 0.3247,
        "eval_samples_per_second": 308.011,
        "eval_steps_per_second": 40.041
    },
    "reconstructed_morphological": {
        "eval_loss": 2.471359968185425,
        "eval_model_preparation_time": 0.0303,
        "eval_precision": 0.4852941176470588,
        "eval_recall": 0.6470588235294118,
        "eval_f1": 0.5546218487394958,
        "eval_accuracy": 0.7680221811460258,
        "eval_runtime": 0.314,
        "eval_samples_per_second": 318.498,
        "eval_steps_per_second": 41.405
    }
}
