{
    "reconstructed_syntactic": {
        "eval_loss": 5.554164886474609,
        "eval_model_preparation_time": 0.028,
        "eval_accuracy": 0.42857142857142855,
        "eval_precision_macro": 0.2345895715023232,
        "eval_recall_macro": 0.1465087775184864,
        "eval_f1_macro": 0.15359729273890665,
        "eval_precision_micro": 0.42857142857142855,
        "eval_recall_micro": 0.42857142857142855,
        "eval_f1_micro": 0.42857142857142855,
        "eval_runtime": 0.299,
        "eval_samples_per_second": 183.94,
        "eval_steps_per_second": 23.41
    },
    "reconstructed_morphological": {
        "eval_loss": 5.560797691345215,
        "eval_model_preparation_time": 0.0279,
        "eval_accuracy": 0.43167701863354035,
        "eval_precision_macro": 0.2584776334776335,
        "eval_recall_macro": 0.1604908919570837,
        "eval_f1_macro": 0.1681777757095361,
        "eval_precision_micro": 0.43167701863354035,
        "eval_recall_micro": 0.43167701863354035,
        "eval_f1_micro": 0.43167701863354035,
        "eval_runtime": 0.2999,
        "eval_samples_per_second": 183.405,
        "eval_steps_per_second": 23.342
    },
    "baseline_en": {
        "eval_loss": 5.733024597167969,
        "eval_model_preparation_time": 0.027,
        "eval_accuracy": 0.422360248447205,
        "eval_precision_macro": 0.22374034359506514,
        "eval_recall_macro": 0.1275235106362394,
        "eval_f1_macro": 0.12102659818560486,
        "eval_precision_micro": 0.422360248447205,
        "eval_recall_micro": 0.422360248447205,
        "eval_f1_micro": 0.422360248447205,
        "eval_runtime": 0.3,
        "eval_samples_per_second": 183.337,
        "eval_steps_per_second": 23.334
    },
    "baseline_task_adapter": {
        "eval_loss": 5.464751243591309,
        "eval_model_preparation_time": 0.0269,
        "eval_accuracy": 0.3695652173913043,
        "eval_precision_macro": 0.14415584415584415,
        "eval_recall_macro": 0.18645150055145993,
        "eval_f1_macro": 0.11721816538843284,
        "eval_precision_micro": 0.3695652173913043,
        "eval_recall_micro": 0.3695652173913043,
        "eval_f1_micro": 0.3695652173913043,
        "eval_runtime": 0.2735,
        "eval_samples_per_second": 201.074,
        "eval_steps_per_second": 25.591
    },
    "baseline_avg_adapter": {
        "eval_loss": 5.7178425788879395,
        "eval_model_preparation_time": 0.0289,
        "eval_accuracy": 0.48757763975155277,
        "eval_precision_macro": 0.1704852740802851,
        "eval_recall_macro": 0.14055620259636964,
        "eval_f1_macro": 0.11735972584522532,
        "eval_precision_micro": 0.48757763975155277,
        "eval_recall_micro": 0.48757763975155277,
        "eval_f1_micro": 0.48757763975155277,
        "eval_runtime": 0.3008,
        "eval_samples_per_second": 182.818,
        "eval_steps_per_second": 23.268
    },
    "baseline_closest_syntactic": {
        "eval_loss": 6.575228691101074,
        "eval_model_preparation_time": 0.028,
        "eval_accuracy": 0.48757763975155277,
        "eval_precision_macro": 0.11868018812463256,
        "eval_recall_macro": 0.1392194423482518,
        "eval_f1_macro": 0.11420184512161027,
        "eval_precision_micro": 0.48757763975155277,
        "eval_recall_micro": 0.48757763975155277,
        "eval_f1_micro": 0.48757763975155277,
        "eval_runtime": 0.3015,
        "eval_samples_per_second": 182.441,
        "eval_steps_per_second": 23.22
    },
    "baseline_closest_morphological": {
        "eval_loss": 5.099887371063232,
        "eval_model_preparation_time": 0.0266,
        "eval_accuracy": 0.38509316770186336,
        "eval_precision_macro": 0.2930946368446368,
        "eval_recall_macro": 0.2471028241513233,
        "eval_f1_macro": 0.1860961700036592,
        "eval_precision_micro": 0.38509316770186336,
        "eval_recall_micro": 0.38509316770186336,
        "eval_f1_micro": 0.38509316770186336,
        "eval_runtime": 0.2999,
        "eval_samples_per_second": 183.42,
        "eval_steps_per_second": 23.344
    },
    "no_train_gain": {
        "eval_loss": 5.3679304122924805,
        "eval_model_preparation_time": 0.0281,
        "eval_accuracy": 0.43167701863354035,
        "eval_precision_macro": 0.22467310277404376,
        "eval_recall_macro": 0.1337871813461221,
        "eval_f1_macro": 0.1345386776402513,
        "eval_precision_micro": 0.43167701863354035,
        "eval_recall_micro": 0.43167701863354035,
        "eval_f1_micro": 0.43167701863354035,
        "eval_runtime": 0.3008,
        "eval_samples_per_second": 182.825,
        "eval_steps_per_second": 23.269
    }
}
