{
    "reconstructed_featural": {
        "eval_loss": 5.4914469718933105,
        "eval_model_preparation_time": 0.0341,
        "eval_accuracy": 0.38819875776397517,
        "eval_precision_macro": 0.20963868003341687,
        "eval_recall_macro": 0.19508548143335938,
        "eval_f1_macro": 0.13250330843167946,
        "eval_precision_micro": 0.38819875776397517,
        "eval_recall_micro": 0.38819875776397517,
        "eval_f1_micro": 0.38819875776397517,
        "eval_runtime": 0.3023,
        "eval_samples_per_second": 181.936,
        "eval_steps_per_second": 23.155
    },
    "reconstructed_syntactic": {
        "eval_loss": 5.527177333831787,
        "eval_model_preparation_time": 0.0291,
        "eval_accuracy": 0.40993788819875776,
        "eval_precision_macro": 0.23335126412049487,
        "eval_recall_macro": 0.14127758000254043,
        "eval_f1_macro": 0.1491390634681774,
        "eval_precision_micro": 0.40993788819875776,
        "eval_recall_micro": 0.40993788819875776,
        "eval_f1_micro": 0.40993788819875776,
        "eval_runtime": 0.2982,
        "eval_samples_per_second": 184.411,
        "eval_steps_per_second": 23.47
    },
    "reconstructed_morphological": {
        "eval_loss": 5.629968643188477,
        "eval_model_preparation_time": 0.0286,
        "eval_accuracy": 0.4440993788819876,
        "eval_precision_macro": 0.2621233521657251,
        "eval_recall_macro": 0.1646003902006046,
        "eval_f1_macro": 0.16900935392921793,
        "eval_precision_micro": 0.4440993788819876,
        "eval_recall_micro": 0.4440993788819876,
        "eval_f1_micro": 0.4440993788819876,
        "eval_runtime": 0.2974,
        "eval_samples_per_second": 184.907,
        "eval_steps_per_second": 23.534
    }
}