{
    "reconstructed_featural": {
        "eval_loss": 5.579329013824463,
        "eval_model_preparation_time": 0.0278,
        "eval_accuracy": 0.43167701863354035,
        "eval_precision_macro": 0.2584776334776335,
        "eval_recall_macro": 0.1604908919570837,
        "eval_f1_macro": 0.1681777757095361,
        "eval_precision_micro": 0.43167701863354035,
        "eval_recall_micro": 0.43167701863354035,
        "eval_f1_micro": 0.43167701863354035,
        "eval_runtime": 0.3098,
        "eval_samples_per_second": 177.555,
        "eval_steps_per_second": 22.598
    }
}