{
    "reconstructed_featural": {
        "eval_loss": 5.84163236618042,
        "eval_model_preparation_time": 0.028,
        "eval_accuracy": 0.354380721090977,
        "eval_precision_macro": 0.25413102553561573,
        "eval_recall_macro": 0.31490432057428286,
        "eval_f1_macro": 0.19850689815792888,
        "eval_precision_micro": 0.354380721090977,
        "eval_recall_micro": 0.354380721090977,
        "eval_f1_micro": 0.354380721090977,
        "eval_runtime": 2.5508,
        "eval_samples_per_second": 184.255,
        "eval_steps_per_second": 23.13
    }
}
