{
    "reconstructed_syntactic": {
        "eval_loss": 5.7865095138549805,
        "eval_model_preparation_time": 0.0281,
        "eval_accuracy": 0.3587707827386512,
        "eval_precision_macro": 0.2586321647438301,
        "eval_recall_macro": 0.31852626135227147,
        "eval_f1_macro": 0.20331911839181369,
        "eval_precision_micro": 0.3587707827386512,
        "eval_recall_micro": 0.3587707827386512,
        "eval_f1_micro": 0.3587707827386512,
        "eval_runtime": 2.4278,
        "eval_samples_per_second": 193.588,
        "eval_steps_per_second": 24.302
    },
    "reconstructed_morphological": {
        "eval_loss": 5.812399864196777,
        "eval_model_preparation_time": 0.0281,
        "eval_accuracy": 0.35615542686344104,
        "eval_precision_macro": 0.2555469488329804,
        "eval_recall_macro": 0.3166037088859356,
        "eval_f1_macro": 0.20060514729465076,
        "eval_precision_micro": 0.35615542686344104,
        "eval_recall_micro": 0.35615542686344104,
        "eval_f1_micro": 0.35615542686344104,
        "eval_runtime": 2.4225,
        "eval_samples_per_second": 194.011,
        "eval_steps_per_second": 24.355
    },
    "baseline_en": {
        "eval_loss": 6.231235504150391,
        "eval_model_preparation_time": 0.0278,
        "eval_accuracy": 0.37166075098075846,
        "eval_precision_macro": 0.2682486791309833,
        "eval_recall_macro": 0.3039257080055409,
        "eval_f1_macro": 0.21060073290458314,
        "eval_precision_micro": 0.37166075098075846,
        "eval_recall_micro": 0.37166075098075846,
        "eval_f1_micro": 0.37166075098075846,
        "eval_runtime": 2.4308,
        "eval_samples_per_second": 193.353,
        "eval_steps_per_second": 24.272
    },
    "baseline_task_adapter": {
        "eval_loss": 5.707883834838867,
        "eval_model_preparation_time": 0.0268,
        "eval_accuracy": 0.34186437511675694,
        "eval_precision_macro": 0.26368842491972005,
        "eval_recall_macro": 0.31593659347508174,
        "eval_f1_macro": 0.1998722712637203,
        "eval_precision_micro": 0.34186437511675694,
        "eval_recall_micro": 0.34186437511675694,
        "eval_f1_micro": 0.34186437511675694,
        "eval_runtime": 2.2087,
        "eval_samples_per_second": 212.791,
        "eval_steps_per_second": 26.712
    },
    "baseline_avg_adapter": {
        "eval_loss": 6.376664161682129,
        "eval_model_preparation_time": 0.0293,
        "eval_accuracy": 0.3156174107976835,
        "eval_precision_macro": 0.2410070845636699,
        "eval_recall_macro": 0.26604981375031617,
        "eval_f1_macro": 0.1626179061601326,
        "eval_precision_micro": 0.3156174107976835,
        "eval_recall_micro": 0.3156174107976835,
        "eval_f1_micro": 0.3156174107976835,
        "eval_runtime": 2.4448,
        "eval_samples_per_second": 192.244,
        "eval_steps_per_second": 24.133
    },
    "baseline_closest_syntactic": {
        "eval_loss": 5.636214256286621,
        "eval_model_preparation_time": 0.0268,
        "eval_accuracy": 0.37735849056603776,
        "eval_precision_macro": 0.2891249388812438,
        "eval_recall_macro": 0.35379797460577184,
        "eval_f1_macro": 0.23353825237776743,
        "eval_precision_micro": 0.37735849056603776,
        "eval_recall_micro": 0.37735849056603776,
        "eval_f1_micro": 0.37735849056603776,
        "eval_runtime": 2.4479,
        "eval_samples_per_second": 191.999,
        "eval_steps_per_second": 24.102
    },
    "baseline_closest_morphological": {
        "eval_loss": 6.342015743255615,
        "eval_model_preparation_time": 0.0277,
        "eval_accuracy": 0.30833177657388383,
        "eval_precision_macro": 0.22760863776230109,
        "eval_recall_macro": 0.2672888413494998,
        "eval_f1_macro": 0.1711049770523172,
        "eval_precision_micro": 0.30833177657388383,
        "eval_recall_micro": 0.30833177657388383,
        "eval_f1_micro": 0.30833177657388383,
        "eval_runtime": 2.4487,
        "eval_samples_per_second": 191.937,
        "eval_steps_per_second": 24.094
    },
    "no_train_gain": {
        "eval_loss": 5.540900230407715,
        "eval_model_preparation_time": 0.028,
        "eval_accuracy": 0.3764244348963198,
        "eval_precision_macro": 0.2761084009776488,
        "eval_recall_macro": 0.33596642853685077,
        "eval_f1_macro": 0.22456903964074654,
        "eval_precision_micro": 0.3764244348963198,
        "eval_recall_micro": 0.3764244348963198,
        "eval_f1_micro": 0.3764244348963198,
        "eval_runtime": 2.4486,
        "eval_samples_per_second": 191.948,
        "eval_steps_per_second": 24.096
    }
}
