{
    "reconstructed_featural": {
        "eval_loss": 5.6479034423828125,
        "eval_model_preparation_time": 0.0294,
        "eval_accuracy": 0.3687651784046329,
        "eval_precision_macro": 0.2698986322603372,
        "eval_recall_macro": 0.3297789865242559,
        "eval_f1_macro": 0.21594302028735124,
        "eval_precision_micro": 0.3687651784046329,
        "eval_recall_micro": 0.3687651784046329,
        "eval_f1_micro": 0.3687651784046329,
        "eval_runtime": 2.446,
        "eval_samples_per_second": 192.151,
        "eval_steps_per_second": 24.121
    },
    "reconstructed_syntactic": {
        "eval_loss": 5.609285354614258,
        "eval_model_preparation_time": 0.0367,
        "eval_accuracy": 0.3729684289183635,
        "eval_precision_macro": 0.2655014738007775,
        "eval_recall_macro": 0.3269597330867563,
        "eval_f1_macro": 0.21281983453558417,
        "eval_precision_micro": 0.3729684289183635,
        "eval_recall_micro": 0.3729684289183635,
        "eval_f1_micro": 0.3729684289183635,
        "eval_runtime": 2.4678,
        "eval_samples_per_second": 190.452,
        "eval_steps_per_second": 23.908
    },
    "reconstructed_morphological": {
        "eval_loss": 5.983023166656494,
        "eval_model_preparation_time": 0.034,
        "eval_accuracy": 0.34102372501401085,
        "eval_precision_macro": 0.23756008794353065,
        "eval_recall_macro": 0.308180570248634,
        "eval_f1_macro": 0.1861264428462567,
        "eval_precision_micro": 0.34102372501401085,
        "eval_recall_micro": 0.34102372501401085,
        "eval_f1_micro": 0.34102372501401085,
        "eval_runtime": 2.4655,
        "eval_samples_per_second": 190.632,
        "eval_steps_per_second": 23.93
    }
}
