{
    "reconstructed_featural": {
        "eval_loss": 6.010247230529785,
        "eval_model_preparation_time": 0.0307,
        "eval_precision": 0.23478260869565218,
        "eval_recall": 0.27,
        "eval_f1": 0.25116279069767444,
        "eval_accuracy": 0.48683220466516175,
        "eval_runtime": 0.326,
        "eval_samples_per_second": 306.779,
        "eval_steps_per_second": 39.881
    },
    "reconstructed_syntactic": {
        "eval_loss": 5.993373870849609,
        "eval_model_preparation_time": 0.0306,
        "eval_precision": 0.23636363636363636,
        "eval_recall": 0.26,
        "eval_f1": 0.24761904761904763,
        "eval_accuracy": 0.48683220466516175,
        "eval_runtime": 1.3314,
        "eval_samples_per_second": 75.111,
        "eval_steps_per_second": 9.764
    },
    "reconstructed_morphological": {
        "eval_loss": 5.8420915603637695,
        "eval_model_preparation_time": 0.0303,
        "eval_precision": 0.23770491803278687,
        "eval_recall": 0.29,
        "eval_f1": 0.2612612612612612,
        "eval_accuracy": 0.49209932279909707,
        "eval_runtime": 1.3971,
        "eval_samples_per_second": 71.575,
        "eval_steps_per_second": 9.305
    }
}
