{
    "reconstructed_syntactic": {
        "eval_loss": 6.012924671173096,
        "eval_model_preparation_time": 0.028,
        "eval_precision": 0.23893805309734514,
        "eval_recall": 0.27,
        "eval_f1": 0.2535211267605634,
        "eval_accuracy": 0.4853273137697517,
        "eval_runtime": 0.3761,
        "eval_samples_per_second": 265.913,
        "eval_steps_per_second": 34.569
    },
    "reconstructed_morphological": {
        "eval_loss": 6.016335964202881,
        "eval_model_preparation_time": 0.0291,
        "eval_precision": 0.22608695652173913,
        "eval_recall": 0.26,
        "eval_f1": 0.24186046511627907,
        "eval_accuracy": 0.48457486832204666,
        "eval_runtime": 0.3777,
        "eval_samples_per_second": 264.763,
        "eval_steps_per_second": 34.419
    }
}
