{
    "reconstructed_featural": {
        "eval_loss": 6.017142295837402,
        "eval_model_preparation_time": 0.0302,
        "eval_precision": 0.23008849557522124,
        "eval_recall": 0.26,
        "eval_f1": 0.24413145539906103,
        "eval_accuracy": 0.48457486832204666,
        "eval_runtime": 0.7006,
        "eval_samples_per_second": 142.73,
        "eval_steps_per_second": 18.555
    },
    "baseline_en": {
        "eval_loss": 7.919964790344238,
        "eval_model_preparation_time": 0.029,
        "eval_precision": 0.2948717948717949,
        "eval_recall": 0.23,
        "eval_f1": 0.2584269662921348,
        "eval_accuracy": 0.42663656884875845,
        "eval_runtime": 0.3847,
        "eval_samples_per_second": 259.96,
        "eval_steps_per_second": 33.795
    },
    "baseline_task_adapter": {
        "eval_loss": 5.915830135345459,
        "eval_model_preparation_time": 0.0287,
        "eval_precision": 0.18627450980392157,
        "eval_recall": 0.19,
        "eval_f1": 0.18811881188118812,
        "eval_accuracy": 0.4815650865312265,
        "eval_runtime": 0.3523,
        "eval_samples_per_second": 283.862,
        "eval_steps_per_second": 36.902
    },
    "baseline_avg_adapter": {
        "eval_loss": 7.239953994750977,
        "eval_model_preparation_time": 0.0304,
        "eval_precision": 0.14285714285714285,
        "eval_recall": 0.06,
        "eval_f1": 0.08450704225352111,
        "eval_accuracy": 0.39503386004514673,
        "eval_runtime": 0.3739,
        "eval_samples_per_second": 267.454,
        "eval_steps_per_second": 34.769
    },
    "baseline_closest_featural": {
        "eval_loss": 5.886494159698486,
        "eval_model_preparation_time": 0.0287,
        "eval_precision": 0.09146341463414634,
        "eval_recall": 0.15,
        "eval_f1": 0.11363636363636365,
        "eval_accuracy": 0.46651617757712566,
        "eval_runtime": 0.3776,
        "eval_samples_per_second": 264.86,
        "eval_steps_per_second": 34.432
    },
    "no_train_gain": {
        "eval_loss": 5.7924275398254395,
        "eval_model_preparation_time": 0.0302,
        "eval_precision": 0.24806201550387597,
        "eval_recall": 0.32,
        "eval_f1": 0.2794759825327511,
        "eval_accuracy": 0.510158013544018,
        "eval_runtime": 0.3846,
        "eval_samples_per_second": 260.032,
        "eval_steps_per_second": 33.804
    }
}