{
    "reconstructed_featural": {
        "eval_loss": 0.7993066310882568,
        "eval_model_preparation_time": 0.0277,
        "eval_precision": 0.35625,
        "eval_recall": 0.475,
        "eval_f1": 0.40714285714285714,
        "eval_accuracy": 0.7823581560283688,
        "eval_runtime": 0.3584,
        "eval_samples_per_second": 279.005,
        "eval_steps_per_second": 36.271
    },
    "baseline_en": {
        "eval_loss": 1.1188132762908936,
        "eval_model_preparation_time": 0.0265,
        "eval_precision": 0.22727272727272727,
        "eval_recall": 0.2916666666666667,
        "eval_f1": 0.25547445255474455,
        "eval_accuracy": 0.6937056737588653,
        "eval_runtime": 0.3377,
        "eval_samples_per_second": 296.107,
        "eval_steps_per_second": 38.494
    },
    "baseline_task_adapter": {
        "eval_loss": 0.8624229431152344,
        "eval_model_preparation_time": 0.0264,
        "eval_precision": 0.3129251700680272,
        "eval_recall": 0.38333333333333336,
        "eval_f1": 0.3445692883895131,
        "eval_accuracy": 0.7606382978723404,
        "eval_runtime": 0.2972,
        "eval_samples_per_second": 336.458,
        "eval_steps_per_second": 43.74
    },
    "baseline_avg_adapter": {
        "eval_loss": 1.1751618385314941,
        "eval_model_preparation_time": 0.0278,
        "eval_precision": 0.21904761904761905,
        "eval_recall": 0.19166666666666668,
        "eval_f1": 0.20444444444444446,
        "eval_accuracy": 0.737145390070922,
        "eval_runtime": 0.3305,
        "eval_samples_per_second": 302.532,
        "eval_steps_per_second": 39.329
    },
    "baseline_closest_featural": {
        "eval_loss": 0.6105615496635437,
        "eval_model_preparation_time": 0.0265,
        "eval_precision": 0.34946236559139787,
        "eval_recall": 0.5416666666666666,
        "eval_f1": 0.42483660130718953,
        "eval_accuracy": 0.8293439716312057,
        "eval_runtime": 0.3304,
        "eval_samples_per_second": 302.64,
        "eval_steps_per_second": 39.343
    },
    "no_train_gain": {
        "eval_loss": 0.9136736989021301,
        "eval_model_preparation_time": 0.0275,
        "eval_precision": 0.3125,
        "eval_recall": 0.4583333333333333,
        "eval_f1": 0.37162162162162166,
        "eval_accuracy": 0.7375886524822695,
        "eval_runtime": 0.3291,
        "eval_samples_per_second": 303.846,
        "eval_steps_per_second": 39.5
    }
}
