{
    "reconstructed_featural": {
        "eval_loss": 2.2073514461517334,
        "eval_model_preparation_time": 0.0311,
        "eval_precision": 0.432,
        "eval_recall": 0.4576271186440678,
        "eval_f1": 0.4444444444444444,
        "eval_accuracy": 0.7762762762762763,
        "eval_runtime": 0.3074,
        "eval_samples_per_second": 325.276,
        "eval_steps_per_second": 42.286
    },
    "reconstructed_syntactic": {
        "eval_loss": 2.2073514461517334,
        "eval_model_preparation_time": 0.0305,
        "eval_precision": 0.432,
        "eval_recall": 0.4576271186440678,
        "eval_f1": 0.4444444444444444,
        "eval_accuracy": 0.7762762762762763,
        "eval_runtime": 0.2956,
        "eval_samples_per_second": 338.314,
        "eval_steps_per_second": 43.981
    },
    "reconstructed_morphological": {
        "eval_loss": 2.2073514461517334,
        "eval_model_preparation_time": 0.0303,
        "eval_precision": 0.432,
        "eval_recall": 0.4576271186440678,
        "eval_f1": 0.4444444444444444,
        "eval_accuracy": 0.7762762762762763,
        "eval_runtime": 0.2954,
        "eval_samples_per_second": 338.501,
        "eval_steps_per_second": 44.005
    }
}
