{
    "reconstructed_featural": {
        "eval_loss": 5.593891143798828,
        "eval_model_preparation_time": 0.0307,
        "eval_precision": 0.5,
        "eval_recall": 0.4954954954954955,
        "eval_f1": 0.4977375565610859,
        "eval_accuracy": 0.5197324414715719,
        "eval_runtime": 0.3733,
        "eval_samples_per_second": 267.87,
        "eval_steps_per_second": 34.823
    },
    "baseline_en": {
        "eval_loss": 6.389890670776367,
        "eval_model_preparation_time": 0.0294,
        "eval_precision": 0.5092592592592593,
        "eval_recall": 0.4954954954954955,
        "eval_f1": 0.502283105022831,
        "eval_accuracy": 0.5210702341137123,
        "eval_runtime": 0.3813,
        "eval_samples_per_second": 262.279,
        "eval_steps_per_second": 34.096
    },
    "baseline_task_adapter": {
        "eval_loss": 5.8551249504089355,
        "eval_model_preparation_time": 0.0296,
        "eval_precision": 0.39285714285714285,
        "eval_recall": 0.3963963963963964,
        "eval_f1": 0.3946188340807175,
        "eval_accuracy": 0.46220735785953176,
        "eval_runtime": 0.3398,
        "eval_samples_per_second": 294.295,
        "eval_steps_per_second": 38.258
    },
    "baseline_avg_adapter": {
        "eval_loss": 11.199811935424805,
        "eval_model_preparation_time": 0.0309,
        "eval_precision": 0.6190476190476191,
        "eval_recall": 0.23423423423423423,
        "eval_f1": 0.3398692810457516,
        "eval_accuracy": 0.23010033444816053,
        "eval_runtime": 0.3721,
        "eval_samples_per_second": 268.747,
        "eval_steps_per_second": 34.937
    },
    "baseline_closest_featural": {
        "eval_loss": 6.996446132659912,
        "eval_model_preparation_time": 0.0284,
        "eval_precision": 0.33035714285714285,
        "eval_recall": 0.3333333333333333,
        "eval_f1": 0.33183856502242154,
        "eval_accuracy": 0.3204013377926421,
        "eval_runtime": 0.3834,
        "eval_samples_per_second": 260.839,
        "eval_steps_per_second": 33.909
    },
    "no_train_gain": {
        "eval_loss": 6.091766834259033,
        "eval_model_preparation_time": 0.0303,
        "eval_precision": 0.48598130841121495,
        "eval_recall": 0.46846846846846846,
        "eval_f1": 0.47706422018348627,
        "eval_accuracy": 0.5050167224080268,
        "eval_runtime": 0.372,
        "eval_samples_per_second": 268.816,
        "eval_steps_per_second": 34.946
    }
}