{
    "reconstructed_featural": {
        "eval_loss": 7.5283894538879395,
        "eval_model_preparation_time": 0.0319,
        "eval_accuracy": 0.2697263467910173,
        "eval_precision_macro": 0.18668781751749364,
        "eval_recall_macro": 0.27202544041487786,
        "eval_f1_macro": 0.1533512815412511,
        "eval_precision_micro": 0.2697263467910173,
        "eval_recall_micro": 0.2697263467910173,
        "eval_f1_micro": 0.2697263467910173,
        "eval_runtime": 1.8056,
        "eval_samples_per_second": 176.123,
        "eval_steps_per_second": 22.154
    },
    "reconstructed_syntactic": {
        "eval_loss": 7.492527484893799,
        "eval_model_preparation_time": 0.0291,
        "eval_accuracy": 0.27475763897410727,
        "eval_precision_macro": 0.1989555561818494,
        "eval_recall_macro": 0.27535365088895714,
        "eval_f1_macro": 0.16350750926265947,
        "eval_precision_micro": 0.27475763897410727,
        "eval_recall_micro": 0.27475763897410727,
        "eval_f1_micro": 0.27475763897410727,
        "eval_runtime": 1.6583,
        "eval_samples_per_second": 191.762,
        "eval_steps_per_second": 24.121
    },
    "reconstructed_morphological": {
        "eval_loss": 7.533014297485352,
        "eval_model_preparation_time": 0.0306,
        "eval_accuracy": 0.2689900601300773,
        "eval_precision_macro": 0.19049566765090462,
        "eval_recall_macro": 0.27220859922135704,
        "eval_f1_macro": 0.15855082968405357,
        "eval_precision_micro": 0.2689900601300773,
        "eval_recall_micro": 0.2689900601300773,
        "eval_f1_micro": 0.2689900601300773,
        "eval_runtime": 1.6634,
        "eval_samples_per_second": 191.174,
        "eval_steps_per_second": 24.047
    }
}