{
    "reconstructed_featural": {
        "eval_loss": 7.539967060089111,
        "eval_model_preparation_time": 0.0274,
        "eval_accuracy": 0.2691127745735673,
        "eval_precision_macro": 0.19127492130851365,
        "eval_recall_macro": 0.2722106669471895,
        "eval_f1_macro": 0.15849415326426833,
        "eval_precision_micro": 0.2691127745735673,
        "eval_recall_micro": 0.2691127745735673,
        "eval_f1_micro": 0.2691127745735673,
        "eval_runtime": 1.7164,
        "eval_samples_per_second": 185.27,
        "eval_steps_per_second": 23.304
    }
}
