{
    "reconstructed_featural": {
        "eval_loss": 7.530480861663818,
        "eval_model_preparation_time": 0.032,
        "eval_accuracy": 0.2696036323475273,
        "eval_precision_macro": 0.18630687729383827,
        "eval_recall_macro": 0.2725451024244671,
        "eval_f1_macro": 0.15342048074539633,
        "eval_precision_micro": 0.2696036323475273,
        "eval_recall_micro": 0.2696036323475273,
        "eval_f1_micro": 0.2696036323475273,
        "eval_runtime": 1.8126,
        "eval_samples_per_second": 175.437,
        "eval_steps_per_second": 22.068
    },
    "baseline_en": {
        "eval_loss": 7.750450611114502,
        "eval_model_preparation_time": 0.0285,
        "eval_accuracy": 0.2871517977665971,
        "eval_precision_macro": 0.1929876681265533,
        "eval_recall_macro": 0.22601107498661321,
        "eval_f1_macro": 0.15347488032586695,
        "eval_precision_micro": 0.2871517977665971,
        "eval_recall_micro": 0.2871517977665971,
        "eval_f1_micro": 0.2871517977665971,
        "eval_runtime": 1.655,
        "eval_samples_per_second": 192.142,
        "eval_steps_per_second": 24.169
    },
    "baseline_task_adapter": {
        "eval_loss": 7.406774997711182,
        "eval_model_preparation_time": 0.0283,
        "eval_accuracy": 0.2513191802675175,
        "eval_precision_macro": 0.21662884894745926,
        "eval_recall_macro": 0.21685416628329757,
        "eval_f1_macro": 0.18309554520906188,
        "eval_precision_micro": 0.2513191802675175,
        "eval_recall_micro": 0.2513191802675175,
        "eval_f1_micro": 0.2513191802675175,
        "eval_runtime": 1.5067,
        "eval_samples_per_second": 211.058,
        "eval_steps_per_second": 26.548
    },
    "baseline_avg_adapter": {
        "eval_loss": 7.019434452056885,
        "eval_model_preparation_time": 0.0309,
        "eval_accuracy": 0.2607681924162474,
        "eval_precision_macro": 0.20412081986462347,
        "eval_recall_macro": 0.20543607486336124,
        "eval_f1_macro": 0.13169758523867733,
        "eval_precision_micro": 0.2607681924162474,
        "eval_recall_micro": 0.2607681924162474,
        "eval_f1_micro": 0.2607681924162474,
        "eval_runtime": 1.6615,
        "eval_samples_per_second": 191.398,
        "eval_steps_per_second": 24.075
    },
    "baseline_closest_featural": {
        "eval_loss": 7.3407816886901855,
        "eval_model_preparation_time": 0.0271,
        "eval_accuracy": 0.2491103202846975,
        "eval_precision_macro": 0.17790893575126324,
        "eval_recall_macro": 0.20322840742802362,
        "eval_f1_macro": 0.13997670858417913,
        "eval_precision_micro": 0.2491103202846975,
        "eval_recall_micro": 0.2491103202846975,
        "eval_f1_micro": 0.2491103202846975,
        "eval_runtime": 1.661,
        "eval_samples_per_second": 191.451,
        "eval_steps_per_second": 24.082
    },
    "no_train_gain": {
        "eval_loss": 7.662520885467529,
        "eval_model_preparation_time": 0.0293,
        "eval_accuracy": 0.2907105166278071,
        "eval_precision_macro": 0.20574071422924564,
        "eval_recall_macro": 0.283514497848709,
        "eval_f1_macro": 0.16413638458461574,
        "eval_precision_micro": 0.2907105166278071,
        "eval_recall_micro": 0.2907105166278071,
        "eval_f1_micro": 0.2907105166278071,
        "eval_runtime": 1.6646,
        "eval_samples_per_second": 191.036,
        "eval_steps_per_second": 24.03
    }
}
