{
    "reconstructed_featural": {
        "eval_loss": 6.324915409088135,
        "eval_model_preparation_time": 0.0293,
        "eval_accuracy": 0.4058721934369603,
        "eval_precision_macro": 0.43139112719692063,
        "eval_recall_macro": 0.3215360647480836,
        "eval_f1_macro": 0.31226002468672764,
        "eval_precision_micro": 0.4058721934369603,
        "eval_recall_micro": 0.4058721934369603,
        "eval_f1_micro": 0.4058721934369603,
        "eval_runtime": 5.4186,
        "eval_samples_per_second": 185.287,
        "eval_steps_per_second": 23.253
    },
    "baseline_en": {
        "eval_loss": 4.672659397125244,
        "eval_model_preparation_time": 0.0292,
        "eval_accuracy": 0.4736614853195164,
        "eval_precision_macro": 0.4466463215991394,
        "eval_recall_macro": 0.3752713697762554,
        "eval_f1_macro": 0.36074001815641077,
        "eval_precision_micro": 0.4736614853195164,
        "eval_recall_micro": 0.4736614853195164,
        "eval_f1_micro": 0.4736614853195164,
        "eval_runtime": 5.4057,
        "eval_samples_per_second": 185.73,
        "eval_steps_per_second": 23.309
    },
    "baseline_task_adapter": {
        "eval_loss": 7.631278991699219,
        "eval_model_preparation_time": 0.0296,
        "eval_accuracy": 0.37068221070811747,
        "eval_precision_macro": 0.4188639262852114,
        "eval_recall_macro": 0.2897946655435393,
        "eval_f1_macro": 0.28669621631958936,
        "eval_precision_micro": 0.37068221070811747,
        "eval_recall_micro": 0.37068221070811747,
        "eval_f1_micro": 0.37068221070811747,
        "eval_runtime": 4.9317,
        "eval_samples_per_second": 203.581,
        "eval_steps_per_second": 25.549
    },
    "baseline_avg_adapter": {
        "eval_loss": 8.384777069091797,
        "eval_model_preparation_time": 0.0302,
        "eval_accuracy": 0.33959412780656306,
        "eval_precision_macro": 0.47600091365532093,
        "eval_recall_macro": 0.2681780932543698,
        "eval_f1_macro": 0.2745967063926023,
        "eval_precision_micro": 0.33959412780656306,
        "eval_recall_micro": 0.33959412780656306,
        "eval_f1_micro": 0.33959412780656306,
        "eval_runtime": 5.403,
        "eval_samples_per_second": 185.823,
        "eval_steps_per_second": 23.32
    },
    "baseline_closest_featural": {
        "eval_loss": 8.970728874206543,
        "eval_model_preparation_time": 0.0299,
        "eval_accuracy": 0.3082181922855498,
        "eval_precision_macro": 0.4040134998471476,
        "eval_recall_macro": 0.22420502665442227,
        "eval_f1_macro": 0.2187254468657326,
        "eval_precision_micro": 0.3082181922855498,
        "eval_recall_micro": 0.3082181922855498,
        "eval_f1_micro": 0.3082181922855498,
        "eval_runtime": 5.413,
        "eval_samples_per_second": 185.478,
        "eval_steps_per_second": 23.277
    },
    "no_train_gain": {
        "eval_loss": 7.048042297363281,
        "eval_model_preparation_time": 0.0315,
        "eval_accuracy": 0.3773028209556707,
        "eval_precision_macro": 0.436400662164052,
        "eval_recall_macro": 0.29811888826081573,
        "eval_f1_macro": 0.2924030601671532,
        "eval_precision_micro": 0.3773028209556707,
        "eval_recall_micro": 0.3773028209556707,
        "eval_f1_micro": 0.3773028209556707,
        "eval_runtime": 5.4008,
        "eval_samples_per_second": 185.898,
        "eval_steps_per_second": 23.33
    }
}
