{
    "reconstructed_syntactic": {
        "eval_loss": 6.3404998779296875,
        "eval_model_preparation_time": 0.0298,
        "eval_accuracy": 0.405440414507772,
        "eval_precision_macro": 0.43123107718580606,
        "eval_recall_macro": 0.32147519237959477,
        "eval_f1_macro": 0.31220984404662144,
        "eval_precision_micro": 0.405440414507772,
        "eval_recall_micro": 0.405440414507772,
        "eval_f1_micro": 0.405440414507772,
        "eval_runtime": 5.322,
        "eval_samples_per_second": 188.649,
        "eval_steps_per_second": 23.675
    },
    "reconstructed_morphological": {
        "eval_loss": 6.25393009185791,
        "eval_model_preparation_time": 0.0287,
        "eval_accuracy": 0.40781519861830745,
        "eval_precision_macro": 0.43137425877345714,
        "eval_recall_macro": 0.3236721837550219,
        "eval_f1_macro": 0.313859933582676,
        "eval_precision_micro": 0.40781519861830745,
        "eval_recall_micro": 0.40781519861830745,
        "eval_f1_micro": 0.40781519861830745,
        "eval_runtime": 5.3107,
        "eval_samples_per_second": 189.054,
        "eval_steps_per_second": 23.726
    },
    "baseline_en": {
        "eval_loss": 4.672659397125244,
        "eval_model_preparation_time": 0.0275,
        "eval_accuracy": 0.4736614853195164,
        "eval_precision_macro": 0.4466463215991394,
        "eval_recall_macro": 0.3752713697762554,
        "eval_f1_macro": 0.36074001815641077,
        "eval_precision_micro": 0.4736614853195164,
        "eval_recall_micro": 0.4736614853195164,
        "eval_f1_micro": 0.4736614853195164,
        "eval_runtime": 5.3302,
        "eval_samples_per_second": 188.361,
        "eval_steps_per_second": 23.639
    },
    "baseline_task_adapter": {
        "eval_loss": 7.631278991699219,
        "eval_model_preparation_time": 0.028,
        "eval_accuracy": 0.37068221070811747,
        "eval_precision_macro": 0.4188639262852114,
        "eval_recall_macro": 0.2897946655435393,
        "eval_f1_macro": 0.28669621631958936,
        "eval_precision_micro": 0.37068221070811747,
        "eval_recall_micro": 0.37068221070811747,
        "eval_f1_micro": 0.37068221070811747,
        "eval_runtime": 4.8494,
        "eval_samples_per_second": 207.038,
        "eval_steps_per_second": 25.983
    },
    "baseline_avg_adapter": {
        "eval_loss": 8.384777069091797,
        "eval_model_preparation_time": 0.029,
        "eval_accuracy": 0.33959412780656306,
        "eval_precision_macro": 0.47600091365532093,
        "eval_recall_macro": 0.2681780932543698,
        "eval_f1_macro": 0.2745967063926023,
        "eval_precision_micro": 0.33959412780656306,
        "eval_recall_micro": 0.33959412780656306,
        "eval_f1_micro": 0.33959412780656306,
        "eval_runtime": 5.3332,
        "eval_samples_per_second": 188.254,
        "eval_steps_per_second": 23.625
    },
    "baseline_closest_syntactic": {
        "eval_loss": 8.970728874206543,
        "eval_model_preparation_time": 0.0269,
        "eval_accuracy": 0.3082181922855498,
        "eval_precision_macro": 0.4040134998471476,
        "eval_recall_macro": 0.22420502665442227,
        "eval_f1_macro": 0.2187254468657326,
        "eval_precision_micro": 0.3082181922855498,
        "eval_recall_micro": 0.3082181922855498,
        "eval_f1_micro": 0.3082181922855498,
        "eval_runtime": 5.3456,
        "eval_samples_per_second": 187.817,
        "eval_steps_per_second": 23.571
    },
    "baseline_closest_morphological": {
        "eval_loss": 3.2607874870300293,
        "eval_model_preparation_time": 0.0276,
        "eval_accuracy": 0.4604202648244099,
        "eval_precision_macro": 0.3693138125249833,
        "eval_recall_macro": 0.3659757303230567,
        "eval_f1_macro": 0.3041831122418406,
        "eval_precision_micro": 0.4604202648244099,
        "eval_recall_micro": 0.4604202648244099,
        "eval_f1_micro": 0.4604202648244099,
        "eval_runtime": 5.3328,
        "eval_samples_per_second": 188.268,
        "eval_steps_per_second": 23.627
    },
    "no_train_gain": {
        "eval_loss": 7.048042297363281,
        "eval_model_preparation_time": 0.029,
        "eval_accuracy": 0.3773028209556707,
        "eval_precision_macro": 0.436400662164052,
        "eval_recall_macro": 0.29811888826081573,
        "eval_f1_macro": 0.2924030601671532,
        "eval_precision_micro": 0.3773028209556707,
        "eval_recall_micro": 0.3773028209556707,
        "eval_f1_micro": 0.3773028209556707,
        "eval_runtime": 5.3675,
        "eval_samples_per_second": 187.05,
        "eval_steps_per_second": 23.474
    }
}
