{
    "reconstructed_featural": {
        "eval_loss": 6.787793159484863,
        "eval_model_preparation_time": 0.0277,
        "eval_accuracy": 0.38543465745538286,
        "eval_precision_macro": 0.4456683204448484,
        "eval_recall_macro": 0.3248814932698944,
        "eval_f1_macro": 0.31400019303700005,
        "eval_precision_micro": 0.38543465745538286,
        "eval_recall_micro": 0.38543465745538286,
        "eval_f1_micro": 0.38543465745538286,
        "eval_runtime": 5.2907,
        "eval_samples_per_second": 189.767,
        "eval_steps_per_second": 23.815
    },
    "reconstructed_syntactic": {
        "eval_loss": 6.832655906677246,
        "eval_model_preparation_time": 0.0277,
        "eval_accuracy": 0.38752158894645944,
        "eval_precision_macro": 0.42456176495693865,
        "eval_recall_macro": 0.3082924394612738,
        "eval_f1_macro": 0.3003793035998946,
        "eval_precision_micro": 0.38752158894645944,
        "eval_recall_micro": 0.38752158894645944,
        "eval_f1_micro": 0.38752158894645944,
        "eval_runtime": 5.2908,
        "eval_samples_per_second": 189.763,
        "eval_steps_per_second": 23.815
    },
    "reconstructed_morphological": {
        "eval_loss": 5.178640365600586,
        "eval_model_preparation_time": 0.0281,
        "eval_accuracy": 0.4419976971790443,
        "eval_precision_macro": 0.4279996525991665,
        "eval_recall_macro": 0.3569040072661873,
        "eval_f1_macro": 0.33641875672072424,
        "eval_precision_micro": 0.4419976971790443,
        "eval_recall_micro": 0.4419976971790443,
        "eval_f1_micro": 0.4419976971790443,
        "eval_runtime": 5.299,
        "eval_samples_per_second": 189.471,
        "eval_steps_per_second": 23.778
    }
}
