{
    "reconstructed_featural": {
        "eval_loss": 6.235139846801758,
        "eval_model_preparation_time": 0.0292,
        "eval_accuracy": 0.4079591249280368,
        "eval_precision_macro": 0.43076181440748257,
        "eval_recall_macro": 0.3233788334743923,
        "eval_f1_macro": 0.3136384131071977,
        "eval_precision_micro": 0.4079591249280368,
        "eval_recall_micro": 0.4079591249280368,
        "eval_f1_micro": 0.4079591249280368,
        "eval_runtime": 5.2075,
        "eval_samples_per_second": 192.797,
        "eval_steps_per_second": 24.196
    }
}
