{
    "reconstructed_featural": {
        "eval_loss": 1.7363988161087036,
        "eval_model_preparation_time": 0.0279,
        "eval_precision": 0.5529411764705883,
        "eval_recall": 0.7899159663865546,
        "eval_f1": 0.6505190311418685,
        "eval_accuracy": 0.8090551181102362,
        "eval_runtime": 0.3502,
        "eval_samples_per_second": 285.571,
        "eval_steps_per_second": 37.124
    }
}
