{
    "reconstructed_featural": {
        "eval_loss": 1.7251657247543335,
        "eval_model_preparation_time": 0.0306,
        "eval_precision": 0.5529411764705883,
        "eval_recall": 0.7899159663865546,
        "eval_f1": 0.6505190311418685,
        "eval_accuracy": 0.8083989501312336,
        "eval_runtime": 0.3574,
        "eval_samples_per_second": 279.801,
        "eval_steps_per_second": 36.374
    }
}