{
    "reconstructed_featural": {
        "eval_loss": 3.5149292945861816,
        "eval_model_preparation_time": 0.0339,
        "eval_precision": 0.13329350856232577,
        "eval_recall": 0.2671828849684681,
        "eval_f1": 0.17785689613943725,
        "eval_accuracy": 0.6624388954947813,
        "eval_runtime": 57.0338,
        "eval_samples_per_second": 175.334,
        "eval_steps_per_second": 21.917
    },
    "reconstructed_syntactic": {
        "eval_loss": 3.4726696014404297,
        "eval_model_preparation_time": 0.0298,
        "eval_precision": 0.13352485144228876,
        "eval_recall": 0.2708549533008701,
        "eval_f1": 0.17887078918235014,
        "eval_accuracy": 0.6617460107749445,
        "eval_runtime": 55.6684,
        "eval_samples_per_second": 179.635,
        "eval_steps_per_second": 22.454
    },
    "reconstructed_morphological": {
        "eval_loss": 3.5453367233276367,
        "eval_model_preparation_time": 0.0297,
        "eval_precision": 0.14041730761645566,
        "eval_recall": 0.2841861578989383,
        "eval_f1": 0.1879619852164731,
        "eval_accuracy": 0.6515846802014064,
        "eval_runtime": 57.4536,
        "eval_samples_per_second": 174.053,
        "eval_steps_per_second": 21.757
    }
}
