{
    "reconstructed_featural": {
        "eval_loss": 8.276335716247559,
        "eval_model_preparation_time": 0.0298,
        "eval_accuracy": 0.3524165304692972,
        "eval_precision_macro": 0.40944191605360125,
        "eval_recall_macro": 0.25896411967677924,
        "eval_f1_macro": 0.25638902420129056,
        "eval_precision_micro": 0.3524165304692972,
        "eval_recall_micro": 0.3524165304692972,
        "eval_f1_micro": 0.3524165304692972,
        "eval_runtime": 5.2454,
        "eval_samples_per_second": 190.643,
        "eval_steps_per_second": 23.83
    },
    "reconstructed_syntactic": {
        "eval_loss": 8.296350479125977,
        "eval_model_preparation_time": 0.0289,
        "eval_accuracy": 0.3532103665654915,
        "eval_precision_macro": 0.41328180737773806,
        "eval_recall_macro": 0.2595727167059307,
        "eval_f1_macro": 0.2574627554670328,
        "eval_precision_micro": 0.3532103665654915,
        "eval_recall_micro": 0.3532103665654915,
        "eval_f1_micro": 0.3532103665654915,
        "eval_runtime": 5.2441,
        "eval_samples_per_second": 190.69,
        "eval_steps_per_second": 23.836
    },
    "reconstructed_morphological": {
        "eval_loss": 8.759564399719238,
        "eval_model_preparation_time": 0.0291,
        "eval_accuracy": 0.32776091524632267,
        "eval_precision_macro": 0.4023249356426901,
        "eval_recall_macro": 0.2487107575185584,
        "eval_f1_macro": 0.24372017592465808,
        "eval_precision_micro": 0.32776091524632267,
        "eval_recall_micro": 0.32776091524632267,
        "eval_f1_micro": 0.32776091524632267,
        "eval_runtime": 5.2398,
        "eval_samples_per_second": 190.848,
        "eval_steps_per_second": 23.856
    }
}