{
    "reconstructed_featural": {
        "exact_match": 53.529411764705884,
        "f1": 64.92226587604725
    }
}