{
    "reconstructed_featural": {
        "exact_match": 53.445378151260506,
        "f1": 64.41033989353303
    },
    "reconstructed_syntactic": {
        "exact_match": 53.529411764705884,
        "f1": 64.47336510361707
    },
    "reconstructed_morphological": {
        "exact_match": 53.445378151260506,
        "f1": 64.75559920938056
    }
}