{
    "reconstructed_featural": {
        "exact_match": 53.61344537815126,
        "f1": 64.99229388725172
    }
}
