{
    "reconstructed_featural": {
        "exact_match": 53.445378151260506,
        "f1": 64.79061321498283
    },
    "reconstructed_syntactic": {
        "exact_match": 53.445378151260506,
        "f1": 64.72058520377834
    },
    "reconstructed_morphological": {
        "exact_match": 53.445378151260506,
        "f1": 64.75559920938056
    }
}
