{
    "reconstructed_syntactic": {
        "exact_match": 53.36134453781513,
        "f1": 64.72058520377836
    },
    "reconstructed_morphological": {
        "exact_match": 53.445378151260506,
        "f1": 64.76260201050104
    }
}
