{
    "finetuned_model": {
        "eval_loss": 3.1871390342712402,
        "eval_model_preparation_time": 0.0023,
        "eval_accuracy": 0.5538656527249683,
        "eval_precision_macro": 0.40670198035541055,
        "eval_recall_macro": 0.3365382462890851,
        "eval_f1_macro": 0.33333092206711623,
        "eval_precision_micro": 0.5538656527249683,
        "eval_recall_micro": 0.5538656527249683,
        "eval_f1_micro": 0.5538656527249683,
        "eval_runtime": 0.4363,
        "eval_samples_per_second": 229.194,
        "eval_steps_per_second": 29.795
    }
}
