{
    "finetuned_model": {
        "eval_loss": 1.4846887588500977,
        "eval_model_preparation_time": 0.0021,
        "eval_precision": 0.2903225806451613,
        "eval_recall": 0.4669811320754717,
        "eval_f1": 0.35804701627486435,
        "eval_accuracy": 0.6519012152097217,
        "eval_runtime": 0.2813,
        "eval_samples_per_second": 355.528,
        "eval_steps_per_second": 46.219
    }
}