{
    "finetuned_model": {
        "eval_loss": 2.2583513259887695,
        "eval_model_preparation_time": 0.0021,
        "eval_precision": 0.46774193548387094,
        "eval_recall": 0.26126126126126126,
        "eval_f1": 0.3352601156069364,
        "eval_accuracy": 0.6745124411566913,
        "eval_runtime": 0.2874,
        "eval_samples_per_second": 347.944,
        "eval_steps_per_second": 45.233
    }
}
