{
    "finetuned_model": {
        "eval_loss": 5.017316818237305,
        "eval_model_preparation_time": 0.0022,
        "eval_precision": 0.20512820512820512,
        "eval_recall": 0.14414414414414414,
        "eval_f1": 0.1693121693121693,
        "eval_accuracy": 0.6301277740416947,
        "eval_runtime": 0.265,
        "eval_samples_per_second": 377.375,
        "eval_steps_per_second": 49.059
    }
}
