{
    "finetuned_model": {
        "eval_loss": 5.9508585929870605,
        "eval_model_preparation_time": 0.0023,
        "eval_accuracy": 0.33165115912316667,
        "eval_precision_macro": 0.3835376610372928,
        "eval_recall_macro": 0.3050713899386896,
        "eval_f1_macro": 0.26141464061202874,
        "eval_precision_micro": 0.33165115912316667,
        "eval_recall_micro": 0.33165115912316667,
        "eval_f1_micro": 0.33165115912316667,
        "eval_runtime": 4.5722,
        "eval_samples_per_second": 234.9,
        "eval_steps_per_second": 29.527
    }
}
