{
    "finetuned_model": {
        "eval_loss": 1.409366488456726,
        "eval_model_preparation_time": 0.0021,
        "eval_precision": 0.6058091286307054,
        "eval_recall": 0.6642402183803457,
        "eval_f1": 0.6336805555555555,
        "eval_accuracy": 0.7108247990309438,
        "eval_runtime": 1.4621,
        "eval_samples_per_second": 683.963,
        "eval_steps_per_second": 85.495
    }
}