{
    "finetuned_model": {
        "eval_loss": 2.06502628326416,
        "eval_model_preparation_time": 0.0021,
        "eval_precision": 0.22497045416174236,
        "eval_recall": 0.23669952926547652,
        "eval_f1": 0.23068599870157974,
        "eval_accuracy": 0.5655554055877986,
        "eval_runtime": 15.8593,
        "eval_samples_per_second": 630.546,
        "eval_steps_per_second": 78.818
    }
}