{
    "finetuned_model": {
        "eval_loss": 2.000861406326294,
        "eval_model_preparation_time": 0.0023,
        "eval_accuracy": 0.684400751770999,
        "eval_precision_macro": 0.4804616327251546,
        "eval_recall_macro": 0.5481549305180995,
        "eval_f1_macro": 0.4844257340257937,
        "eval_precision_micro": 0.684400751770999,
        "eval_recall_micro": 0.684400751770999,
        "eval_f1_micro": 0.684400751770999,
        "eval_runtime": 4.301,
        "eval_samples_per_second": 232.502,
        "eval_steps_per_second": 29.063
    }
}
