{
    "finetuned_model": {
        "eval_loss": 3.391071081161499,
        "eval_model_preparation_time": 0.0024,
        "eval_accuracy": 0.6329815430581659,
        "eval_precision_macro": 0.49156066962288414,
        "eval_recall_macro": 0.5081063403337549,
        "eval_f1_macro": 0.46764930565037294,
        "eval_precision_micro": 0.6329815430581659,
        "eval_recall_micro": 0.6329815430581659,
        "eval_f1_micro": 0.6329815430581659,
        "eval_runtime": 4.3113,
        "eval_samples_per_second": 231.949,
        "eval_steps_per_second": 28.994
    }
}
