{
    "finetuned_model": {
        "eval_loss": 2.1347382068634033,
        "eval_model_preparation_time": 0.0023,
        "eval_precision": 0.6330532212885154,
        "eval_recall": 0.6975308641975309,
        "eval_f1": 0.6637298091042584,
        "eval_accuracy": 0.7951589000493989,
        "eval_runtime": 1.7216,
        "eval_samples_per_second": 580.856,
        "eval_steps_per_second": 72.607
    }
}