{
    "finetuned_model": {
        "eval_loss": 0.8505883812904358,
        "eval_model_preparation_time": 0.0021,
        "eval_precision": 0.6236065573770492,
        "eval_recall": 0.7337962962962963,
        "eval_f1": 0.6742289968096421,
        "eval_accuracy": 0.8065206652395851,
        "eval_runtime": 1.7041,
        "eval_samples_per_second": 586.828,
        "eval_steps_per_second": 73.353
    }
}
