{
    "finetuned_model": {
        "eval_loss": 2.8697614669799805,
        "eval_model_preparation_time": 0.002,
        "eval_precision": 0.23648648648648649,
        "eval_recall": 0.3333333333333333,
        "eval_f1": 0.2766798418972332,
        "eval_accuracy": 0.4818181818181818,
        "eval_runtime": 0.2294,
        "eval_samples_per_second": 435.902,
        "eval_steps_per_second": 56.667
    }
}
