{
    "finetuned_model": {
        "eval_loss": 5.621699810028076,
        "eval_model_preparation_time": 0.0023,
        "eval_precision": 0.4396551724137931,
        "eval_recall": 0.4857142857142857,
        "eval_f1": 0.4615384615384615,
        "eval_accuracy": 0.6051948051948052,
        "eval_runtime": 0.1838,
        "eval_samples_per_second": 544.015,
        "eval_steps_per_second": 70.722
    }
}
