{
    "finetuned_model": {
        "eval_loss": 1.3411391973495483,
        "eval_model_preparation_time": 0.002,
        "eval_precision": 0.5042016806722689,
        "eval_recall": 0.5882352941176471,
        "eval_f1": 0.5429864253393665,
        "eval_accuracy": 0.6636971046770601,
        "eval_runtime": 0.2326,
        "eval_samples_per_second": 429.886,
        "eval_steps_per_second": 55.885
    }
}
