{
    "finetuned_model": {
        "eval_loss": 2.4844346046447754,
        "eval_model_preparation_time": 0.0022,
        "eval_accuracy": 0.7776246453182002,
        "eval_precision_macro": 0.6557189888394603,
        "eval_recall_macro": 0.6279882438841727,
        "eval_f1_macro": 0.6055078887446238,
        "eval_precision_micro": 0.7776246453182002,
        "eval_recall_micro": 0.7776246453182002,
        "eval_f1_micro": 0.7776246453182002,
        "eval_runtime": 3.8332,
        "eval_samples_per_second": 231.921,
        "eval_steps_per_second": 29.218
    }
}
