{
    "finetuned_model": {
        "eval_loss": 0.8057848215103149,
        "eval_model_preparation_time": 0.0021,
        "eval_precision": 0.6057219791316055,
        "eval_recall": 0.6399715504978662,
        "eval_f1": 0.6223759294483832,
        "eval_accuracy": 0.8221093204991791,
        "eval_runtime": 19.7742,
        "eval_samples_per_second": 505.709,
        "eval_steps_per_second": 63.214
    }
}
