{
    "finetuned_model": {
        "eval_loss": 1.9153343439102173,
        "eval_model_preparation_time": 0.0022,
        "eval_accuracy": 0.824980920885271,
        "eval_precision_macro": 0.577249244221418,
        "eval_recall_macro": 0.5866089571097253,
        "eval_f1_macro": 0.5693943034825854,
        "eval_precision_micro": 0.824980920885271,
        "eval_recall_micro": 0.824980920885271,
        "eval_f1_micro": 0.824980920885271,
        "eval_runtime": 4.7815,
        "eval_samples_per_second": 233.4,
        "eval_steps_per_second": 29.28
    }
}