{
    "finetuned_model": {
        "eval_loss": 4.147511005401611,
        "eval_model_preparation_time": 0.0023,
        "eval_accuracy": 0.41490963855421686,
        "eval_precision_macro": 0.33462117248702905,
        "eval_recall_macro": 0.2950161277830684,
        "eval_f1_macro": 0.2470868057963705,
        "eval_precision_micro": 0.41490963855421686,
        "eval_recall_micro": 0.41490963855421686,
        "eval_f1_micro": 0.41490963855421686,
        "eval_runtime": 1.5428,
        "eval_samples_per_second": 231.394,
        "eval_steps_per_second": 29.167
    }
}