{
    "finetuned_model": {
        "eval_loss": 1.3122447729110718,
        "eval_model_preparation_time": 0.0021,
        "eval_precision": 0.39634146341463417,
        "eval_recall": 0.5250403877221325,
        "eval_f1": 0.45170257123002083,
        "eval_accuracy": 0.6920412875186744,
        "eval_runtime": 2.0361,
        "eval_samples_per_second": 491.133,
        "eval_steps_per_second": 61.392
    }
}
