{
    "finetuned_model": {
        "eval_loss": 4.961728096008301,
        "eval_model_preparation_time": 0.0024,
        "eval_accuracy": 0.39350599149594123,
        "eval_precision_macro": 0.317252068373562,
        "eval_recall_macro": 0.40044575522183107,
        "eval_f1_macro": 0.2697177839390904,
        "eval_precision_micro": 0.39350599149594123,
        "eval_recall_micro": 0.39350599149594123,
        "eval_f1_micro": 0.39350599149594123,
        "eval_runtime": 3.8082,
        "eval_samples_per_second": 233.181,
        "eval_steps_per_second": 29.148
    }
}