{
    "finetuned_model": {
        "eval_loss": 0.6263216733932495,
        "eval_model_preparation_time": 0.002,
        "eval_precision": 0.6852889386905715,
        "eval_recall": 0.7426489721571689,
        "eval_f1": 0.7128168838196728,
        "eval_accuracy": 0.850566160808015,
        "eval_runtime": 16.2423,
        "eval_samples_per_second": 615.675,
        "eval_steps_per_second": 76.959
    }
}
