{
    "finetuned_model": {
        "eval_loss": 1.9484260082244873,
        "eval_model_preparation_time": 0.0023,
        "eval_precision": 0.7015333609614588,
        "eval_recall": 0.7341486685748981,
        "eval_f1": 0.7174705433584811,
        "eval_accuracy": 0.8255959721556917,
        "eval_runtime": 17.01,
        "eval_samples_per_second": 587.891,
        "eval_steps_per_second": 73.486
    }
}
