{
    "finetuned_model": {
        "eval_loss": 2.0076568126678467,
        "eval_model_preparation_time": 0.0021,
        "eval_precision": 0.25675675675675674,
        "eval_recall": 0.5089285714285714,
        "eval_f1": 0.34131736526946105,
        "eval_accuracy": 0.4971387696709585,
        "eval_runtime": 0.2299,
        "eval_samples_per_second": 435.055,
        "eval_steps_per_second": 56.557
    }
}
