{
    "finetuned_model": {
        "eval_loss": 4.745372295379639,
        "eval_model_preparation_time": 0.0021,
        "eval_precision": 0.16049382716049382,
        "eval_recall": 0.03721374045801527,
        "eval_f1": 0.060418280402788536,
        "eval_accuracy": 0.31116656269494697,
        "eval_runtime": 2.0979,
        "eval_samples_per_second": 476.678,
        "eval_steps_per_second": 59.585
    }
}
