{
    "finetuned_model": {
        "eval_loss": 1.8826981782913208,
        "eval_model_preparation_time": 0.0021,
        "eval_precision": 0.40939597315436244,
        "eval_recall": 0.5980392156862745,
        "eval_f1": 0.48605577689243024,
        "eval_accuracy": 0.6429308565531475,
        "eval_runtime": 0.2383,
        "eval_samples_per_second": 419.575,
        "eval_steps_per_second": 54.545
    }
}
