{
    "finetuned_model": {
        "eval_loss": 11.087052345275879,
        "eval_model_preparation_time": 0.0021,
        "eval_accuracy": 0.0009109542245502164,
        "eval_precision_macro": 0.0625,
        "eval_recall_macro": 0.0014563106796116505,
        "eval_f1_macro": 0.0028462998102466793,
        "eval_precision_micro": 0.0009109542245502164,
        "eval_recall_micro": 0.0009109542245502164,
        "eval_f1_micro": 0.0009109542245502164,
        "eval_runtime": 1.7586,
        "eval_samples_per_second": 229.154,
        "eval_steps_per_second": 29.0
    }
}
