{
    "finetuned_model": {
        "eval_loss": 14.294468879699707,
        "eval_model_preparation_time": 0.0022,
        "eval_accuracy": 0.010703712138465042,
        "eval_precision_macro": 0.06162587412587413,
        "eval_recall_macro": 0.017111650485436895,
        "eval_f1_macro": 0.026785714285714284,
        "eval_precision_micro": 0.010703712138465042,
        "eval_recall_micro": 0.010703712138465042,
        "eval_f1_micro": 0.010703712138465042,
        "eval_runtime": 1.7827,
        "eval_samples_per_second": 226.055,
        "eval_steps_per_second": 28.607
    }
}