{
    "finetuned_model": {
        "eval_loss": 0.5344154238700867,
        "eval_model_preparation_time": 0.0021,
        "eval_precision": 0.6004149899396378,
        "eval_recall": 0.6620675310268321,
        "eval_f1": 0.6297358789197744,
        "eval_accuracy": 0.8611410044150111,
        "eval_runtime": 18.3716,
        "eval_samples_per_second": 544.318,
        "eval_steps_per_second": 68.04
    }
}