{
    "finetuned_model": {
        "eval_loss": 2.945870876312256,
        "eval_model_preparation_time": 0.0023,
        "eval_accuracy": 0.7278765802442683,
        "eval_precision_macro": 0.5155144097344657,
        "eval_recall_macro": 0.5236993242351257,
        "eval_f1_macro": 0.4973564022239593,
        "eval_precision_micro": 0.7278765802442683,
        "eval_recall_micro": 0.7278765802442683,
        "eval_f1_micro": 0.7278765802442683,
        "eval_runtime": 4.3107,
        "eval_samples_per_second": 231.981,
        "eval_steps_per_second": 28.998
    }
}
