{
    "finetuned_model": {
        "eval_loss": 1.5156662464141846,
        "eval_model_preparation_time": 0.0023,
        "eval_accuracy": 0.8110134990357831,
        "eval_precision_macro": 0.5774332419416226,
        "eval_recall_macro": 0.6136029811073069,
        "eval_f1_macro": 0.5762821920037038,
        "eval_precision_micro": 0.8110134990357831,
        "eval_recall_micro": 0.8110134990357831,
        "eval_f1_micro": 0.8110134990357831,
        "eval_runtime": 4.2911,
        "eval_samples_per_second": 233.042,
        "eval_steps_per_second": 29.13
    }
}
