{
    "finetuned_model": {
        "eval_loss": 2.798854351043701,
        "eval_model_preparation_time": 0.0022,
        "eval_precision": 0.436241610738255,
        "eval_recall": 0.5118110236220472,
        "eval_f1": 0.47101449275362317,
        "eval_accuracy": 0.7175052410901468,
        "eval_runtime": 0.2436,
        "eval_samples_per_second": 410.454,
        "eval_steps_per_second": 53.359
    }
}