{
    "finetuned_model": {
        "eval_loss": 3.342519521713257,
        "eval_model_preparation_time": 0.0023,
        "eval_precision": 0.3834920634920635,
        "eval_recall": 0.5012448132780083,
        "eval_f1": 0.4345323741007194,
        "eval_accuracy": 0.7019494875058618,
        "eval_runtime": 1.8177,
        "eval_samples_per_second": 550.145,
        "eval_steps_per_second": 68.768
    }
}