{
    "finetuned_model": {
        "eval_loss": 3.709496259689331,
        "eval_model_preparation_time": 0.0021,
        "eval_accuracy": 0.498755715029805,
        "eval_precision_macro": 0.39206108244066873,
        "eval_recall_macro": 0.411499177331844,
        "eval_f1_macro": 0.3737951210970643,
        "eval_precision_micro": 0.498755715029805,
        "eval_recall_micro": 0.498755715029805,
        "eval_f1_micro": 0.498755715029805,
        "eval_runtime": 4.14,
        "eval_samples_per_second": 230.196,
        "eval_steps_per_second": 28.986
    }
}
