{
    "finetuned_model": {
        "eval_loss": 5.8480916023254395,
        "eval_model_preparation_time": 0.0022,
        "eval_accuracy": 0.45338271890734416,
        "eval_precision_macro": 0.373767730545536,
        "eval_recall_macro": 0.3682468424000689,
        "eval_f1_macro": 0.3460102700696834,
        "eval_precision_micro": 0.45338271890734416,
        "eval_recall_micro": 0.45338271890734416,
        "eval_f1_micro": 0.45338271890734416,
        "eval_runtime": 4.1358,
        "eval_samples_per_second": 230.427,
        "eval_steps_per_second": 29.015
    }
}
