{
    "finetuned_model": {
        "eval_loss": 0.4080066978931427,
        "eval_model_preparation_time": 0.002,
        "eval_precision": 0.6752424302394617,
        "eval_recall": 0.7472623740692071,
        "eval_f1": 0.7094292546002702,
        "eval_accuracy": 0.8967900384117167,
        "eval_runtime": 17.9299,
        "eval_samples_per_second": 557.726,
        "eval_steps_per_second": 69.716
    }
}
