{
    "finetuned_model": {
        "eval_loss": 1.129234790802002,
        "eval_model_preparation_time": 0.0021,
        "eval_accuracy": 0.8516412251820812,
        "eval_precision_macro": 0.7023272194049414,
        "eval_recall_macro": 0.7359139535038604,
        "eval_f1_macro": 0.7118953022474952,
        "eval_precision_micro": 0.8516412251820812,
        "eval_recall_micro": 0.8516412251820812,
        "eval_f1_micro": 0.8516412251820812,
        "eval_runtime": 2.4271,
        "eval_samples_per_second": 232.79,
        "eval_steps_per_second": 29.253
    }
}
