{
    "finetuned_model": {
        "eval_loss": 0.6075595021247864,
        "eval_model_preparation_time": 0.0021,
        "eval_precision": 0.5444536033914272,
        "eval_recall": 0.6667868474185175,
        "eval_f1": 0.5994424996758719,
        "eval_accuracy": 0.8440999357755579,
        "eval_runtime": 18.8201,
        "eval_samples_per_second": 531.347,
        "eval_steps_per_second": 66.418
    }
}
