{
    "finetuned_model": {
        "eval_loss": 2.2728993892669678,
        "eval_model_preparation_time": 0.0023,
        "eval_precision": 0.4870875995449374,
        "eval_recall": 0.6174646668589558,
        "eval_f1": 0.5445815314169423,
        "eval_accuracy": 0.778101372876937,
        "eval_runtime": 19.1726,
        "eval_samples_per_second": 521.578,
        "eval_steps_per_second": 65.197
    }
}
