{
    "finetuned_model": {
        "exact_match": 44.36974789915966,
        "f1": 61.08611835743381
    }
}
