{
    "finetuned_model": {
        "eval_loss": 2.1350643634796143,
        "eval_model_preparation_time": 0.0021,
        "eval_precision": 0.2,
        "eval_recall": 0.328,
        "eval_f1": 0.2484848484848485,
        "eval_accuracy": 0.520265780730897,
        "eval_runtime": 0.2391,
        "eval_samples_per_second": 418.192,
        "eval_steps_per_second": 54.365
    }
}
