{
    "finetuned_model": {
        "eval_loss": 2.3918886184692383,
        "eval_model_preparation_time": 0.0022,
        "eval_precision": 0.4847498983326555,
        "eval_recall": 0.4899704044722131,
        "eval_f1": 0.4873461711435464,
        "eval_accuracy": 0.7768463595710029,
        "eval_runtime": 20.4216,
        "eval_samples_per_second": 489.678,
        "eval_steps_per_second": 61.21
    }
}