{
    "finetuned_model": {
        "eval_loss": 0.9949414134025574,
        "eval_model_preparation_time": 0.0021,
        "eval_precision": 0.49275583346042395,
        "eval_recall": 0.531239723775074,
        "eval_f1": 0.5112746261571327,
        "eval_accuracy": 0.796983512263673,
        "eval_runtime": 20.0451,
        "eval_samples_per_second": 498.874,
        "eval_steps_per_second": 62.359
    }
}
