{
    "finetuned_model": {
        "exact_match": 34.95798319327731,
        "f1": 55.6694028669326
    }
}
