{
    "finetuned_model": {
        "eval_loss": 0.4833637773990631,
        "eval_model_preparation_time": 0.0025,
        "eval_accuracy": 0.9605815984515885,
        "eval_precision_macro": 0.864023203994895,
        "eval_recall_macro": 0.8653642839149971,
        "eval_f1_macro": 0.8597034295466739,
        "eval_precision_micro": 0.9605815984515885,
        "eval_recall_micro": 0.9605815984515885,
        "eval_f1_micro": 0.9605815984515885,
        "eval_runtime": 4.3502,
        "eval_samples_per_second": 229.876,
        "eval_steps_per_second": 28.735
    }
}
