{
    "finetuned_model": {
        "eval_loss": 3.4453773498535156,
        "eval_model_preparation_time": 0.0021,
        "eval_precision": 0.4941033249638591,
        "eval_recall": 0.5674093490607252,
        "eval_f1": 0.5282251504799089,
        "eval_accuracy": 0.7164414914513126,
        "eval_runtime": 16.9711,
        "eval_samples_per_second": 589.237,
        "eval_steps_per_second": 73.655
    }
}
