{
    "finetuned_model": {
        "eval_loss": 1.1454334259033203,
        "eval_model_preparation_time": 0.0021,
        "eval_precision": 0.5094181346755129,
        "eval_recall": 0.5836609873307121,
        "eval_f1": 0.5440182425278932,
        "eval_accuracy": 0.7508241242079013,
        "eval_runtime": 16.5265,
        "eval_samples_per_second": 605.088,
        "eval_steps_per_second": 75.636
    }
}