{
    "finetuned_model": {
        "eval_loss": 1.4444314241409302,
        "eval_model_preparation_time": 0.0023,
        "eval_accuracy": 0.8036796901313573,
        "eval_precision_macro": 0.6423603507932825,
        "eval_recall_macro": 0.6594370950201963,
        "eval_f1_macro": 0.625689887428459,
        "eval_precision_micro": 0.8036796901313573,
        "eval_recall_micro": 0.8036796901313573,
        "eval_f1_micro": 0.8036796901313573,
        "eval_runtime": 4.3319,
        "eval_samples_per_second": 230.848,
        "eval_steps_per_second": 28.856
    }
}
