{
    "finetuned_model": {
        "eval_loss": 2.1040561199188232,
        "eval_model_preparation_time": 0.0022,
        "eval_precision": 0.5050609245051899,
        "eval_recall": 0.5639216815433343,
        "eval_f1": 0.5328707954970581,
        "eval_accuracy": 0.7859590985923021,
        "eval_runtime": 19.07,
        "eval_samples_per_second": 524.385,
        "eval_steps_per_second": 65.548
    }
}