{
    "finetuned_model": {
        "eval_loss": 2.1156058311462402,
        "eval_model_preparation_time": 0.0021,
        "eval_accuracy": 0.7028693203440141,
        "eval_precision_macro": 0.5119896799527394,
        "eval_recall_macro": 0.5378072445124138,
        "eval_f1_macro": 0.5007778028406452,
        "eval_precision_micro": 0.7028693203440141,
        "eval_recall_micro": 0.7028693203440141,
        "eval_f1_micro": 0.7028693203440141,
        "eval_runtime": 3.9167,
        "eval_samples_per_second": 233.103,
        "eval_steps_per_second": 29.361
    }
}
