{
    "finetuned_model": {
        "eval_loss": 4.23482608795166,
        "eval_model_preparation_time": 0.0022,
        "eval_accuracy": 0.5744235660950193,
        "eval_precision_macro": 0.38129422014651637,
        "eval_recall_macro": 0.2916160910946948,
        "eval_f1_macro": 0.2777531561062816,
        "eval_precision_micro": 0.5744235660950193,
        "eval_recall_micro": 0.5744235660950193,
        "eval_f1_micro": 0.5744235660950193,
        "eval_runtime": 7.705,
        "eval_samples_per_second": 233.486,
        "eval_steps_per_second": 29.202
    }
}
