{
    "finetuned_model": {
        "eval_loss": 2.807290554046631,
        "eval_model_preparation_time": 0.0023,
        "eval_precision": 0.20634920634920634,
        "eval_recall": 0.3577981651376147,
        "eval_f1": 0.26174496644295303,
        "eval_accuracy": 0.7068607068607069,
        "eval_runtime": 0.3091,
        "eval_samples_per_second": 323.555,
        "eval_steps_per_second": 42.062
    }
}
