{
    "finetuned_model": {
        "eval_loss": 1.9338597059249878,
        "eval_model_preparation_time": 0.0021,
        "eval_accuracy": 0.6937938746350252,
        "eval_precision_macro": 0.503885461126949,
        "eval_recall_macro": 0.5424808257762951,
        "eval_f1_macro": 0.4970696455351498,
        "eval_precision_micro": 0.6937938746350252,
        "eval_recall_micro": 0.6937938746350252,
        "eval_f1_micro": 0.6937938746350252,
        "eval_runtime": 2.6451,
        "eval_samples_per_second": 226.839,
        "eval_steps_per_second": 28.355
    }
}
