{
    "finetuned_model": {
        "eval_loss": 0.9126197695732117,
        "eval_model_preparation_time": 0.0021,
        "eval_precision": 0.39766081871345027,
        "eval_recall": 0.5666666666666667,
        "eval_f1": 0.46735395189003437,
        "eval_accuracy": 0.7596702599873177,
        "eval_runtime": 0.2126,
        "eval_samples_per_second": 470.295,
        "eval_steps_per_second": 61.138
    }
}
