{
    "finetuned_model": {
        "eval_loss": 2.10127329826355,
        "eval_model_preparation_time": 0.0023,
        "eval_precision": 0.5294117647058824,
        "eval_recall": 0.6,
        "eval_f1": 0.5625,
        "eval_accuracy": 0.8021559923906151,
        "eval_runtime": 0.2292,
        "eval_samples_per_second": 436.252,
        "eval_steps_per_second": 56.713
    }
}
