{
    "finetuned_model": {
        "eval_loss": 0.8370854258537292,
        "eval_model_preparation_time": 0.0022,
        "eval_precision": 0.6246500559910414,
        "eval_recall": 0.6675891988929613,
        "eval_f1": 0.64540622627183,
        "eval_accuracy": 0.8050528563427611,
        "eval_runtime": 16.9549,
        "eval_samples_per_second": 589.8,
        "eval_steps_per_second": 73.725
    }
}