{
    "finetuned_model": {
        "eval_loss": 4.116687774658203,
        "eval_model_preparation_time": 0.0022,
        "eval_accuracy": 0.6002370136282836,
        "eval_precision_macro": 0.5379956419553122,
        "eval_recall_macro": 0.45359041956093527,
        "eval_f1_macro": 0.4622003882883733,
        "eval_precision_micro": 0.6002370136282836,
        "eval_recall_micro": 0.6002370136282836,
        "eval_f1_micro": 0.6002370136282836,
        "eval_runtime": 3.1434,
        "eval_samples_per_second": 232.234,
        "eval_steps_per_second": 29.268
    }
}
