{
    "finetuned_model": {
        "eval_loss": 0.7725706696510315,
        "eval_model_preparation_time": 0.002,
        "eval_precision": 0.5357142857142857,
        "eval_recall": 0.6474820143884892,
        "eval_f1": 0.5863192182410424,
        "eval_accuracy": 0.8129041326960922,
        "eval_runtime": 1.8789,
        "eval_samples_per_second": 532.215,
        "eval_steps_per_second": 66.527
    }
}