{
    "finetuned_model": {
        "eval_loss": 3.0905017852783203,
        "eval_model_preparation_time": 0.0021,
        "eval_precision": 0.35714285714285715,
        "eval_recall": 0.1485148514851485,
        "eval_f1": 0.2097902097902098,
        "eval_accuracy": 0.5278969957081545,
        "eval_runtime": 0.3036,
        "eval_samples_per_second": 329.388,
        "eval_steps_per_second": 42.82
    }
}
