{
    "finetuned_model": {
        "eval_loss": 1.5927748680114746,
        "eval_model_preparation_time": 0.0021,
        "eval_precision": 0.3835616438356164,
        "eval_recall": 0.47863247863247865,
        "eval_f1": 0.4258555133079847,
        "eval_accuracy": 0.662826420890937,
        "eval_runtime": 0.262,
        "eval_samples_per_second": 381.691,
        "eval_steps_per_second": 49.62
    }
}
