{
    "finetuned_model": {
        "eval_loss": 5.2017412185668945,
        "eval_model_preparation_time": 0.0021,
        "eval_accuracy": 0.3661064425770308,
        "eval_precision_macro": 0.36489911547765935,
        "eval_recall_macro": 0.3160972280876334,
        "eval_f1_macro": 0.2832868856523009,
        "eval_precision_micro": 0.3661064425770308,
        "eval_recall_micro": 0.3661064425770308,
        "eval_f1_micro": 0.3661064425770308,
        "eval_runtime": 2.3298,
        "eval_samples_per_second": 230.92,
        "eval_steps_per_second": 29.187
    }
}