{
    "finetuned_model": {
        "eval_loss": 7.693892955780029,
        "eval_model_preparation_time": 0.0022,
        "eval_accuracy": 0.3138188608776844,
        "eval_precision_macro": 0.42335985230042783,
        "eval_recall_macro": 0.28440746820842033,
        "eval_f1_macro": 0.27675675443144687,
        "eval_precision_micro": 0.3138188608776844,
        "eval_recall_micro": 0.3138188608776844,
        "eval_f1_micro": 0.3138188608776844,
        "eval_runtime": 2.369,
        "eval_samples_per_second": 227.104,
        "eval_steps_per_second": 28.705
    }
}