{
    "finetuned_model": {
        "eval_loss": 2.8707308769226074,
        "eval_model_preparation_time": 0.0023,
        "eval_precision": 0.10236220472440945,
        "eval_recall": 0.09701492537313433,
        "eval_f1": 0.09961685823754791,
        "eval_accuracy": 0.7263331955353451,
        "eval_runtime": 0.271,
        "eval_samples_per_second": 369.058,
        "eval_steps_per_second": 47.978
    }
}