{
    "finetuned_model": {
        "eval_loss": 1.3664462566375732,
        "eval_model_preparation_time": 0.0021,
        "eval_precision": 0.2391304347826087,
        "eval_recall": 0.16417910447761194,
        "eval_f1": 0.1946902654867257,
        "eval_accuracy": 0.7775940471269119,
        "eval_runtime": 0.2721,
        "eval_samples_per_second": 367.46,
        "eval_steps_per_second": 47.77
    }
}
