{
    "finetuned_model": {
        "eval_loss": 8.397314071655273,
        "eval_model_preparation_time": 0.0023,
        "eval_accuracy": 0.2440884820747521,
        "eval_precision_macro": 0.16427664749481238,
        "eval_recall_macro": 0.13584389430024837,
        "eval_f1_macro": 0.08325497715200553,
        "eval_precision_micro": 0.2440884820747521,
        "eval_recall_micro": 0.2440884820747521,
        "eval_f1_micro": 0.2440884820747521,
        "eval_runtime": 0.4324,
        "eval_samples_per_second": 226.621,
        "eval_steps_per_second": 30.062
    }
}