{
    "finetuned_model": {
        "eval_loss": 8.315306663513184,
        "eval_model_preparation_time": 0.0024,
        "eval_accuracy": 0.23107815878900217,
        "eval_precision_macro": 0.26723304978172885,
        "eval_recall_macro": 0.21742715597091483,
        "eval_f1_macro": 0.1705968405433026,
        "eval_precision_micro": 0.23107815878900217,
        "eval_recall_micro": 0.23107815878900217,
        "eval_f1_micro": 0.23107815878900217,
        "eval_runtime": 1.2877,
        "eval_samples_per_second": 225.98,
        "eval_steps_per_second": 28.733
    }
}
