{
    "finetuned_model": {
        "eval_loss": 5.197398662567139,
        "eval_model_preparation_time": 0.0023,
        "eval_precision": 0.21518987341772153,
        "eval_recall": 0.3119266055045872,
        "eval_f1": 0.2546816479400749,
        "eval_accuracy": 0.5141158989598811,
        "eval_runtime": 0.3308,
        "eval_samples_per_second": 302.294,
        "eval_steps_per_second": 39.298
    }
}
