{
    "finetuned_model": {
        "eval_loss": 4.254982948303223,
        "eval_model_preparation_time": 0.0023,
        "eval_precision": 0.22944468359879466,
        "eval_recall": 0.15564315958534092,
        "eval_f1": 0.18547194432361896,
        "eval_accuracy": 0.6305031446540881,
        "eval_runtime": 19.1415,
        "eval_samples_per_second": 522.426,
        "eval_steps_per_second": 65.303
    }
}