{
    "finetuned_model": {
        "eval_loss": 4.015924453735352,
        "eval_model_preparation_time": 0.0023,
        "eval_precision": 0.44810543657331137,
        "eval_recall": 0.44299674267100975,
        "eval_f1": 0.4455364455364455,
        "eval_accuracy": 0.6258701787394167,
        "eval_runtime": 1.8823,
        "eval_samples_per_second": 531.259,
        "eval_steps_per_second": 66.407
    }
}
