{
    "finetuned_model": {
        "eval_loss": 2.670128583908081,
        "eval_model_preparation_time": 0.0023,
        "eval_precision": 0.4358974358974359,
        "eval_recall": 0.5483870967741935,
        "eval_f1": 0.4857142857142857,
        "eval_accuracy": 0.7237880496054115,
        "eval_runtime": 0.2274,
        "eval_samples_per_second": 439.789,
        "eval_steps_per_second": 57.173
    }
}
