{
    "finetuned_model": {
        "eval_loss": 0.6397916078567505,
        "eval_model_preparation_time": 0.0021,
        "eval_precision": 0.5334747613402383,
        "eval_recall": 0.6036856598178352,
        "eval_f1": 0.5664127194435243,
        "eval_accuracy": 0.8368694271405888,
        "eval_runtime": 20.3643,
        "eval_samples_per_second": 491.056,
        "eval_steps_per_second": 61.382
    }
}