{
    "finetuned_model": {
        "eval_loss": 1.3710954189300537,
        "eval_model_preparation_time": 0.0021,
        "eval_accuracy": 0.8097836492437297,
        "eval_precision_macro": 0.525625790273376,
        "eval_recall_macro": 0.5264711965882185,
        "eval_f1_macro": 0.5120419276656697,
        "eval_precision_micro": 0.8097836492437297,
        "eval_recall_micro": 0.8097836492437297,
        "eval_f1_micro": 0.8097836492437297,
        "eval_runtime": 1.9515,
        "eval_samples_per_second": 230.077,
        "eval_steps_per_second": 29.208
    }
}
