{
    "finetuned_model": {
        "eval_loss": 2.288787364959717,
        "eval_model_preparation_time": 0.0022,
        "eval_accuracy": 0.7762780011487651,
        "eval_precision_macro": 0.5385214460191233,
        "eval_recall_macro": 0.5106894957353108,
        "eval_f1_macro": 0.5040544523060015,
        "eval_precision_micro": 0.7762780011487651,
        "eval_recall_micro": 0.7762780011487651,
        "eval_f1_micro": 0.7762780011487651,
        "eval_runtime": 1.9735,
        "eval_samples_per_second": 227.511,
        "eval_steps_per_second": 28.882
    }
}
