{
    "finetuned_model": {
        "eval_loss": 2.5801680088043213,
        "eval_model_preparation_time": 0.0021,
        "eval_precision": 0.34523809523809523,
        "eval_recall": 0.20695807314897413,
        "eval_f1": 0.2587841606246515,
        "eval_accuracy": 0.5583285339476547,
        "eval_runtime": 1.8732,
        "eval_samples_per_second": 533.853,
        "eval_steps_per_second": 66.732
    }
}
