{
    "finetuned_model": {
        "eval_loss": 1.5029114484786987,
        "eval_model_preparation_time": 0.0022,
        "eval_accuracy": 0.7584215591915303,
        "eval_precision_macro": 0.5638862402708112,
        "eval_recall_macro": 0.583009395738028,
        "eval_f1_macro": 0.539403781833705,
        "eval_precision_micro": 0.7584215591915303,
        "eval_recall_micro": 0.7584215591915303,
        "eval_f1_micro": 0.7584215591915303,
        "eval_runtime": 1.21,
        "eval_samples_per_second": 229.753,
        "eval_steps_per_second": 28.926
    }
}
