{
    "finetuned_model": {
        "eval_loss": 2.13822603225708,
        "eval_model_preparation_time": 0.0022,
        "eval_accuracy": 0.7482194417709336,
        "eval_precision_macro": 0.5895724913164329,
        "eval_recall_macro": 0.5505322125713898,
        "eval_f1_macro": 0.5474622867512786,
        "eval_precision_micro": 0.7482194417709336,
        "eval_recall_micro": 0.7482194417709336,
        "eval_f1_micro": 0.7482194417709336,
        "eval_runtime": 1.1928,
        "eval_samples_per_second": 233.069,
        "eval_steps_per_second": 29.343
    }
}