{
    "finetuned_model": {
        "eval_loss": 2.0030996799468994,
        "eval_model_preparation_time": 0.0024,
        "eval_accuracy": 0.80272040302267,
        "eval_precision_macro": 0.7237088133199091,
        "eval_recall_macro": 0.6666549459579659,
        "eval_f1_macro": 0.6582481457847807,
        "eval_precision_micro": 0.80272040302267,
        "eval_recall_micro": 0.80272040302267,
        "eval_f1_micro": 0.80272040302267,
        "eval_runtime": 4.3361,
        "eval_samples_per_second": 230.623,
        "eval_steps_per_second": 28.828
    }
}