{
    "finetuned_model": {
        "eval_loss": 3.392791748046875,
        "eval_model_preparation_time": 0.0022,
        "eval_precision": 0.5384615384615384,
        "eval_recall": 0.6116504854368932,
        "eval_f1": 0.5727272727272726,
        "eval_accuracy": 0.6736958934517203,
        "eval_runtime": 0.2001,
        "eval_samples_per_second": 499.696,
        "eval_steps_per_second": 64.96
    }
}
