{
    "finetuned_model": {
        "eval_loss": 1.2387912273406982,
        "eval_model_preparation_time": 0.0025,
        "eval_accuracy": 0.8108839925670295,
        "eval_precision_macro": 0.6349563301093741,
        "eval_recall_macro": 0.6810603484061494,
        "eval_f1_macro": 0.639082132287339,
        "eval_precision_micro": 0.8108839925670295,
        "eval_recall_micro": 0.8108839925670295,
        "eval_f1_micro": 0.8108839925670295,
        "eval_runtime": 4.3019,
        "eval_samples_per_second": 232.457,
        "eval_steps_per_second": 29.057
    }
}
