{
    "finetuned_model": {
        "eval_loss": 1.7728002071380615,
        "eval_model_preparation_time": 0.0023,
        "eval_precision": 0.6593638087212976,
        "eval_recall": 0.6829587606371372,
        "eval_f1": 0.6709539121114684,
        "eval_accuracy": 0.8420842759720708,
        "eval_runtime": 17.8488,
        "eval_samples_per_second": 560.262,
        "eval_steps_per_second": 70.033
    }
}