{
    "finetuned_model": {
        "eval_loss": 0.6390030384063721,
        "eval_model_preparation_time": 0.0021,
        "eval_precision": 0.638972396829735,
        "eval_recall": 0.6801949232671467,
        "eval_f1": 0.6589395807644883,
        "eval_accuracy": 0.8544050389804854,
        "eval_runtime": 17.4809,
        "eval_samples_per_second": 572.054,
        "eval_steps_per_second": 71.507
    }
}
