{
    "finetuned_model": {
        "eval_loss": 4.303889751434326,
        "eval_model_preparation_time": 0.0023,
        "eval_accuracy": 0.33624925940124767,
        "eval_precision_macro": 0.3080601060581949,
        "eval_recall_macro": 0.3702512803100425,
        "eval_f1_macro": 0.2556879874235001,
        "eval_precision_micro": 0.33624925940124767,
        "eval_recall_micro": 0.33624925940124767,
        "eval_f1_micro": 0.33624925940124767,
        "eval_runtime": 4.3417,
        "eval_samples_per_second": 230.325,
        "eval_steps_per_second": 28.791
    }
}
