{
    "finetuned_model": {
        "eval_loss": 4.646323204040527,
        "eval_model_preparation_time": 0.0023,
        "eval_accuracy": 0.3859826438504165,
        "eval_precision_macro": 0.3353704250712213,
        "eval_recall_macro": 0.4146741089092927,
        "eval_f1_macro": 0.32351867046089816,
        "eval_precision_micro": 0.3859826438504165,
        "eval_recall_micro": 0.3859826438504165,
        "eval_f1_micro": 0.3859826438504165,
        "eval_runtime": 4.3758,
        "eval_samples_per_second": 228.531,
        "eval_steps_per_second": 28.566
    }
}
