{
    "finetuned_model": {
        "eval_loss": 3.3809828758239746,
        "eval_model_preparation_time": 0.0022,
        "eval_precision": 0.277225281499137,
        "eval_recall": 0.25832886574251357,
        "eval_f1": 0.26744370440849985,
        "eval_accuracy": 0.6643609693075476,
        "eval_runtime": 19.9498,
        "eval_samples_per_second": 501.257,
        "eval_steps_per_second": 62.657
    }
}
