{
    "finetuned_model": {
        "eval_loss": 1.7934117317199707,
        "eval_model_preparation_time": 0.0021,
        "eval_precision": 0.39459325396825395,
        "eval_recall": 0.24370069694416788,
        "eval_f1": 0.3013114909331945,
        "eval_accuracy": 0.6926009981192369,
        "eval_runtime": 19.5172,
        "eval_samples_per_second": 512.369,
        "eval_steps_per_second": 64.046
    }
}
