{
    "finetuned_model": {
        "eval_loss": 5.265701770782471,
        "eval_model_preparation_time": 0.0023,
        "eval_accuracy": 0.33783783783783783,
        "eval_precision_macro": 0.28885281385281386,
        "eval_recall_macro": 0.2909400123685838,
        "eval_f1_macro": 0.2508601048074732,
        "eval_precision_micro": 0.33783783783783783,
        "eval_recall_micro": 0.33783783783783783,
        "eval_f1_micro": 0.33783783783783783,
        "eval_runtime": 0.0564,
        "eval_samples_per_second": 177.367,
        "eval_steps_per_second": 35.473
    }
}