{
    "finetuned_model": {
        "eval_loss": 1.9453561305999756,
        "eval_model_preparation_time": 0.0022,
        "eval_accuracy": 0.7150463419443897,
        "eval_precision_macro": 0.45654290774669065,
        "eval_recall_macro": 0.4649412575529647,
        "eval_f1_macro": 0.42524209635215987,
        "eval_precision_micro": 0.7150463419443897,
        "eval_recall_micro": 0.7150463419443897,
        "eval_f1_micro": 0.7150463419443897,
        "eval_runtime": 4.4604,
        "eval_samples_per_second": 234.731,
        "eval_steps_per_second": 29.369
    }
}