{
    "finetuned_model": {
        "eval_loss": 3.408926010131836,
        "eval_model_preparation_time": 0.0022,
        "eval_accuracy": 0.6592388089134293,
        "eval_precision_macro": 0.4591099158109617,
        "eval_recall_macro": 0.42528360057019277,
        "eval_f1_macro": 0.4053922581779055,
        "eval_precision_micro": 0.6592388089134293,
        "eval_recall_micro": 0.6592388089134293,
        "eval_f1_micro": 0.6592388089134293,
        "eval_runtime": 4.5004,
        "eval_samples_per_second": 232.645,
        "eval_steps_per_second": 29.108
    }
}