{
    "finetuned_model": {
        "eval_loss": 3.681784152984619,
        "eval_model_preparation_time": 0.0022,
        "eval_precision": 0.20103092783505155,
        "eval_recall": 0.36792452830188677,
        "eval_f1": 0.26,
        "eval_accuracy": 0.3967434471803018,
        "eval_runtime": 0.4419,
        "eval_samples_per_second": 226.271,
        "eval_steps_per_second": 29.415
    }
}
