{
    "finetuned_model": {
        "eval_loss": 3.342599868774414,
        "eval_model_preparation_time": 0.0022,
        "eval_precision": 0.2916666666666667,
        "eval_recall": 0.1875,
        "eval_f1": 0.22826086956521738,
        "eval_accuracy": 0.7137809187279152,
        "eval_runtime": 0.2408,
        "eval_samples_per_second": 415.275,
        "eval_steps_per_second": 53.986
    }
}
