{
    "finetuned_model": {
        "eval_loss": 1.7192904949188232,
        "eval_model_preparation_time": 0.0021,
        "eval_precision": 0.37777777777777777,
        "eval_recall": 0.15178571428571427,
        "eval_f1": 0.21656050955414008,
        "eval_accuracy": 0.7090694935217904,
        "eval_runtime": 0.2527,
        "eval_samples_per_second": 395.79,
        "eval_steps_per_second": 51.453
    }
}