{
    "finetuned_model": {
        "eval_loss": 2.471889019012451,
        "eval_model_preparation_time": 0.0023,
        "eval_accuracy": 0.6439339122045344,
        "eval_precision_macro": 0.3980552891326471,
        "eval_recall_macro": 0.4167521233094045,
        "eval_f1_macro": 0.3689284585812008,
        "eval_precision_micro": 0.6439339122045344,
        "eval_recall_micro": 0.6439339122045344,
        "eval_f1_micro": 0.6439339122045344,
        "eval_runtime": 4.2868,
        "eval_samples_per_second": 233.274,
        "eval_steps_per_second": 29.159
    }
}
