{
    "finetuned_model": {
        "eval_loss": 6.3698835372924805,
        "eval_model_preparation_time": 0.0023,
        "eval_accuracy": 0.3730631704410012,
        "eval_precision_macro": 0.20584761649026923,
        "eval_recall_macro": 0.18714914500356117,
        "eval_f1_macro": 0.14906043476766442,
        "eval_precision_micro": 0.3730631704410012,
        "eval_recall_micro": 0.3730631704410012,
        "eval_f1_micro": 0.3730631704410012,
        "eval_runtime": 0.3593,
        "eval_samples_per_second": 225.41,
        "eval_steps_per_second": 30.611
    }
}
