{
    "finetuned_model": {
        "eval_loss": 3.183415412902832,
        "eval_model_preparation_time": 0.0023,
        "eval_precision": 0.2717391304347826,
        "eval_recall": 0.46296296296296297,
        "eval_f1": 0.34246575342465757,
        "eval_accuracy": 0.6430661205383265,
        "eval_runtime": 0.2486,
        "eval_samples_per_second": 402.287,
        "eval_steps_per_second": 52.297
    }
}