{
    "finetuned_model": {
        "eval_loss": 3.9573094844818115,
        "eval_model_preparation_time": 0.0023,
        "eval_precision": 0.35772357723577236,
        "eval_recall": 0.41904761904761906,
        "eval_f1": 0.3859649122807018,
        "eval_accuracy": 0.6521739130434783,
        "eval_runtime": 0.2142,
        "eval_samples_per_second": 466.934,
        "eval_steps_per_second": 60.701
    }
}