{
    "finetuned_model": {
        "eval_loss": 1.1756078004837036,
        "eval_model_preparation_time": 0.0021,
        "eval_precision": 0.2719298245614035,
        "eval_recall": 0.27927927927927926,
        "eval_f1": 0.27555555555555555,
        "eval_accuracy": 0.7681793329688354,
        "eval_runtime": 0.236,
        "eval_samples_per_second": 423.771,
        "eval_steps_per_second": 55.09
    }
}