{
    "finetuned_model": {
        "eval_loss": 2.2885570526123047,
        "eval_model_preparation_time": 0.0023,
        "eval_precision": 0.35514018691588783,
        "eval_recall": 0.34234234234234234,
        "eval_f1": 0.3486238532110092,
        "eval_accuracy": 0.7938764352104976,
        "eval_runtime": 0.2253,
        "eval_samples_per_second": 443.918,
        "eval_steps_per_second": 57.709
    }
}