{
    "finetuned_model": {
        "eval_loss": 3.3903915882110596,
        "eval_model_preparation_time": 0.0023,
        "eval_precision": 0.3066595059076262,
        "eval_recall": 0.4691865242399343,
        "eval_f1": 0.3708996427411497,
        "eval_accuracy": 0.6347826086956522,
        "eval_runtime": 2.087,
        "eval_samples_per_second": 479.162,
        "eval_steps_per_second": 59.895
    }
}