{
    "finetuned_model": {
        "eval_loss": 1.3445161581039429,
        "eval_model_preparation_time": 0.0021,
        "eval_precision": 0.4154929577464789,
        "eval_recall": 0.5514018691588785,
        "eval_f1": 0.4738955823293173,
        "eval_accuracy": 0.6922442244224423,
        "eval_runtime": 0.2051,
        "eval_samples_per_second": 487.671,
        "eval_steps_per_second": 63.397
    }
}