{
    "finetuned_model": {
        "eval_loss": 3.5496160984039307,
        "eval_model_preparation_time": 0.0023,
        "eval_precision": 0.4420289855072464,
        "eval_recall": 0.5700934579439252,
        "eval_f1": 0.4979591836734694,
        "eval_accuracy": 0.6526402640264026,
        "eval_runtime": 0.2106,
        "eval_samples_per_second": 474.804,
        "eval_steps_per_second": 61.725
    }
}
