{
    "finetuned_model": {
        "eval_loss": 2.256333827972412,
        "eval_model_preparation_time": 0.0021,
        "eval_precision": 0.20075757575757575,
        "eval_recall": 0.49074074074074076,
        "eval_f1": 0.28494623655913975,
        "eval_accuracy": 0.48681640625,
        "eval_runtime": 0.4128,
        "eval_samples_per_second": 242.223,
        "eval_steps_per_second": 31.489
    }
}