{
    "finetuned_model": {
        "eval_loss": 2.9079761505126953,
        "eval_model_preparation_time": 0.0022,
        "eval_accuracy": 0.7062871441976853,
        "eval_precision_macro": 0.5356507927232299,
        "eval_recall_macro": 0.4827259416549621,
        "eval_f1_macro": 0.476155615088744,
        "eval_precision_micro": 0.7062871441976853,
        "eval_recall_micro": 0.7062871441976853,
        "eval_f1_micro": 0.7062871441976853,
        "eval_runtime": 0.6722,
        "eval_samples_per_second": 227.618,
        "eval_steps_per_second": 29.754
    }
}