{
    "finetuned_model": {
        "eval_loss": 0.6935688257217407,
        "eval_model_preparation_time": 0.0021,
        "eval_precision": 0.49172152403750247,
        "eval_recall": 0.5823293172690763,
        "eval_f1": 0.5332035474799914,
        "eval_accuracy": 0.8206684079135341,
        "eval_runtime": 18.4933,
        "eval_samples_per_second": 540.736,
        "eval_steps_per_second": 67.592
    }
}
