{
    "finetuned_model": {
        "eval_loss": 4.55785608291626,
        "eval_model_preparation_time": 0.0024,
        "eval_accuracy": 0.43064729194187584,
        "eval_precision_macro": 0.1939505014080351,
        "eval_recall_macro": 0.243814184447593,
        "eval_f1_macro": 0.18394135159221364,
        "eval_precision_micro": 0.43064729194187584,
        "eval_recall_micro": 0.43064729194187584,
        "eval_f1_micro": 0.43064729194187584,
        "eval_runtime": 0.7198,
        "eval_samples_per_second": 232.019,
        "eval_steps_per_second": 29.176
    }
}
