{
    "finetuned_model": {
        "eval_loss": 4.276617050170898,
        "eval_model_preparation_time": 0.0023,
        "eval_precision": 0.2665847665847666,
        "eval_recall": 0.18023255813953487,
        "eval_f1": 0.21506442021803765,
        "eval_accuracy": 0.6371781146109201,
        "eval_runtime": 2.0426,
        "eval_samples_per_second": 489.572,
        "eval_steps_per_second": 61.197
    }
}