{
    "finetuned_model": {
        "eval_loss": 1.419082760810852,
        "eval_model_preparation_time": 0.0021,
        "eval_precision": 0.48,
        "eval_recall": 0.4247787610619469,
        "eval_f1": 0.45070422535211263,
        "eval_accuracy": 0.7003284072249589,
        "eval_runtime": 0.2361,
        "eval_samples_per_second": 423.465,
        "eval_steps_per_second": 55.05
    }
}