{
    "finetuned_model": {
        "eval_loss": 1.555665135383606,
        "eval_model_preparation_time": 0.0021,
        "eval_precision": 0.3274745605920444,
        "eval_recall": 0.2800632911392405,
        "eval_f1": 0.3019189765458422,
        "eval_accuracy": 0.6702112967822124,
        "eval_runtime": 1.8364,
        "eval_samples_per_second": 544.545,
        "eval_steps_per_second": 68.068
    }
}
