{
    "finetuned_model": {
        "eval_loss": 7.226369380950928,
        "eval_model_preparation_time": 0.0023,
        "eval_accuracy": 0.17028985507246377,
        "eval_precision_macro": 0.1810385825954621,
        "eval_recall_macro": 0.2146699355971897,
        "eval_f1_macro": 0.14209381216254618,
        "eval_precision_micro": 0.17028985507246377,
        "eval_recall_micro": 0.17028985507246377,
        "eval_f1_micro": 0.17028985507246377,
        "eval_runtime": 0.2721,
        "eval_samples_per_second": 227.859,
        "eval_steps_per_second": 29.401
    }
}