{
    "finetuned_model": {
        "eval_loss": 9.509092330932617,
        "eval_model_preparation_time": 0.0023,
        "eval_accuracy": 0.14855072463768115,
        "eval_precision_macro": 0.13444444444444445,
        "eval_recall_macro": 0.21608118657298986,
        "eval_f1_macro": 0.12447004261342247,
        "eval_precision_micro": 0.14855072463768115,
        "eval_recall_micro": 0.14855072463768115,
        "eval_f1_micro": 0.14855072463768115,
        "eval_runtime": 0.2703,
        "eval_samples_per_second": 229.351,
        "eval_steps_per_second": 29.594
    }
}