{
    "finetuned_model": {
        "eval_loss": 4.243284702301025,
        "eval_model_preparation_time": 0.0023,
        "eval_accuracy": 0.46900489396411094,
        "eval_precision_macro": 0.22804984930453076,
        "eval_recall_macro": 0.2313299747544482,
        "eval_f1_macro": 0.184727086347708,
        "eval_precision_micro": 0.46900489396411094,
        "eval_recall_micro": 0.46900489396411094,
        "eval_f1_micro": 0.46900489396411094,
        "eval_runtime": 7.2018,
        "eval_samples_per_second": 234.664,
        "eval_steps_per_second": 29.437
    }
}
