{
    "finetuned_model": {
        "eval_loss": 3.153350591659546,
        "eval_model_preparation_time": 0.0022,
        "eval_precision": 0.3333333333333333,
        "eval_recall": 0.5590551181102362,
        "eval_f1": 0.41764705882352937,
        "eval_accuracy": 0.6774785801713586,
        "eval_runtime": 0.2672,
        "eval_samples_per_second": 374.218,
        "eval_steps_per_second": 48.648
    }
}
