{
    "finetuned_model": {
        "eval_loss": 1.045406460762024,
        "eval_model_preparation_time": 0.0021,
        "eval_precision": 0.5092592592592593,
        "eval_recall": 0.4661016949152542,
        "eval_f1": 0.48672566371681414,
        "eval_accuracy": 0.7668161434977578,
        "eval_runtime": 0.2153,
        "eval_samples_per_second": 464.429,
        "eval_steps_per_second": 60.376
    }
}
