{
    "finetuned_model": {
        "eval_loss": 1.8254163265228271,
        "eval_model_preparation_time": 0.0021,
        "eval_accuracy": 0.8317934547966497,
        "eval_precision_macro": 0.6649915928760436,
        "eval_recall_macro": 0.6256187052713778,
        "eval_f1_macro": 0.6352497570763725,
        "eval_precision_micro": 0.8317934547966497,
        "eval_recall_micro": 0.8317934547966497,
        "eval_f1_micro": 0.8317934547966497,
        "eval_runtime": 3.7941,
        "eval_samples_per_second": 230.623,
        "eval_steps_per_second": 28.993
    }
}
