{
    "finetuned_model": {
        "eval_loss": 1.0895370244979858,
        "eval_model_preparation_time": 0.0021,
        "eval_accuracy": 0.8580433468612383,
        "eval_precision_macro": 0.6234043317084498,
        "eval_recall_macro": 0.6179156300466986,
        "eval_f1_macro": 0.6125400693305623,
        "eval_precision_micro": 0.8580433468612383,
        "eval_recall_micro": 0.8580433468612383,
        "eval_f1_micro": 0.8580433468612383,
        "eval_runtime": 3.7205,
        "eval_samples_per_second": 235.183,
        "eval_steps_per_second": 29.566
    }
}