{
    "finetuned_model": {
        "eval_loss": 1.478618860244751,
        "eval_model_preparation_time": 0.0023,
        "eval_precision": 0.5806451612903226,
        "eval_recall": 0.6681222707423581,
        "eval_f1": 0.6213197969543148,
        "eval_accuracy": 0.8542299349240781,
        "eval_runtime": 1.9925,
        "eval_samples_per_second": 501.887,
        "eval_steps_per_second": 62.736
    }
}