{
    "finetuned_model": {
        "eval_loss": 1.5722756385803223,
        "eval_model_preparation_time": 0.0022,
        "eval_precision": 0.6129133070816926,
        "eval_recall": 0.6808776558811276,
        "eval_f1": 0.6451103582119009,
        "eval_accuracy": 0.8461870355785365,
        "eval_runtime": 18.7839,
        "eval_samples_per_second": 532.371,
        "eval_steps_per_second": 66.546
    }
}