{
    "finetuned_model": {
        "eval_loss": 3.3055925369262695,
        "eval_model_preparation_time": 0.0021,
        "eval_precision": 0.1111111111111111,
        "eval_recall": 0.07339449541284404,
        "eval_f1": 0.08839779005524863,
        "eval_accuracy": 0.46328437917222964,
        "eval_runtime": 0.2535,
        "eval_samples_per_second": 394.542,
        "eval_steps_per_second": 51.29
    }
}
