{
    "finetuned_model": {
        "eval_loss": 4.3000922203063965,
        "eval_model_preparation_time": 0.0024,
        "eval_precision": 0.2755102040816326,
        "eval_recall": 0.5142857142857142,
        "eval_f1": 0.35880398671096336,
        "eval_accuracy": 0.5896774193548387,
        "eval_runtime": 0.2442,
        "eval_samples_per_second": 409.49,
        "eval_steps_per_second": 53.234
    }
}