{
    "finetuned_model": {
        "eval_loss": 2.988537073135376,
        "eval_model_preparation_time": 0.0023,
        "eval_accuracy": 0.739505369345916,
        "eval_precision_macro": 0.5677390968536603,
        "eval_recall_macro": 0.5612505829155459,
        "eval_f1_macro": 0.5301322374532789,
        "eval_precision_micro": 0.739505369345916,
        "eval_recall_micro": 0.739505369345916,
        "eval_f1_micro": 0.739505369345916,
        "eval_runtime": 4.3316,
        "eval_samples_per_second": 230.862,
        "eval_steps_per_second": 28.858
    }
}