{
    "finetuned_model": {
        "eval_loss": 1.352561354637146,
        "eval_model_preparation_time": 0.0021,
        "eval_precision": 0.4473684210526316,
        "eval_recall": 0.6296296296296297,
        "eval_f1": 0.5230769230769231,
        "eval_accuracy": 0.7011927181418707,
        "eval_runtime": 0.2523,
        "eval_samples_per_second": 396.276,
        "eval_steps_per_second": 51.516
    }
}
