{
    "finetuned_model": {
        "eval_loss": 2.0398802757263184,
        "eval_model_preparation_time": 0.002,
        "eval_precision": 0.33663366336633666,
        "eval_recall": 0.2956521739130435,
        "eval_f1": 0.3148148148148148,
        "eval_accuracy": 0.5680473372781065,
        "eval_runtime": 0.2106,
        "eval_samples_per_second": 474.858,
        "eval_steps_per_second": 61.731
    }
}