{
    "finetuned_model": {
        "eval_loss": 4.48736572265625,
        "eval_model_preparation_time": 0.0023,
        "eval_precision": 0.3391304347826087,
        "eval_recall": 0.3391304347826087,
        "eval_f1": 0.3391304347826087,
        "eval_accuracy": 0.5996055226824457,
        "eval_runtime": 0.2319,
        "eval_samples_per_second": 431.257,
        "eval_steps_per_second": 56.063
    }
}