{
    "finetuned_model": {
        "eval_loss": 1.7443385124206543,
        "eval_model_preparation_time": 0.0023,
        "eval_precision": 0.28703703703703703,
        "eval_recall": 0.27927927927927926,
        "eval_f1": 0.2831050228310502,
        "eval_accuracy": 0.8391666666666666,
        "eval_runtime": 0.3303,
        "eval_samples_per_second": 302.749,
        "eval_steps_per_second": 39.357
    }
}
