{
    "finetuned_model": {
        "eval_loss": 1.864246129989624,
        "eval_model_preparation_time": 0.0023,
        "eval_accuracy": 0.7534676154866723,
        "eval_precision_macro": 0.5973102009998855,
        "eval_recall_macro": 0.7112834488402422,
        "eval_f1_macro": 0.6133370813800277,
        "eval_precision_micro": 0.7534676154866723,
        "eval_recall_micro": 0.7534676154866723,
        "eval_f1_micro": 0.7534676154866723,
        "eval_runtime": 4.3312,
        "eval_samples_per_second": 230.885,
        "eval_steps_per_second": 28.861
    }
}
