{
    "finetuned_model": {
        "eval_loss": 0.9215643405914307,
        "eval_model_preparation_time": 0.0021,
        "eval_precision": 0.5300647548566142,
        "eval_recall": 0.6372112917023096,
        "eval_f1": 0.5787204288544459,
        "eval_accuracy": 0.7692229592527413,
        "eval_runtime": 17.2696,
        "eval_samples_per_second": 579.051,
        "eval_steps_per_second": 72.381
    }
}
