{
    "finetuned_model": {
        "exact_match": 47.64705882352941,
        "f1": 62.38743256243648
    }
}
