{
    "finetuned_model": {
        "eval_loss": 1.9495985507965088,
        "eval_model_preparation_time": 0.0023,
        "eval_accuracy": 0.818297331639136,
        "eval_precision_macro": 0.6261422498523834,
        "eval_recall_macro": 0.6463782209980145,
        "eval_f1_macro": 0.6133190832966318,
        "eval_precision_micro": 0.818297331639136,
        "eval_recall_micro": 0.818297331639136,
        "eval_f1_micro": 0.818297331639136,
        "eval_runtime": 3.8236,
        "eval_samples_per_second": 230.41,
        "eval_steps_per_second": 29.03
    }
}