{
    "finetuned_model": {
        "exact_match": 41.596638655462186,
        "f1": 58.21955360701437
    }
}