{
    "finetuned_model": {
        "exact_match": 41.00840336134454,
        "f1": 58.198469764527914
    }
}