{
    "finetuned_model": {
        "eval_loss": 2.4293341636657715,
        "eval_model_preparation_time": 0.0021,
        "eval_precision": 0.32558139534883723,
        "eval_recall": 0.5384615384615384,
        "eval_f1": 0.4057971014492754,
        "eval_accuracy": 0.4352818371607516,
        "eval_runtime": 0.2925,
        "eval_samples_per_second": 341.873,
        "eval_steps_per_second": 44.443
    }
}
