{
    "finetuned_model": {
        "eval_loss": 1.6191155910491943,
        "eval_model_preparation_time": 0.0023,
        "eval_precision": 0.7111111111111111,
        "eval_recall": 0.7441860465116279,
        "eval_f1": 0.7272727272727273,
        "eval_accuracy": 0.8706382978723404,
        "eval_runtime": 0.2165,
        "eval_samples_per_second": 461.987,
        "eval_steps_per_second": 60.058
    }
}
