{
    "finetuned_model": {
        "eval_loss": 1.358265995979309,
        "eval_model_preparation_time": 0.0021,
        "eval_precision": 0.1732283464566929,
        "eval_recall": 0.36363636363636365,
        "eval_f1": 0.23466666666666663,
        "eval_accuracy": 0.6993339676498572,
        "eval_runtime": 0.2946,
        "eval_samples_per_second": 339.485,
        "eval_steps_per_second": 44.133
    }
}
