{
    "finetuned_model": {
        "eval_loss": 0.539923906326294,
        "eval_model_preparation_time": 0.0021,
        "eval_precision": 0.6089082020640956,
        "eval_recall": 0.6753012048192771,
        "eval_f1": 0.6403884604398743,
        "eval_accuracy": 0.8669732112975278,
        "eval_runtime": 18.5705,
        "eval_samples_per_second": 538.49,
        "eval_steps_per_second": 67.311
    }
}
