{
    "finetuned_model": {
        "eval_loss": 1.6584652662277222,
        "eval_model_preparation_time": 0.0021,
        "eval_accuracy": 0.7937116564417178,
        "eval_precision_macro": 0.5570074041665426,
        "eval_recall_macro": 0.5890343549683099,
        "eval_f1_macro": 0.5563793967148203,
        "eval_precision_micro": 0.7937116564417178,
        "eval_recall_micro": 0.7937116564417178,
        "eval_f1_micro": 0.7937116564417178,
        "eval_runtime": 4.5787,
        "eval_samples_per_second": 231.723,
        "eval_steps_per_second": 29.047
    }
}
