{
    "finetuned_model": {
        "eval_loss": 3.1106109619140625,
        "eval_model_preparation_time": 0.0024,
        "eval_accuracy": 0.7169478527607362,
        "eval_precision_macro": 0.5089053479721103,
        "eval_recall_macro": 0.5109465079657675,
        "eval_f1_macro": 0.48283739436461,
        "eval_precision_micro": 0.7169478527607362,
        "eval_recall_micro": 0.7169478527607362,
        "eval_f1_micro": 0.7169478527607362,
        "eval_runtime": 4.5784,
        "eval_samples_per_second": 231.742,
        "eval_steps_per_second": 29.05
    }
}