{
    "finetuned_model": {
        "eval_loss": 0.5962239503860474,
        "eval_model_preparation_time": 0.0021,
        "eval_precision": 0.6426010205488898,
        "eval_recall": 0.728787049346993,
        "eval_f1": 0.6829858184616511,
        "eval_accuracy": 0.8608551266085512,
        "eval_runtime": 19.3419,
        "eval_samples_per_second": 517.013,
        "eval_steps_per_second": 64.627
    }
}
