{
    "finetuned_model": {
        "eval_loss": 4.323243141174316,
        "eval_model_preparation_time": 0.0021,
        "eval_accuracy": 0.48477284073889165,
        "eval_precision_macro": 0.4585162590248076,
        "eval_recall_macro": 0.3978295464635828,
        "eval_f1_macro": 0.399966854503678,
        "eval_precision_micro": 0.48477284073889165,
        "eval_recall_micro": 0.48477284073889165,
        "eval_f1_micro": 0.48477284073889165,
        "eval_runtime": 4.7367,
        "eval_samples_per_second": 234.339,
        "eval_steps_per_second": 29.345
    }
}