{
    "finetuned_model": {
        "eval_loss": 0.7570989727973938,
        "eval_model_preparation_time": 0.0021,
        "eval_precision": 0.5742035742035742,
        "eval_recall": 0.6880819366852886,
        "eval_f1": 0.626005929690809,
        "eval_accuracy": 0.8374222529371113,
        "eval_runtime": 1.8671,
        "eval_samples_per_second": 535.587,
        "eval_steps_per_second": 66.948
    }
}
