{
    "finetuned_model": {
        "eval_loss": 2.321460247039795,
        "eval_model_preparation_time": 0.0023,
        "eval_accuracy": 0.7017353579175705,
        "eval_precision_macro": 0.5565458700543979,
        "eval_recall_macro": 0.6086316188071541,
        "eval_f1_macro": 0.5564178918773702,
        "eval_precision_micro": 0.7017353579175705,
        "eval_recall_micro": 0.7017353579175705,
        "eval_f1_micro": 0.7017353579175705,
        "eval_runtime": 0.2652,
        "eval_samples_per_second": 226.23,
        "eval_steps_per_second": 30.164
    }
}