{
    "finetuned_model": {
        "eval_loss": 1.2098820209503174,
        "eval_model_preparation_time": 0.0022,
        "eval_precision": 0.42669880970317914,
        "eval_recall": 0.48920366211780963,
        "eval_f1": 0.4558184451955577,
        "eval_accuracy": 0.7372334045792136,
        "eval_runtime": 18.7622,
        "eval_samples_per_second": 532.986,
        "eval_steps_per_second": 66.623
    }
}