{
    "finetuned_model": {
        "eval_loss": 0.4862269163131714,
        "eval_model_preparation_time": 0.0021,
        "eval_precision": 0.6203868668872486,
        "eval_recall": 0.717756183745583,
        "eval_f1": 0.6655290102389078,
        "eval_accuracy": 0.8822062031073103,
        "eval_runtime": 18.6249,
        "eval_samples_per_second": 536.914,
        "eval_steps_per_second": 67.114
    }
}