{
    "finetuned_model": {
        "eval_loss": 0.8816630840301514,
        "eval_model_preparation_time": 0.0021,
        "eval_accuracy": 0.8702840602462837,
        "eval_precision_macro": 0.6602026074626547,
        "eval_recall_macro": 0.6972582950982329,
        "eval_f1_macro": 0.6661189710096488,
        "eval_precision_micro": 0.8702840602462837,
        "eval_recall_micro": 0.8702840602462837,
        "eval_f1_micro": 0.8702840602462837,
        "eval_runtime": 5.2446,
        "eval_samples_per_second": 232.428,
        "eval_steps_per_second": 29.173
    }
}
