{
    "finetuned_model": {
        "eval_loss": 2.796828508377075,
        "eval_model_preparation_time": 0.0021,
        "eval_precision": 0.26558265582655827,
        "eval_recall": 0.0789685737308622,
        "eval_f1": 0.12173913043478261,
        "eval_accuracy": 0.5795266272189349,
        "eval_runtime": 2.017,
        "eval_samples_per_second": 495.778,
        "eval_steps_per_second": 61.972
    }
}
