{
    "finetuned_model": {
        "eval_loss": 4.350085735321045,
        "eval_model_preparation_time": 0.0022,
        "eval_accuracy": 0.5567343173431735,
        "eval_precision_macro": 0.3605644382571642,
        "eval_recall_macro": 0.42989601440473507,
        "eval_f1_macro": 0.37155753832123445,
        "eval_precision_micro": 0.5567343173431735,
        "eval_recall_micro": 0.5567343173431735,
        "eval_f1_micro": 0.5567343173431735,
        "eval_runtime": 0.5222,
        "eval_samples_per_second": 229.777,
        "eval_steps_per_second": 28.722
    }
}
