{
    "finetuned_model": {
        "eval_loss": 1.6578361988067627,
        "eval_model_preparation_time": 0.0021,
        "eval_precision": 0.3078125,
        "eval_recall": 0.1682322801024765,
        "eval_f1": 0.21755935946990612,
        "eval_accuracy": 0.7258447103473723,
        "eval_runtime": 2.1052,
        "eval_samples_per_second": 475.015,
        "eval_steps_per_second": 59.377
    }
}
