{
    "finetuned_model": {
        "eval_loss": 1.3930203914642334,
        "eval_model_preparation_time": 0.0021,
        "eval_accuracy": 0.7669902912621359,
        "eval_precision_macro": 0.3743328697826962,
        "eval_recall_macro": 0.3857721846068201,
        "eval_f1_macro": 0.36431162209433643,
        "eval_precision_micro": 0.7669902912621359,
        "eval_recall_micro": 0.7669902912621359,
        "eval_f1_micro": 0.7669902912621359,
        "eval_runtime": 0.6329,
        "eval_samples_per_second": 230.68,
        "eval_steps_per_second": 30.02
    }
}