{
    "finetuned_model": {
        "eval_loss": 2.7078053951263428,
        "eval_model_preparation_time": 0.0022,
        "eval_accuracy": 0.6976421636615812,
        "eval_precision_macro": 0.40022447395621585,
        "eval_recall_macro": 0.38278467681605755,
        "eval_f1_macro": 0.3637868298081433,
        "eval_precision_micro": 0.6976421636615812,
        "eval_recall_micro": 0.6976421636615812,
        "eval_f1_micro": 0.6976421636615812,
        "eval_runtime": 0.6318,
        "eval_samples_per_second": 231.069,
        "eval_steps_per_second": 30.071
    }
}
