{
    "finetuned_model": {
        "eval_loss": 2.1443324089050293,
        "eval_model_preparation_time": 0.0021,
        "eval_precision": 0.273972602739726,
        "eval_recall": 0.2,
        "eval_f1": 0.23121387283236994,
        "eval_accuracy": 0.6445610687022901,
        "eval_runtime": 0.3075,
        "eval_samples_per_second": 325.23,
        "eval_steps_per_second": 42.28
    }
}