{
    "finetuned_model": {
        "eval_loss": 2.976491928100586,
        "eval_model_preparation_time": 0.0023,
        "eval_accuracy": 0.5305976167010125,
        "eval_precision_macro": 0.40623693470457684,
        "eval_recall_macro": 0.44527601965376307,
        "eval_f1_macro": 0.32917807059092763,
        "eval_precision_micro": 0.5305976167010125,
        "eval_recall_micro": 0.5305976167010125,
        "eval_f1_micro": 0.5305976167010125,
        "eval_runtime": 4.3281,
        "eval_samples_per_second": 231.046,
        "eval_steps_per_second": 28.881
    }
}
