{
    "finetuned_model": {
        "eval_loss": 3.5352578163146973,
        "eval_model_preparation_time": 0.0024,
        "eval_accuracy": 0.5528178478630947,
        "eval_precision_macro": 0.40928931303295785,
        "eval_recall_macro": 0.4490450119364403,
        "eval_f1_macro": 0.354713427607867,
        "eval_precision_micro": 0.5528178478630947,
        "eval_recall_micro": 0.5528178478630947,
        "eval_f1_micro": 0.5528178478630947,
        "eval_runtime": 4.354,
        "eval_samples_per_second": 229.674,
        "eval_steps_per_second": 28.709
    }
}