{
    "finetuned_model": {
        "eval_loss": 2.3397622108459473,
        "eval_model_preparation_time": 0.0021,
        "eval_precision": 0.19811320754716982,
        "eval_recall": 0.4,
        "eval_f1": 0.26498422712933756,
        "eval_accuracy": 0.44156626506024094,
        "eval_runtime": 0.2997,
        "eval_samples_per_second": 333.699,
        "eval_steps_per_second": 43.381
    }
}