{
    "finetuned_model": {
        "eval_loss": 6.530036449432373,
        "eval_model_preparation_time": 0.0024,
        "eval_accuracy": 0.4057480980557904,
        "eval_precision_macro": 0.3866396164532701,
        "eval_recall_macro": 0.3090275447666505,
        "eval_f1_macro": 0.26672806180573116,
        "eval_precision_micro": 0.4057480980557904,
        "eval_recall_micro": 0.4057480980557904,
        "eval_f1_micro": 0.4057480980557904,
        "eval_runtime": 0.4104,
        "eval_samples_per_second": 229.021,
        "eval_steps_per_second": 29.237
    }
}
