{
    "finetuned_model": {
        "eval_loss": 6.033502578735352,
        "eval_model_preparation_time": 0.0023,
        "eval_accuracy": 0.24096385542168675,
        "eval_precision_macro": 0.2762515262515262,
        "eval_recall_macro": 0.22435897435897434,
        "eval_f1_macro": 0.1851209503729398,
        "eval_precision_micro": 0.24096385542168675,
        "eval_recall_micro": 0.24096385542168675,
        "eval_f1_micro": 0.24096385542168675,
        "eval_runtime": 0.0458,
        "eval_samples_per_second": 174.852,
        "eval_steps_per_second": 21.856
    }
}