{
    "finetuned_model": {
        "eval_loss": 2.190732717514038,
        "eval_model_preparation_time": 0.0023,
        "eval_accuracy": 0.677559786394242,
        "eval_precision_macro": 0.44249072391083016,
        "eval_recall_macro": 0.5355810339458009,
        "eval_f1_macro": 0.4240059856574891,
        "eval_precision_micro": 0.677559786394242,
        "eval_recall_micro": 0.677559786394242,
        "eval_f1_micro": 0.677559786394242,
        "eval_runtime": 4.3149,
        "eval_samples_per_second": 231.753,
        "eval_steps_per_second": 28.969
    }
}
