{
    "finetuned_model": {
        "eval_loss": 3.2945287227630615,
        "eval_model_preparation_time": 0.0024,
        "eval_accuracy": 0.665660552588809,
        "eval_precision_macro": 0.45341759622248046,
        "eval_recall_macro": 0.4950275700419142,
        "eval_f1_macro": 0.4227751522481,
        "eval_precision_micro": 0.665660552588809,
        "eval_recall_micro": 0.665660552588809,
        "eval_f1_micro": 0.665660552588809,
        "eval_runtime": 4.2988,
        "eval_samples_per_second": 232.623,
        "eval_steps_per_second": 29.078
    }
}
