{
    "finetuned_model": {
        "exact_match": 27.899159663865547,
        "f1": 46.89493497784935
    }
}