{
    "finetuned_model": {
        "eval_loss": 1.475809097290039,
        "eval_model_preparation_time": 0.0021,
        "eval_precision": 0.25317460317460316,
        "eval_recall": 0.2585089141004862,
        "eval_f1": 0.2558139534883721,
        "eval_accuracy": 0.7029490067581405,
        "eval_runtime": 2.061,
        "eval_samples_per_second": 485.197,
        "eval_steps_per_second": 60.65
    }
}