{
    "finetuned_model": {
        "eval_loss": 3.500723361968994,
        "eval_model_preparation_time": 0.0023,
        "eval_precision": 0.3076923076923077,
        "eval_recall": 0.2593192868719611,
        "eval_f1": 0.2814423922603342,
        "eval_accuracy": 0.697829203358591,
        "eval_runtime": 2.0708,
        "eval_samples_per_second": 482.897,
        "eval_steps_per_second": 60.362
    }
}
