{
    "finetuned_model": {
        "eval_loss": 4.419013500213623,
        "eval_model_preparation_time": 0.0022,
        "eval_accuracy": 0.48606001936108423,
        "eval_precision_macro": 0.3809006739441283,
        "eval_recall_macro": 0.34029919560619326,
        "eval_f1_macro": 0.297488164679592,
        "eval_precision_micro": 0.48606001936108423,
        "eval_recall_micro": 0.48606001936108423,
        "eval_f1_micro": 0.48606001936108423,
        "eval_runtime": 3.8744,
        "eval_samples_per_second": 232.297,
        "eval_steps_per_second": 29.166
    }
}
