{
    "finetuned_model": {
        "eval_loss": 2.138688325881958,
        "eval_model_preparation_time": 0.0021,
        "eval_accuracy": 0.8058746890915551,
        "eval_precision_macro": 0.588705726004723,
        "eval_recall_macro": 0.6320767822383523,
        "eval_f1_macro": 0.5730210679755758,
        "eval_precision_micro": 0.8058746890915551,
        "eval_recall_micro": 0.8058746890915551,
        "eval_f1_micro": 0.8058746890915551,
        "eval_runtime": 3.8964,
        "eval_samples_per_second": 228.927,
        "eval_steps_per_second": 28.744
    }
}