{
    "finetuned_model": {
        "eval_loss": 5.695234298706055,
        "eval_model_preparation_time": 0.0022,
        "eval_precision": 0.248,
        "eval_recall": 0.18235294117647058,
        "eval_f1": 0.21016949152542372,
        "eval_accuracy": 0.5047369845709645,
        "eval_runtime": 1.7629,
        "eval_samples_per_second": 567.237,
        "eval_steps_per_second": 70.905
    }
}
