{
    "finetuned_model": {
        "eval_loss": 2.3779666423797607,
        "eval_model_preparation_time": 0.0021,
        "eval_accuracy": 0.577922077922078,
        "eval_precision_macro": 0.43539403188712694,
        "eval_recall_macro": 0.4687720985448214,
        "eval_f1_macro": 0.42274168624460307,
        "eval_precision_micro": 0.577922077922078,
        "eval_recall_micro": 0.577922077922078,
        "eval_f1_micro": 0.577922077922078,
        "eval_runtime": 2.3371,
        "eval_samples_per_second": 228.914,
        "eval_steps_per_second": 28.668
    }
}