{
    "finetuned_model": {
        "eval_loss": 1.892526388168335,
        "eval_model_preparation_time": 0.0023,
        "eval_precision": 0.6155866900175131,
        "eval_recall": 0.695351137487636,
        "eval_f1": 0.6530422666047376,
        "eval_accuracy": 0.81667763467143,
        "eval_runtime": 1.8137,
        "eval_samples_per_second": 551.361,
        "eval_steps_per_second": 68.92
    }
}