{
    "finetuned_model": {
        "eval_loss": 1.778485894203186,
        "eval_model_preparation_time": 0.0021,
        "eval_precision": 0.38666666666666666,
        "eval_recall": 0.4915254237288136,
        "eval_f1": 0.43283582089552236,
        "eval_accuracy": 0.6176744186046511,
        "eval_runtime": 0.2626,
        "eval_samples_per_second": 380.789,
        "eval_steps_per_second": 49.503
    }
}
