{
    "finetuned_model": {
        "eval_loss": 4.3020100593566895,
        "eval_model_preparation_time": 0.0023,
        "eval_precision": 0.504,
        "eval_recall": 0.5338983050847458,
        "eval_f1": 0.5185185185185185,
        "eval_accuracy": 0.6883720930232559,
        "eval_runtime": 0.2397,
        "eval_samples_per_second": 417.12,
        "eval_steps_per_second": 54.226
    }
}