{
    "finetuned_model": {
        "eval_loss": 2.0924413204193115,
        "eval_model_preparation_time": 0.0024,
        "eval_precision": 0.47619047619047616,
        "eval_recall": 0.4918032786885246,
        "eval_f1": 0.48387096774193544,
        "eval_accuracy": 0.7824037706205813,
        "eval_runtime": 0.2194,
        "eval_samples_per_second": 455.81,
        "eval_steps_per_second": 59.255
    }
}
