{
    "finetuned_model": {
        "exact_match": 41.596638655462186,
        "f1": 61.7960796736981
    }
}
