{
    "finetuned_model": {
        "eval_loss": 2.5488321781158447,
        "eval_model_preparation_time": 0.0022,
        "eval_precision": 0.423728813559322,
        "eval_recall": 0.5681818181818182,
        "eval_f1": 0.4854368932038835,
        "eval_accuracy": 0.7277227722772277,
        "eval_runtime": 0.2488,
        "eval_samples_per_second": 401.865,
        "eval_steps_per_second": 52.242
    }
}
