{
    "finetuned_model": {
        "eval_loss": 1.31723952293396,
        "eval_model_preparation_time": 0.0021,
        "eval_precision": 0.33490566037735847,
        "eval_recall": 0.5378787878787878,
        "eval_f1": 0.41279069767441856,
        "eval_accuracy": 0.6595159515951595,
        "eval_runtime": 0.2549,
        "eval_samples_per_second": 392.312,
        "eval_steps_per_second": 51.001
    }
}
