{
    "finetuned_model": {
        "eval_loss": 2.1683542728424072,
        "eval_model_preparation_time": 0.0021,
        "eval_precision": 0.23786407766990292,
        "eval_recall": 0.45794392523364486,
        "eval_f1": 0.31309904153354634,
        "eval_accuracy": 0.5208333333333334,
        "eval_runtime": 0.2719,
        "eval_samples_per_second": 367.732,
        "eval_steps_per_second": 47.805
    }
}