{
    "finetuned_model": {
        "eval_loss": 1.4755510091781616,
        "eval_model_preparation_time": 0.002,
        "eval_precision": 0.4357142857142857,
        "eval_recall": 0.5980392156862745,
        "eval_f1": 0.5041322314049588,
        "eval_accuracy": 0.6848428835489834,
        "eval_runtime": 0.2029,
        "eval_samples_per_second": 492.975,
        "eval_steps_per_second": 64.087
    }
}