{
    "finetuned_model": {
        "eval_loss": 4.060817718505859,
        "eval_model_preparation_time": 0.0022,
        "eval_precision": 0.49193548387096775,
        "eval_recall": 0.5980392156862745,
        "eval_f1": 0.5398230088495576,
        "eval_accuracy": 0.699630314232902,
        "eval_runtime": 0.248,
        "eval_samples_per_second": 403.221,
        "eval_steps_per_second": 52.419
    }
}