{
    "finetuned_model": {
        "eval_loss": 5.377233505249023,
        "eval_model_preparation_time": 0.0021,
        "eval_accuracy": 0.26349710442742386,
        "eval_precision_macro": 0.19405179330577982,
        "eval_recall_macro": 0.21097774990442675,
        "eval_f1_macro": 0.14618684685333075,
        "eval_precision_micro": 0.26349710442742386,
        "eval_recall_micro": 0.26349710442742386,
        "eval_f1_micro": 0.26349710442742386,
        "eval_runtime": 2.0604,
        "eval_samples_per_second": 228.106,
        "eval_steps_per_second": 28.635
    }
}
