{
    "finetuned_model": {
        "eval_loss": 3.4836432933807373,
        "eval_model_preparation_time": 0.0022,
        "eval_precision": 0.2641509433962264,
        "eval_recall": 0.23333333333333334,
        "eval_f1": 0.24778761061946902,
        "eval_accuracy": 0.6684397163120568,
        "eval_runtime": 0.2668,
        "eval_samples_per_second": 374.826,
        "eval_steps_per_second": 48.727
    }
}