{
    "finetuned_model": {
        "eval_loss": 2.0794811248779297,
        "eval_model_preparation_time": 0.0021,
        "eval_precision": 0.3392857142857143,
        "eval_recall": 0.15833333333333333,
        "eval_f1": 0.2159090909090909,
        "eval_accuracy": 0.6675531914893617,
        "eval_runtime": 0.2719,
        "eval_samples_per_second": 367.76,
        "eval_steps_per_second": 47.809
    }
}
