{
    "finetuned_model": {
        "eval_loss": 2.05768084526062,
        "eval_model_preparation_time": 0.0021,
        "eval_precision": 0.2857142857142857,
        "eval_recall": 0.2033898305084746,
        "eval_f1": 0.23762376237623764,
        "eval_accuracy": 0.6216216216216216,
        "eval_runtime": 0.2321,
        "eval_samples_per_second": 430.77,
        "eval_steps_per_second": 56.0
    }
}