{
    "finetuned_model": {
        "eval_loss": 4.147517681121826,
        "eval_model_preparation_time": 0.0023,
        "eval_precision": 0.21951219512195122,
        "eval_recall": 0.15254237288135594,
        "eval_f1": 0.18000000000000002,
        "eval_accuracy": 0.6111111111111112,
        "eval_runtime": 0.2357,
        "eval_samples_per_second": 424.274,
        "eval_steps_per_second": 55.156
    }
}