{
    "finetuned_model": {
        "eval_loss": 4.6935200691223145,
        "eval_model_preparation_time": 0.0021,
        "eval_accuracy": 0.407671272308578,
        "eval_precision_macro": 0.4775509818479957,
        "eval_recall_macro": 0.3089349266181206,
        "eval_f1_macro": 0.30242983259456435,
        "eval_precision_micro": 0.407671272308578,
        "eval_recall_micro": 0.407671272308578,
        "eval_f1_micro": 0.407671272308578,
        "eval_runtime": 4.289,
        "eval_samples_per_second": 234.085,
        "eval_steps_per_second": 29.377
    }
}