{
    "finetuned_model": {
        "eval_loss": 3.115354299545288,
        "eval_model_preparation_time": 0.0022,
        "eval_precision": 0.4425287356321839,
        "eval_recall": 0.6470588235294118,
        "eval_f1": 0.5255972696245733,
        "eval_accuracy": 0.7152230971128609,
        "eval_runtime": 0.2321,
        "eval_samples_per_second": 430.788,
        "eval_steps_per_second": 56.002
    }
}
