{
    "finetuned_model": {
        "eval_loss": 3.5124340057373047,
        "eval_model_preparation_time": 0.0024,
        "eval_accuracy": 0.5607284613588606,
        "eval_precision_macro": 0.4304638265902851,
        "eval_recall_macro": 0.3887793517287218,
        "eval_f1_macro": 0.37966449629059745,
        "eval_precision_micro": 0.5607284613588606,
        "eval_recall_micro": 0.5607284613588606,
        "eval_f1_micro": 0.5607284613588606,
        "eval_runtime": 4.3153,
        "eval_samples_per_second": 231.735,
        "eval_steps_per_second": 28.967
    }
}